{"loss": [0.06293653615336299, 0.052930611643824656, 0.05091118491756863], "mmd": [2.3434965238965595, 1.8308116132434749, 1.6120136122231645], "mse": [0.06259684913971927, 0.05264111938975762, 0.05061488029611692], "kld": [34.06497440938914, 21.69937271557671, 17.372850477255252], "l1": [0.003396869225749413, 0.0028949225121253394, 0.002963045865787053], "mcc": [0.0, 0.0, 0.0], "epoch": [0, 1, 2], "beta": [0.0, 0.0, 0.0], "alpha": [0.0, 0.0, 0.0]}