{"loss": [0.3216186064891132, 0.07021101917438705, 0.06364832426719863, 0.06097525975596781, 0.0591788795258041, 0.05823071203036358, 0.3711396242922483, 0.4520724793920841, 0.6060106995979123, 0.7541844115827777, 0.8992727935930475, 1.0571001532158788, 1.2179999048635914, 1.3766450156489363, 1.5346071117913882, 1.6863494690623206, 1.8234685328369478, 1.982990004639506, 2.1436385601274726, 2.2906689737184713, 2.432154353119246, 2.565290660942675, 2.719016330104811, 2.8626075692507857, 3.0123008568846843, 3.157858746442696, 3.311806068110501, 3.4505938916650094, 3.5715087403927104, 3.7502452693274315, 3.8587480200622424, 4.049937882838961, 4.212506575985884, 4.291070015426929, 4.437750814584368, 4.592051041531246, 4.701322676336043, 4.8973919883964685, 5.0025588325066614, 5.147186532506562, 5.272196570738732, 5.4434195695282614, 5.515124339296688, 5.682422284009362, 5.808424532677609, 5.925926716324145, 6.091564510210226, 6.240993112369689, 6.370089861279577, 6.522222058987864, 6.494089087848297, 6.528001490160492, 6.480141310079059, 6.51673318575545, 6.4924236562438695, 6.451001837123268, 6.415395302117487, 6.438228943147195, 6.4379995401007735, 6.413863363787201, 6.384342741578862, 6.360260661278729, 6.359367307919343, 6.341439399268461, 6.342509757820929, 6.336777252495905, 6.311867703363145, 6.32718226617337, 6.307258677095219, 6.312836864674285, 6.294828512820042, 6.287109205958762, 6.256207971840524, 6.236241862552029, 6.231908886260085, 6.215480479743315, 6.209742691175272, 6.167983224860322, 6.173660376927701, 6.1731746531307605, 6.127528485026282, 6.158951812163766, 6.091641315505282, 6.083298096452541, 6.1143290006955935, 6.084714923334615, 6.054193242437907, 6.04868945554229, 6.096847670821354, 6.001391388288805, 6.031351225414868, 6.002037888615663, 5.965599441810055, 5.967953634755122, 5.949633673691856, 5.949440110909534, 5.913356242891252, 5.891375995985338, 5.890687820654324, 5.922816073700807], "mmd": [3.5726524043822745, 1.8071042232358474, 1.8341318451671516, 2.0178035182473932, 2.184810785634479, 2.300722555360555, 0.5793324094843477, 0.3651076357597086, 0.3541927694658057, 0.34654302771809886, 0.34052625670478825, 0.33718388361451895, 0.3360824977629646, 0.33537583039905683, 0.3348748050024802, 0.3337094813497239, 0.3302357855804562, 0.33136383535414715, 0.332886539938883, 0.33197915272311235, 0.330425387053053, 0.32801156045326985, 0.32850254354572017, 0.32766133447781626, 0.32764821388432686, 0.3270259679156181, 0.3276341746133399, 0.326464530372197, 0.32385930544428493, 0.3266349731995401, 0.3231101655229332, 0.32672584039245783, 0.327862802557262, 0.32232619575506827, 0.3222555369799035, 0.32279362849770127, 0.32001844618574027, 0.3233890625891693, 0.3206053914576549, 0.32050057129722576, 0.3192234519357343, 0.32079008930366887, 0.3163454132470986, 0.31763183298015873, 0.316552791893042, 0.3151159169402749, 0.316225087691093, 0.31657847795123717, 0.31584333316966384, 0.3161494077748703, 0.3147793259455147, 0.3164949264801059, 0.31415064974056567, 0.3160584047546767, 0.31483137198177713, 0.31278964177192226, 0.31091774753576895, 0.31222495278192236, 0.31223759319264566, 0.3109843365771027, 0.3095653531206235, 0.3084680449927399, 0.30843717553150707, 0.30748293952716504, 0.30761643009400613, 0.3073925389144762, 0.3062184004875194, 0.3069562677354545, 0.30598614709327987, 0.3063279337509696, 0.30541283402872577, 0.3051062856458315, 0.30357378131353696, 0.30257318260222454, 0.30233897792623876, 0.3015233127722184, 0.3012822622562617, 0.2991741723993152, 0.2994506313098234, 0.29951129913153995, 0.29715232218738147, 0.2987726456657646, 0.2954726543172952, 0.29504537179603885, 0.2965841882117918, 0.29523147684432555, 0.2937260413627681, 0.2934600040426635, 0.2959661608124413, 0.29124548009966816, 0.292722382278703, 0.2913601389003469, 0.28953051280940123, 0.28970272867683117, 0.2888153058695476, 0.2888308786615135, 0.28709314602868774, 0.2860741798423418, 0.2860585794050901, 0.2877246073861242], "mse": [0.2036451899186547, 0.06731671617645633, 0.06178149602415819, 0.05964699678640246, 0.05828069386511293, 0.05755888910598206, 0.10691898214896285, 0.11933468724635363, 0.12230623991089698, 0.12338813556085837, 0.12446453932953373, 0.125282816335757, 0.12539107231437016, 0.12485197027993872, 0.12528334343406966, 0.1253591045032928, 0.12501604049473428, 0.1255002639186259, 0.1250456737978948, 0.1252343069041145, 0.12550135380540323, 0.12532936210470327, 0.1255162564523111, 0.12556917372227067, 0.1258289267252608, 0.12607591354908584, 0.12594400185601926, 0.12598326347735292, 0.1260467094521931, 0.12617997135114106, 0.12605684850381432, 0.12606155692958762, 0.12621419205491263, 0.12622418861005297, 0.12633248246887058, 0.12596584069632005, 0.12640009353837023, 0.1267097467884003, 0.1267185881073577, 0.1265266398449416, 0.12653514340057684, 0.12679635664032693, 0.1268555350172467, 0.1266294276036399, 0.12680781107709538, 0.12676923213584385, 0.1267340020159675, 0.12660296878707286, 0.12637479962062975, 0.12742741465392457, 0.12710419049599322, 0.12682906933337934, 0.12654261025799607, 0.12651855792393538, 0.1269402119992755, 0.12687811445846514, 0.12715445752730223, 0.126801104597098, 0.12674732599820132, 0.12729098106372655, 0.12729446258687552, 0.12655273211935597, 0.12732518467628445, 0.12756100222138217, 0.12741230173996668, 0.12717022976811915, 0.12710518174236599, 0.12746387102711323, 0.12704878809973266, 0.1270297855865128, 0.12762180213958157, 0.12738014456088292, 0.12731713516585408, 0.12747172776890295, 0.12741336131817832, 0.12772696531285563, 0.12751693790297036, 0.12740255228657843, 0.1277825371905655, 0.12785048274381122, 0.127909303823021, 0.12779012566743256, 0.12749588892326044, 0.1279684977284034, 0.12828015264239234, 0.12809968930139498, 0.12859970748292465, 0.12823893402756756, 0.12829464122630996, 0.1284406030745943, 0.12845672077143033, 0.12833573592158154, 0.12848572877608513, 0.12889759949074187, 0.12898603830062833, 0.129057906744135, 0.12899380204772667, 0.12928505413553387, 0.12898554820209698, 0.12888947437397663],