{"loss": [0.06642948356257583, 0.0567883095391744, 0.05462769664372792], "mmd": [2.2630885621117347, 1.7492408231230923, 1.5416079594078234], "mse": [0.061389340657295115, 0.0520127190708938, 0.049836678532236965], "kld": [7.992110030486233, 6.703059683874404, 6.432000635645767], "l1": [0.05040142874741044, 0.04775590549719739, 0.04791018118369263], "mcc": [0.0, 0.0, 0.0], "epoch": [0, 1, 2], "beta": [0.0, 0.0, 0.0], "alpha": [0.0, 0.0, 0.0]}