{"loss": [0.10010972136474783, 0.05886151910686598, 0.05816671786007184, 0.057474991859678325, 0.057090596184464645, 0.05665816053021782, 0.35216068035126435, 0.4420783551880317, 0.5902774661031044, 0.7222985752047957, 0.8551898198078443, 0.9790848895048989, 1.1058609202129979, 1.2336342936956723, 1.3590780515966598, 1.4697787826839543, 1.5791078360429367, 1.7101974226699446, 1.8333250888165202, 1.9458560029724323, 2.0651437369900227, 2.162816988488596, 2.293594724142393, 2.4059141331972715, 2.513854382661456, 2.630602952648653, 2.74850739897442, 2.8570532580422157, 2.961258912896476, 3.0762342286779045, 3.169887731839494, 3.2696277799423195, 3.3856054465210774, 3.4784964870667, 3.613893185619766, 3.6869284314278135, 3.7866105114163466, 3.9123679862592913, 4.017974371748098, 4.134724649403965, 4.2166425421107645, 4.338218045199463, 4.4423694744420015, 4.542669255413016, 4.652457881009033, 4.794702754239036, 4.870742837646687, 5.03125590799126, 5.113343785749405, 5.227938178723108, 5.203020732547191, 5.20708626517517, 5.189660393505012, 5.222439705709235, 5.202736010403542, 5.20433193189883, 5.190511390764921, 5.150530037182649, 5.206222005221481, 5.193710511332953, 5.147407325014934, 5.1853542120101, 5.164835562205913, 5.152031145560689, 5.179880871554421, 5.168296472008507, 5.147053585094751, 5.151021529511828, 5.141702925965212, 5.130283229636301, 5.164598201895394, 5.145644493610151, 5.149814370816004, 5.130674521715285, 5.112777033795987, 5.141599762210817, 5.122168430725616, 5.129992544915158, 5.1207605602117905, 5.1103258111804415, 5.114604238569297, 5.113133780185017, 5.082356500836912, 5.112313186048229, 5.129263653184674, 5.09499084438848, 5.112833462578507, 5.083697928283557, 5.122799061954109, 5.070809432639681, 5.081042536252358, 5.078212523213869, 5.065502913346847, 5.101369958860659, 5.0740319604887745, 5.079796852354109, 5.055077755292726, 5.0703618132029185, 5.094960729691972, 5.078690100983996], "mmd": [2.372434093821876, 2.435103061456272, 2.440823612748432, 2.4324854033032057, 2.4214840653727996, 2.454810547511722, 0.5146816872071304, 0.35374738062502187, 0.34258398966123643, 0.3286583855462039, 0.32072825936746385, 0.31050153413410553, 0.304764212894651, 0.3016954317050635, 0.29851261793774725, 0.29296696311525966, 0.2883165496534928, 0.2881213193938158, 0.2868671025888254, 0.2840801887489316, 0.2826400710877851, 0.27845249090624347, 0.27902202854040276, 0.2772310018055196, 0.2751675934215768, 0.27426348620010443, 0.2734753663157783, 0.27190357314607067, 0.270115475248727, 0.2693403984366351, 0.2667893616584414, 0.26495700878706074, 0.2646125115047001, 0.2624353048676402, 0.2636821032494879, 0.26020317433327655, 0.25883500128324133, 0.2594196376455411, 0.25860211125504845, 0.25855691768394085, 0.25634510555418766, 0.25662137037542054, 0.2558397041906106, 0.254902054499312, 0.2545805232079378, 0.2559987228457297, 0.2538331380799039, 0.2561624221822888, 0.2543873593893502, 0.2542572491190106, 0.2530462781030635, 0.253243912490115, 0.2524275444282915, 0.25406545244344403, 0.2530639119875484, 0.2531283323706693, 0.25239978107779204, 0.2504153588189684, 0.25320786882626606, 0.25255733807646896, 0.25026601825894423, 0.2522080930244271, 0.25112628868534786, 0.2504751186603281, 0.2518191772514467, 0.2512610749708849, 0.2502418627062788, 0.25045865895212843, 0.25001856354526086, 0.24940238190894642, 0.2511038878819791, 0.2501790605848614, 0.2503447331477127, 0.24942360820587137, 0.24854924867653247, 0.2499810969635866, 0.24897617456039614, 0.24940338545923219, 0.24891859185132179, 0.24844100917283682, 0.24862404304117713, 0.24856756992935253, 0.24701012708411788, 0.24851182935156885, 0.24933176838752966, 0.2476518918791761, 0.24854417059410974, 0.2471026418128077, 0.2490536744432576, 0.24640121010504937, 0.24696612811511165, 0.24683164487121023, 0.246187077645361, 0.24795957347667025, 0.24661577064846607, 0.24689802228083815, 0.24566995516485443, 0.24646568835397942, 0.2477372377406547, 0.24685088739877614], "mse": [0.07927221572645658, 0.05717724424125173, 0.057091067309877896, 0.056939546095875905, 0.05659111037278105, 0.05624303393385083, 0.11286667134596291, 0.11869250009031733, 0.1214452704395466, 0.12310919911769856, 0.12457600512171778, 0.12560270221537995, 0.12655539317620557, 0.1260110282695452, 0.12686736298452628, 0.12726889787299595, 0.12702209609209875, 0.127835335383299, 0.1275041023024428, 0.12789544938586134, 0.12810396798164136, 0.1279830345264918, 0.12787734105236598, 0.12793805171767225, 0.12822554113021453, 0.12822250667491727, 0.12827055355426656, 0.12848857859565024, 0.1279018329486713, 0.1282712468544525, 0.12857250617253024, 0.1287111233441129, 0.12846507998169612, 0.12848110874479243, 0.12828207559652482, 0.12858103815482674, 0.12898695408373498, 0.1286163697544722, 0.12871811622574902, 0.12830513861013831, 0.12835373301361652, 0.12855683228598036, 0.1285348314478267, 0.1286961245109799, 0.12822096783838385, 0.12856295456122085, 0.12861168906202697, 0.12867700386698877, 0.1284615663671247, 0.12904268604437744, 0.12859132395097037, 0.12868479907820812, 0.128145195389692, 0.12797250925526132, 0.12840567501688285, 0.12777264125678175, 0.1282156810406568, 0.12790217735918796, 0.1277669201243223, 0.1279641330858453, 0.12795342602925253, 0.12747578062062073, 0.12795863900350152, 0.12802553025006896, 0.12774947768784345, 0.12810307167789609, 0.12747747079088206, 0.12750527994539396, 0.12751778549730688, 0.1274177264669797, 0.12779445883486437, 0.12760730294656542, 0.12761038541793823, 0.1277479200102554, 0.1274450368617979, 0.12776140219351742, 0.1275708992446895, 0.1275074331301706, 0.12762969853342723, 0.12725761855238474, 0.127178657354245, 0.12746011412962502, 0.1272206855181225, 0.1278286852613862, 0.12760815422767374, 0.1276385667823266, 0.12728070550250162, 0.1273830882335519, 0.12742706186838304, 0.1273856229937059, 0.12726038785725613, 0.12687366826671617, 0.12739518798744662, 0.12744964990473215, 0.12734819944271134, 0.12729503953914698, 0.1274231911101757, 0.1273197149596503, 0.12719493105105142, 0.1273429173002215],