{
  "loss": [
    1.0373129261927339,
    1.0138458424901016,
    1.007519593675401,
    1.0043361973432408,
    1.002265319780205,
    1.0008650822756637,
    0.9997797793724656,
    0.9989508602317914,
    0.9983077204642309,
    0.9978055010803087,
    0.9974085551196238,
    0.9970984323164226,
    0.9968481939808752,
    0.996652987364062,
    0.9964919336659661,
    0.9963632008820322,
    0.9962523794537012,
    0.9961552554359308,
    0.9960491664691862,
    0.9959198227915456,
    0.9956730617628707,
    0.9951922864528522,
    0.9939498338554213,
    0.9920212259178999,
    0.9905663249765353,
    0.9898220610333096,
    0.9890722633969447,
    0.9883620252227997,
    0.9875010173636303,
    0.986717407670984,
    0.985681848438568,
    0.9849046507841693,
    0.9844071561519651,
    0.983881579650464,
    0.9834142549088193,
    0.9834137004525403,
    0.9829379808981549,
    0.9824254128557348,
    0.9820785525509198,
    0.9813207114472924,
    0.9804074186494824,
    0.97970937087052,
    0.9790898455903762,
    0.9782712518373332,
    0.9773321431875972,
    0.977113607549245,
    0.9759951581365527,
    0.9749166146617765,
    0.9741979040185962,
    0.9737517978093178,
    0.9733157797809608,
    0.9723672922805195,
    0.972203753580993,
    0.9717064698289365,
    0.9706835374951704,
    0.9697870568650997,
    0.969410649518561,
    0.9687347762733679,
    0.9683286697174287,
    0.9678953187608713,
    0.967869410903522,
    0.9673891005424455,
    0.9670988051570442,
    0.9667207864628359,
    0.9663353523471133,
    0.9656073441600003,
    0.965362801179485,
    0.9647452260871859,
    0.9643808911978878,
    0.9640445413547248,
    0.9637570934981439,
    0.9636159558032715,
    0.9631644002856259,
    0.9627791109399723,
    0.9626085673898804,
    0.962189592215669,
    0.9620981539843667,
    0.9618314201730407,
    0.9616486774918979,
    0.9614518060415957,
    0.9613598309447079,
    0.961113919845406,
    0.9606655129801086,
    0.9605214040416485,
    0.9603845995903253,
    0.9600954476223037,
    0.9601680450164664,
    0.9598074279343589,
    0.9594664377316849,
    0.9594207130808389,
    0.9592505356193972,
    0.9592267417678724,
    0.9598084398453203,
    0.9593260394258513,
    0.9595812639497797,
    0.9589074540200697,
    0.9589406009756509,
    0.9584136482811902,
    0.958072940845568,
    0.9579287261027297
  ],
  "val_loss": [
    1.0612165927886963,
    1.0496658086776733,
    1.0450087785720825,
    1.0422114133834839,
    1.0403800010681152,
    1.0390652418136597,
    1.0380829572677612,
    1.0373305082321167,
    1.036749243736267,
    1.0362975597381592,
    1.0359437465667725,
    1.0356632471084595,
    1.0354440212249756,
    1.0352674722671509,
    1.0351287126541138,
    1.0350154638290405,
    1.0349217653274536,
    1.0348387956619263,
    1.0347411632537842,
    1.0345669984817505,
    1.0342631340026855,
    1.0334173440933228,
    1.0306508541107178,
    1.0280001163482666,
    1.0278377532958984,
    1.027351975440979,
    1.0263664722442627,
    1.025661826133728,
    1.025769591331482,
    1.025478720664978,
    1.0254099369049072,
    1.0256739854812622,
    1.0253279209136963,
    1.0246853828430176,
    1.0243598222732544,
    1.024548053741455,
    1.024399995803833,
    1.0252045392990112,
    1.0244072675704956,
    1.0242195129394531,
    1.0241210460662842,
    1.0239678621292114,
    1.0237056016921997,
    1.0235730409622192,
    1.0232243537902832,
    1.0229132175445557,
    1.022943139076233,
    1.0225790739059448,
    1.0226866006851196,
    1.0223757028579712,
    1.0226197242736816,
    1.022597312927246,
    1.0226529836654663,
    1.022651195526123,
    1.0221595764160156,
    1.0224766731262207,
    1.022252082824707,
    1.022241234779358,
    1.0220781564712524,
    1.0218483209609985,
    1.022165298461914,
    1.0220240354537964,
    1.0219746828079224,
    1.0220856666564941,
    1.0220948457717896,
    1.0220849514007568,
    1.0226575136184692,
    1.0220707654953003,
    1.0221421718597412,
    1.021824598312378,
    1.0222361087799072,
    1.0222584009170532,
    1.0228660106658936,
    1.0227586030960083,
    1.0225441455841064,
    1.023170828819275,
    1.022481083869934,
    1.0226703882217407,
    1.0226517915725708,
    1.0235267877578735,
    1.0226043462753296,
    1.0235916376113892,
    1.023088812828064,
    1.0236170291900635,
    1.0231797695159912,
    1.023755431175232,
    1.0227034091949463,
    1.0230541229248047,
    1.0237475633621216,
    1.0230915546417236,
    1.02293062210083,
    1.0239129066467285,
    1.0235912799835205,
    1.0230152606964111,
    1.0232257843017578,
    1.024140477180481,
    1.0247074365615845,
    1.0243251323699951,
    1.024017095565796,
    1.0242605209350586
  ]
}