{
  "loss": [
    1.9945543543384852,
    1.954641116533127,
    1.890084387111446,
    1.86152010861309,
    1.8365599956725291,
    1.8197532195050856,
    1.8112055391881963,
    1.806176160937664,
    1.8029542135581613,
    1.7969079144013704,
    1.7930536769593153,
    1.789394472173226,
    1.7881132881864508,
    1.7844607773209296,
    1.7817694842739817,
    1.778717404780822,
    1.7772384137935575,
    1.7759797221175795,
    1.7747860469402108,
    1.7745773687962496,
    1.772660339873302,
    1.77296835820505,
    1.7721223799431955,
    1.774360203301577,
    1.7706087853380668,
    1.7702489488777278,
    1.7687204015336604,
    1.7696680342095956,
    1.768001965178834,
    1.7665278694214266,
    1.7663005001799514,
    1.769014496655746,
    1.7678879647880166,
    1.7651748918440933,
    1.7647281630584017,
    1.7630234622967416,
    1.7615702099344195,
    1.761424561820295,
    1.7613756083123973,
    1.7616796921329272,
    1.7605366838362324,
    1.7594979609325698,
    1.75877137302657,
    1.7581416524789855,
    1.758568744292998,
    1.7586506861525382,
    1.7581954423528077,
    1.75729271895747,
    1.75635700615233,
    1.7567201704656052,
    1.757116386408495,
    1.7557612557475288,
    1.7549968405239116,
    1.7541307987309398,
    1.7544800731514785,
    1.7538560926385136,
    1.7536853687309113,
    1.7531412308088512,
    1.7518938346287638,
    1.7512566187706449,
    1.7512982230243301,
    1.7507646467490394,
    1.7501220965548696,
    1.7494904765495032,
    1.750200222628751,
    1.7496684282647756,
    1.7483335370918291,
    1.7481137197573355,
    1.7462810715110115,
    1.7460380700709037,
    1.7456606636185226,
    1.745768670862833,
    1.7448904728363408,
    1.7446595783194945,
    1.7441794253411464,
    1.7422954941835918,
    1.7429704939747654,
    1.7415096783680326,
    1.7411468560823231,
    1.7402476279106112,
    1.741447620938461,
    1.7408655302614662,
    1.7394167627745283,
    1.7412531123740582,
    1.7391874892984343,
    1.738913712965907,
    1.7394128097606256,
    1.7375014630060586,
    1.736976568541066,
    1.7385582333133514,
    1.7390812510558866,
    1.7375289727793168,
    1.7370071353689838,
    1.7348622145641888,
    1.7343616809392683,
    1.733005214517503,
    1.7328206232106236,
    1.7321412684558886,
    1.7315519535689676,
    1.7312512407440719
  ],
  "val_loss": [
    2.055051886327735,
    1.9926654617536013,
    1.9570052580202006,
    1.9312806183889033,
    1.906366346089263,
    1.8972132271283293,
    1.8891211775339902,
    1.8868242954010288,
    1.883563861455003,
    1.8812875127139157,
    1.876405655521236,
    1.876132187233668,
    1.8731798565006692,
    1.8735465883664344,
    1.870306251255889,
    1.8674769189259777,
    1.8675045961658705,
    1.8680137080144665,
    1.8677475626610185,
    1.8671368398622834,
    1.865030345851428,
    1.866187853900265,
    1.8681419080795219,
    1.8673101554722547,
    1.8660597773991763,
    1.8661973182469198,
    1.8660773278371383,
    1.865329773458716,
    1.862410765260322,
    1.864383210330249,
    1.8631706232349623,
    1.8694372051927053,
    1.8642675707873688,
    1.8630572916710213,
    1.862488169103997,
    1.8609807741696431,
    1.860542422560252,
    1.860446327353177,
    1.8619281445464042,
    1.8605345405944407,
    1.8601663558994799,
    1.861158708459166,
    1.8617774830561251,
    1.8628845225730444,
    1.8626357540148033,
    1.862492897739149,
    1.8646187150859397,
    1.8614437792399159,
    1.8614040106943208,
    1.8634453897606837,
    1.865710531195549,
    1.8624074214125332,
    1.8638343146946876,
    1.8618133683182878,
    1.863920513897726,
    1.863944185378889,
    1.8650644233781997,
    1.8624013063570135,
    1.863089908203578,
    1.8672207261873708,
    1.867418923334444,
    1.8639851079139536,
    1.8639871410038917,
    1.8655197849012402,
    1.8670115900910609,
    1.8655365438766132,
    1.8680206058232207,
    1.8692150311927274,
    1.8687773768760298,
    1.8672639599673824,
    1.8678088166398001,
    1.870022597922582,
    1.869295352125821,
    1.8691416902629208,
    1.8705987766997454,
    1.8674401932111069,
    1.8700845960068375,
    1.8695493120036712,
    1.8689868956396025,
    1.869979510024258,
    1.8717281747626386,
    1.8730091346453315,
    1.8723802942119232,
    1.8743617714267888,
    1.8707523286070453,
    1.87514831377491,
    1.8716996576143727,
    1.8700063615084783,
    1.8726652201996545,
    1.8757288025938756,
    1.8728737128924018,
    1.874419514991377,
    1.8721400477570487,
    1.8718757449764094,
    1.8724958765996647,
    1.8712400236086213,
    1.8738778758811079,
    1.8730518687261295,
    1.8748409633767116,
    1.872150318807663
  ]
}