{"loss": [0.06139881559475662, 0.05208919182463798, 0.049893125049780884], "dist": [0.014799115128685862, 0.009984446530597645, 0.00993659873658095], "mse": [0.06133390725913569, 0.052038392307927374, 0.04984077116807419], "kld": [7.780606866493667, 6.656934249348267, 6.534453047607287], "l1": [0.064908418171603, 0.050799504681827395, 0.052353935368480146], "mcc": [0.0, 0.0, 0.0], "epoch": [0, 1, 2], "beta": [0.0, 0.0, 0.0], "alpha": [0.0, 0.0, 0.0]}