{"loss": [0.08016161484151331, 0.057972477140947845, 0.056927702919287025, 0.05653459971641332, 0.05642493987013001, 0.056275637338881655, 0.060945939102060157, 0.06346237756300888, 0.06604448972239628, 0.06749874117895631, 0.0696171520049498, 0.08084251831782269, 0.08026953329892067, 0.08144871199412747, 0.08336977206137543, 0.0847631332022929, 0.08631672189630117, 0.08870969706131049, 0.08952881829425187, 0.09181354459006466, 0.09328070325856723, 0.09516180339688916, 0.09674432025218116, 0.09877041466479111, 0.10021417411910906, 0.1020610897170388, 0.10418488624529085, 0.10561753457282812, 0.10804687486617569, 0.10928129714031867, 0.11092210261693206, 0.11339173516591507, 0.11505425955819591, 0.11663229606132211, 0.11868314794986956, 0.12107470206795275, 0.12246087719541884, 0.12396443202717441, 0.12599619013564098, 0.12826146632212831, 0.12933580457415855, 0.13208798467672733, 0.13358607685724425, 0.13594949745093, 0.13849441959155362, 0.1414301130078744, 0.14163882320573445, 0.14418096736931907, 0.1471076179268265, 0.1474425725011565, 0.14696728632932576, 0.1478270554758245, 0.14684784251706814, 0.1467790769597452, 0.14739446508171286, 0.14705046496327906, 0.14661766785682567, 0.14640698558822868, 0.14692730446685892, 0.14788206066919746, 0.14643550140334724, 0.14648747025951853, 0.14613921380157485, 0.14605615216484802, 0.14693938813102123, 0.14667413132801718, 0.14732274180897229, 0.1468510788643906, 0.14627757826971338, 0.14637349992770388, 0.1467621888816797, 0.14654051867950615, 0.14617231608185494, 0.14619877635112014, 0.1464827521380857, 0.14600795650499787, 0.1459667172222405, 0.14728819254230008, 0.14540199888113506, 0.1453786178036666, 0.14571096349722173, 0.14606369558606225, 0.14555906972117402, 0.14592806105687664, 0.14603755459123383, 0.14555080752253005, 0.14535348454113373, 0.14467653032375755, 0.14571010732976514, 0.14513515714044234, 0.14440180199493158, 0.14619023290131258, 0.14568043677370165, 0.14464498368508708, 0.14596372554450127, 0.14537659199410385, 0.14450215101462172, 0.14381756994493602, 0.1451602954544028, 0.14492377801695108], "dist": [0.017688705863780515, 0.013685704687296617, 0.01715276829287564, 0.016852295330892064, 0.016066753105336094, 0.014872913248149164, 0.007843002194106755, 0.006687955029771018, 0.006273292947389967, 0.005560789304060457, 0.0053046785447708, 0.005889638189496019, 0.005697170723342451, 0.005416785710060658, 0.005327558677651792, 0.005106789480889301, 0.004937979458911039, 0.0049590550222402465, 0.004786443770546714, 0.004792506675348731, 0.004717458075461318, 0.004681133989628509, 0.004628987101070374, 0.004593186327043035, 0.0045121511258047345, 0.004534799093002264, 0.004503104630947124, 0.004463984552073393, 0.004470348117069686, 0.004458964038488938, 0.004401332946725333, 0.004442774783372824, 0.0044244324404641745, 0.004395529091464111, 0.004385238398826699, 0.004422436304083658, 0.004381893390268252, 0.004353884369392152, 0.0043660604088543815, 0.0043696644547446305, 0.004321695355618678, 0.0043453872196948596, 0.00434315386534348, 0.004348681971397763, 0.0043759572595162555, 0.00441654412450057, 0.004329719182284084, 0.004375914790622197, 0.004401600441621668, 0.00433761238803512, 0.004304246398162213, 0.004339188182736132, 0.004304170275610518, 0.004300731509900548, 0.0043242598867987555, 0.004305308651002991, 0.004286699014044527, 0.004295760302245892, 0.004299649813981449, 0.00435115246410362, 0.004263158445865565, 0.004288886540997195, 0.004283324535213895, 0.004258634791499007, 0.004309623329721369, 0.004297996743580813, 0.004307586210848629, 0.004312842407510059, 0.004280941218152873, 0.0042780512913599324, 0.004300448637864273, 0.004284595897141982, 0.004276677475006841, 0.0042839676633193826, 0.004277710908607056, 0.004258466797483262, 0.0042621551645215345, 0.004286243852146762, 0.004241262590774009, 0.00423461469468087, 0.004250178837005539, 0.004279825630758722, 0.004248535224962897, 0.004253337558006738, 0.00425347745242464, 0.0042509899575791515, 0.004223206704702542, 0.004203985980505528, 0.004234440771393764, 0.0042283793529935805, 0.004181056310239756, 0.004287767963947527, 0.004241968373193006, 0.004206597235843408, 0.004209965867254514, 0.004215092398742134, 0.004198191784104907, 0.004164683697380654, 0.004236500506479145, 0.004212476266685604], "mse": [0.0661958520805554, 0.05645588755695647, 0.05590942898212191, 0.05579440120712165, 0.05571862109874869, 0.05567297640984308, 0.05628396149730225, 0.056439314246661904, 0.0565178842618071, 0.05642847812004068, 0.05660393703701401, 0.060366353666632705, 0.06010317950450335, 0.0599474581439967, 0.0599566036051186, 0.05986772496886056, 0.05987514489972785, 0.05984407893355875, 0.059616329079628695, 0.059710260486144966, 0.059652591281002344, 0.05964736858908324, 0.05961366144161633, 0.059571222543848494, 0.0596466480563099, 0.05953404819111352, 0.05956004114829807, 0.05939943200332199, 0.0594358330694312, 0.05940321432302762, 0.05939295276603283, 0.059336043046883676, 0.05931014964354267, 0.05930757498371372, 0.059273704116066236, 0.05931297590628685, 0.0592644942905121, 0.05929914202150425, 0.05927232220945013, 0.0592781040030621, 0.05927497872661805, 0.05932760687663249, 0.05922705269084371, 0.059231066347225025, 0.05943656222484841, 0.05928409765949101, 0.05937939646214995, 0.05929550128484054, 0.05932646469822486, 0.05943316059459436, 0.05932437522306576, 0.0593794616079577, 0.059305143783328455, 0.059350319443328345, 0.059325979805195175, 0.05934103675175629, 0.05932299747644886, 0.0592266612547275, 0.05923986958788276, 0.05927327833794597, 0.05933580565729909, 0.05925105217200438, 0.05925097523953221, 0.059257403043603614, 0.05923978793964428, 0.05929707276856353, 0.0593294458053841, 0.05924592731710375, 0.05916248704891437, 0.05922781453747165, 0.0591840255658859, 0.05928325089055115, 0.0592534406773713, 0.059225074038944, 0.059268930643532794, 0.05932631843243251, 0.05930213843151773, 0.059242814867323926, 0.05915322921278734, 0.05920129465805903, 0.05917094563693909, 0.05923007514487341, 0.05918081929601806, 0.059274921014882964, 0.059212833499890836, 0.05915746399843887, 0.05920247547603604, 0.05917362260743646, 0.05923118507228187, 0.059148375209052244, 0.05921076787869546, 0.05919707236891307, 0.059174677761521965, 0.059186388142792125, 0.05918831668210875, 0.05918155830667149, 0.05922543593136211, 0.059159770828054084, 0.05915625079189657, 0.059193449669917894],