{"loss": [0.06864983774721622, 0.05592342260425076, 0.05370185488800695], "mmd": [2.3394111577718535, 2.157504376458244, 1.8843103376634283], "mse": [0.06863717573689171, 0.05592088785273897, 0.053699058166310834], "kld": [40.90873145721167, 34.41605914297279, 28.396969567047307], "l1": [0.012661902080404292, 0.0025347656744640844, 0.0027968330002401277], "mcc": [0.0, 0.0, 0.0], "epoch": [0, 1, 2], "beta": [0.0, 0.0, 0.0], "alpha": [0.0, 0.0, 0.0]}