{
  "loss": [
    1.025503507097028,
    1.0056018723983193,
    1.000699806781762,
    0.9981588792776717,
    0.9952611477883552,
    0.983360360154276,
    0.9780664811907097,
    0.974106812489205,
    0.9720201168966087,
    0.9704579192008459,
    0.9694344054736554,
    0.9685949768598026,
    0.9679129458519822,
    0.9670048305415696,
    0.9660409443607616,
    0.9647063989794076,
    0.9634837500945644,
    0.9625507062563218,
    0.961631786239773,
    0.9616392132385171,
    0.9606550523329591,
    0.9598115975107604,
    0.9597391673462239,
    0.9588708490881556,
    0.9583270007845052,
    0.9580309960614175,
    0.9576488447588408,
    0.9572134553826825,
    0.957072079151438,
    0.9570536298737319,
    0.9568064605074125,
    0.9565165228055209,
    0.9559760889274168,
    0.9560907303818343,
    0.956360290460468,
    0.9559447540566911,
    0.9558309387683022,
    0.9556193937512784,
    0.9553408054056247,
    0.9555837321093987,
    0.9553780882545392,
    0.9551893792991677,
    0.9552301221954439,
    0.9550849387345204,
    0.9552173023443974,
    0.9552381402521668,
    0.9551194272548028,
    0.9549065626365958,
    0.954898528102809,
    0.9549598608741354,
    0.9547981831466913,
    0.9546025657212405,
    0.9543990761895728,
    0.954535276355279,
    0.9544917069320717,
    0.954421620456029,
    0.9543969893316433,
    0.9544063717799534,
    0.9543443505394559,
    0.9540372699038074,
    0.9540751531678591,
    0.9539307849436824,
    0.9539648936298515,
    0.9538166165170469,
    0.9539094878700279,
    0.954066000551915,
    0.9546600747404744,
    0.9542488304455511,
    0.9539913614782439,
    0.9537940100912452,
    0.9537785985945688,
    0.9536136185914286,
    0.9536895479098995,
    0.9536875691505788,
    0.9536747653684488,
    0.9540679212635977,
    0.9538933517755726,
    0.9537482883402335,
    0.9536416749950596,
    0.9537592357468128,
    0.9537871388835167,
    0.9536176896204115,
    0.9534791404451781,
    0.9537490790881332,
    0.9536349346817311,
    0.9535335898248187,
    0.9534074499345268,
    0.9534819883469425,
    0.9535387071171237,
    0.9534156353921719,
    0.9533287125011098,
    0.953291637762047,
    0.9532619868321314,
    0.9532894061175875,
    0.953334983762315,
    0.9535038079400369,
    0.9536730890917409,
    0.9534571939333423,
    0.9531438080997839,
    0.9532197738794274
  ],
  "val_loss": [
    1.0466272803746401,
    1.0387177195178863,
    1.0353638918976806,
    1.033310607143733,
    1.0268274431359279,
    1.0161419214178982,
    1.0124695567779889,
    1.0102309941156815,
    1.0084396938210753,
    1.0071784807666797,
    1.0065065328388998,
    1.006002877945225,
    1.0052696607972933,
    1.0046984512511998,
    1.0038030212872648,
    1.0028894138118447,
    1.0022006938446602,
    1.0017920520207653,
    1.0013719661050735,
    1.0011195499603063,
    1.0007189991267305,
    1.0002295170744804,
    1.0001684449034738,
    0.999773302579035,
    0.999596425387413,
    0.9992962781697103,
    0.9992651329737275,
    0.9990183898847397,
    0.9990059529265313,
    0.9988671579317415,
    0.9988932157760342,
    0.9986183948168471,
    0.9983925367599209,
    0.9982960795703,
    0.9983194086649646,
    0.9982045480649765,
    0.9981020999281374,
    0.9980620891536207,
    0.9979557686200425,
    0.9979508026549805,
    0.9979218288099385,
    0.9978119907858165,
    0.9978658717516895,
    0.997853352598948,
    0.9976083987379727,
    0.9975841475404017,
    0.9974085495352201,
    0.9973686884527337,
    0.9973189950533653,
    0.9973346963865027,
    0.9972167499533527,
    0.9970931364521044,
    0.9971446343208556,
    0.997132989369571,
    0.9969908848200759,
    0.9967839777741803,
    0.9968006823160876,
    0.9969781707955278,
    0.9967373740183164,
    0.9967476526896158,
    0.9966811404380624,
    0.9966860699327025,
    0.9966915198112731,
    0.996616460961294,
    0.9964806244253568,
    0.9965398180974673,
    0.9966827032228583,
    0.9966512994679142,
    0.9964099142649402,
    0.9966774237210347,
    0.9963734427543536,
    0.9965249071382496,
    0.9965416187565076,
    0.9964004618936477,
    0.9965731776468286,
    0.9964958178942607,
    0.9963951154386617,
    0.9962971096169458,
    0.9963119465466503,
    0.9965015829425968,
    0.9962926667574878,
    0.9961230254064412,
    0.9963223319075424,
    0.9962960470756984,
    0.9962359253130003,
    0.9962957988590955,
    0.9962949181256229,
    0.9961786406225266,
    0.9962569970518487,
    0.9962060614807965,
    0.996138885685298,
    0.9961549587990051,
    0.9961400619924885,
    0.9962736368179321,
    0.9960608248296938,
    0.9962168997281218,
    0.9962852670721811,
    0.9961287507183476,
    0.9961262353479046,
    0.9961426165550267
  ]
}