{
  "loss": [
    1.9827432175925803,
    1.9220892265306764,
    1.8626113640243198,
    1.830483516490674,
    1.8164203677297153,
    1.8054894717731906,
    1.7981302467905385,
    1.7911349064863002,
    1.7852065684436815,
    1.7812866350130898,
    1.7775330176185358,
    1.775586150093427,
    1.7727873126111477,
    1.7707940922937144,
    1.767682064163059,
    1.7655457194432551,
    1.763775098332892,
    1.763380799141143,
    1.7603808271984687,
    1.7615230618289905,
    1.7582273772607562,
    1.7558682443162617,
    1.7547559680111542,
    1.7536607937797084,
    1.7519432755251871,
    1.751301667093475,
    1.7510802547791995,
    1.7499490537650688,
    1.7504760633106313,
    1.754554836241509,
    1.7513367037104375,
    1.7492545585235666,
    1.748203768453228,
    1.7468332760593415,
    1.7469787530841001,
    1.7471047831222608,
    1.7455394031915028,
    1.7438548330483086,
    1.7420928085814749,
    1.7434940632605596,
    1.7407629001633396,
    1.7408258613523058,
    1.740967259472347,
    1.7400667972441346,
    1.7401553599204989,
    1.7386087108740733,
    1.7376499890736932,
    1.7366503455631024,
    1.7357692280729924,
    1.7354405238003772,
    1.7335547715493516,
    1.7338681991348828,
    1.7339204378065167,
    1.7344202289961028,
    1.7345526657097237,
    1.7312936342642327,
    1.7306435244233966,
    1.7303951823889772,
    1.7294556141927586,
    1.7291830065224396,
    1.727877633540787,
    1.7297500085927435,
    1.727592657823536,
    1.7261354197652818,
    1.7255486418926984,
    1.7241321126126168,
    1.7240515187885324,
    1.724454190868307,
    1.724218951576469,
    1.7235494340521231,
    1.7231618506395059,
    1.722257316157868,
    1.724039804442655,
    1.7216890564189777,
    1.7223385456035865,
    1.7236024788905604,
    1.7245216268952535,
    1.7211030965041243,
    1.720409477358689,
    1.720249942465842,
    1.7183443350807652,
    1.7182006552350604,
    1.7174927655918297,
    1.7162207310011688,
    1.7167112125287405,
    1.7175511796251337,
    1.7154028158698202,
    1.714980862118283,
    1.7148205946158734,
    1.715750594535758,
    1.7140135606654006,
    1.7150864961514338,
    1.7130599874788632,
    1.7232305647726442,
    1.7176564356532764,
    1.714091120774813,
    1.713374005003747,
    1.7126995817284096,
    1.7132829260832156,
    1.7132581542235414
  ],
  "val_loss": [
    2.0464792284246993,
    1.9604048043081206,
    1.92343573374291,
    1.9051609540094523,
    1.8907378993622244,
    1.8850564902231572,
    1.8820463065143045,
    1.874787539651949,
    1.871890918304931,
    1.8683487813766688,
    1.8667533707945314,
    1.866652379841565,
    1.8670379876001786,
    1.8643677093122648,
    1.861617333268466,
    1.8638708036239833,
    1.8646694302014564,
    1.858988156057384,
    1.863573471705119,
    1.859008948552554,
    1.859560920767588,
    1.8581120401756948,
    1.8568445122949608,
    1.8583413199202654,
    1.858372609364932,
    1.8599691527074875,
    1.858297328970748,
    1.8581363289323571,
    1.8593896975800328,
    1.8592843470508105,
    1.8589050911332918,
    1.8569372309941679,
    1.8606674943340424,
    1.858198091319707,
    1.8593754643174611,
    1.8577148163155333,
    1.8602962945694248,
    1.8575433579754068,
    1.8601840930442288,
    1.8588102065264906,
    1.8585298513168613,
    1.8601627730887775,
    1.8583539506616114,
    1.8625527299158104,
    1.86053035466094,
    1.8600153122862724,
    1.8610902855929718,
    1.8588965184068027,
    1.85932045059117,
    1.8595343610467432,
    1.8614341722775811,
    1.86273695780262,
    1.8600472837822621,
    1.8602778078758553,
    1.8619176731806368,
    1.8612397375716467,
    1.862015196177513,
    1.8627035781128767,
    1.8621265213239138,
    1.8628024592247183,
    1.8656965728219785,
    1.8650289180616266,
    1.861753882882802,
    1.8653143818519975,
    1.8643081509359352,
    1.863531473564775,
    1.8660541070650702,
    1.8661398370516356,
    1.8674872803361449,
    1.862682752957627,
    1.8640609691132148,
    1.8652813347507284,
    1.8659684342336438,
    1.8658328137985647,
    1.8677288114208064,
    1.8667641605960723,
    1.8653332963926064,
    1.8698327606671477,
    1.8667748317326585,
    1.8665709887465385,
    1.86616499946542,
    1.8666352997087452,
    1.8687369932322742,
    1.866569844010758,
    1.867773845315524,
    1.8648389028087597,
    1.8665636434946975,
    1.8661159990040679,
    1.866740396578018,
    1.8685900560797077,
    1.8690165945384056,
    1.8667959470182793,
    1.871010959964909,
    1.8711073572777177,
    1.8675295963679275,
    1.8686732494667784,
    1.8667727861230232,
    1.8688639277192556,
    1.8663616969705172,
    1.8672752010223528
  ]
}