{"loss": [0.1851685122866046, 0.06537103598477921, 0.06148865314935124, 0.05913145859977519, 0.05811366118611754, 0.05705005763596587, 0.06209542421263641, 0.06390109941627461, 0.06630099062399286, 0.06852697880396638, 0.07048096245861828, 0.08452252056477165, 0.08131627591004928, 0.08401452502348575, 0.08630165182593302, 0.08801924151146957, 0.09002020071361054, 0.09256592556900253, 0.09448603438309763, 0.09649626433056954, 0.09793257185064003, 0.099423537875472, 0.10135739911870378, 0.10281414385648387, 0.10468762317339463, 0.10647102724898337, 0.10842325586820106, 0.10933980102509128, 0.11141983438365745, 0.11305914031261884, 0.11467337798728901, 0.1166934327083465, 0.11846710306811016, 0.11944582546611304, 0.12130666736573906, 0.12435511692235882, 0.12490008561218507, 0.12643361452587246, 0.12835067095705466, 0.13008437967106723, 0.13146771971505009, 0.13355045898802348, 0.13550980193224052, 0.13719217223906272, 0.1394009352764844, 0.14099335251169684, 0.1428948607367286, 0.14575384021289592, 0.14741874808662928, 0.14835787828643002, 0.14692094109875412, 0.1469617564357718, 0.1462905305813299, 0.14612132577195303, 0.14699205426028772, 0.1457629206547709, 0.14533054938696688, 0.14522165806201923, 0.14553722021674828, 0.14625680039429065, 0.1449128361184981, 0.14511556633950337, 0.1444510729045248, 0.14427909618202306, 0.14455620579124379, 0.14469342036076452, 0.14392280937385699, 0.14441446580289913, 0.14366765578925345, 0.143777107855682, 0.14323576893024642, 0.1437600920612386, 0.14355999255550136, 0.14312546348069935, 0.1434312871653185, 0.14315508329137566, 0.14206409413626134, 0.14274991476465362, 0.1416346382685391, 0.14156261494760147, 0.14180025650928432, 0.1421267712706125, 0.1413538432741975, 0.1408529312210914, 0.14201735116354297, 0.14190022921412523, 0.14060074096460287, 0.14029850263803362, 0.1411006374166318, 0.1401630427847937, 0.1399869314192669, 0.14038538700588696, 0.1401127635266087, 0.13996086880410616, 0.13960168942082757, 0.13997478122813312, 0.1388382807241937, 0.1389429900613634, 0.13966743552306202, 0.1390439227135354], "dist": [0.027865840735992464, 0.00959996012606255, 0.010279393898656088, 0.015359671112697468, 0.02175954417387461, 0.02487470264900118, 0.008382189201061756, 0.006700577366714706, 0.006137530430133401, 0.005821520898372837, 0.005571723073044107, 0.0063429381665698024, 0.006229521898605051, 0.006070128903054306, 0.00591828370882278, 0.005758476886551613, 0.005610538404118517, 0.00555663787453068, 0.0054578444627464435, 0.0053749655874135134, 0.00523259089895121, 0.005109398599309596, 0.005043630272581997, 0.004922079241544316, 0.004859632521316112, 0.004831410908350718, 0.0047806871174855305, 0.004697350301419384, 0.004691728048557567, 0.004657055499435209, 0.004585903977247525, 0.004619332060336164, 0.004587768825002158, 0.004518477623784252, 0.004504273932061242, 0.004563515091402954, 0.0044728037086143495, 0.004447582430595552, 0.004436067835306762, 0.004416999210565016, 0.004396505783342287, 0.00438269478457387, 0.004394183282023695, 0.00437044061031165, 0.00438346005229904, 0.004363920388122858, 0.004349770748188535, 0.0044136583692280015, 0.004382548185699569, 0.004338692279258795, 0.004277997858102875, 0.004269995221433448, 0.004243691978037929, 0.004233063278242429, 0.004288662421555593, 0.004230374784175818, 0.004204182236791042, 0.004206338019503701, 0.004231918397348545, 0.004267516030938237, 0.004185689511424153, 0.004213065690356836, 0.004183653259045957, 0.004157797868660702, 0.004184249653879889, 0.004188624073949366, 0.004149675373733594, 0.004184750134181754, 0.004154822784661697, 0.004160329383458155, 0.004129729427994288, 0.004149975784589293, 0.004146509298448075, 0.004125355776059585, 0.0041307869807169105, 0.004113894543525222, 0.004070847999735115, 0.004105792349229183, 0.004058907644209649, 0.004058802125327553, 0.004071314536286807, 0.004079553052752748, 0.004041842752764967, 0.004019655916974653, 0.004068917179228449, 0.004073480680650939, 0.004013066085301714, 0.003997521733581756, 0.004028006417929928, 0.003996596764326041, 0.003978507706766159, 0.004000338799343548, 0.003983722420194719, 0.0039877422844187705, 0.003968353454089631, 0.003979893024849872, 0.003929073757428726, 0.003934977240475277, 0.00395678012735696, 0.003946088219716309], "mse": [0.07907923525598236, 0.05711692813756371, 0.05682168234046136, 0.05643792851020526, 0.056026693356486156, 0.05576092077961172, 0.056256589935088266, 0.056377437361894364, 0.05644225823298163, 0.05642818247395921, 0.056475354531887186, 0.06038962790475638, 0.059690560914432984, 0.059792526093816474, 0.05984380699286961, 0.05993888979472297, 0.0600013128884874, 0.06026426539309268, 0.060210303737722785, 0.06040660290809643, 0.060449572899096825, 0.06061436943544771, 0.06065691628409453, 0.06078441118604147, 0.06093723584445224, 0.060831478176476154, 0.060952822932288424, 0.060804764763555286, 0.060776556012505444, 0.06071339078808817, 0.06072139159461244, 0.06056635084519358, 0.060642042878239336, 0.06051565960401799, 0.06047532251833813, 0.06043965269865102, 0.060371829557233934, 0.060325202217086205, 0.060313288259981654, 0.06028844070575438, 0.060184888541698456, 0.06042822575309428, 0.060154314143266774, 0.06021114874581643, 0.060382226044573495, 0.06018094482943086, 0.060308722506773875, 0.060230505326694016, 0.060200788999633915, 0.06033928660975777, 0.060133199715103676, 0.060178269581261205, 0.0600338868323598, 0.06001900716999785, 0.06001483996232292, 0.06002085560731909, 0.059938565435842715, 0.05982406959597962, 0.05983745635238145, 0.05978638278196622, 0.059869320730250905, 0.059785709236273916, 0.0597516524617834, 0.05972011987136421, 0.05972774319097598, 0.05977118304728405, 0.059774061194462824, 0.05972287326809046, 0.0595617278298828, 0.059586430471968266, 0.059541322076294236, 0.05965012934834778, 0.05961768532741369, 0.05961829045872745, 0.05962127076800324, 0.059651351183036584, 0.05957928523861499, 0.0596159176799184, 0.05947082239908869, 0.05952253967985797, 0.0595034528826329, 0.05950352590272486, 0.059479790625535225, 0.05955687179016926, 0.059526391327381134, 0.05947415992903744, 0.05947642319971913, 0.059430996877756215, 0.05948676785214789, 0.05946417813198957, 0.05948429713177012, 0.05940734774446558, 0.05944395083466344, 0.05939601686407579, 0.05941093695986922, 0.05940240571492708, 0.0594246321339903, 0.05940403258826919, 0.05933471177560188, 0.05940639373999051],