{
  "loss": [
    1.9909161200778545,
    1.938604723551598,
    1.8850053415182366,
    1.8486827730437145,
    1.8261231242053375,
    1.8148256892514598,
    1.8083749458991178,
    1.8048406045448349,
    1.7963578157729676,
    1.7906225201686323,
    1.7888053656833716,
    1.783784719883655,
    1.781715525275948,
    1.7798637441049334,
    1.7772906483232507,
    1.7753522907934787,
    1.7754060044797761,
    1.7725728381384516,
    1.7712176913329862,
    1.7714329624792782,
    1.7691104572616856,
    1.7674432548205623,
    1.7671592194145778,
    1.7664756801809842,
    1.7642298904494407,
    1.7632715475912963,
    1.7621065433818073,
    1.7610931274947133,
    1.7604751614728555,
    1.760354518527583,
    1.7587801443269766,
    1.7590222004068825,
    1.7592490162608772,
    1.7581738509594895,
    1.7562281761924052,
    1.7555987068822534,
    1.7552257483301204,
    1.755084206632875,
    1.7546983593283587,
    1.7541513222593539,
    1.7531013921708163,
    1.7536874532155389,
    1.7519164186064555,
    1.7516424389560301,
    1.7506422094061627,
    1.7502985366733734,
    1.7491972759354697,
    1.7503444242683002,
    1.7484436510421284,
    1.7480399192301659,
    1.7497865609218104,
    1.7475675604169876,
    1.7466419802805266,
    1.7456602501500358,
    1.7457390220038878,
    1.7460926335201994,
    1.7457656151988983,
    1.7453362576525555,
    1.7443864234594897,
    1.7429762764567203,
    1.7411217713398344,
    1.7402600246487974,
    1.7405142617836356,
    1.739949957356367,
    1.739562730211127,
    1.739091042603994,
    1.7377163174489172,
    1.7384900278528723,
    1.7378875964370561,
    1.7367859087164499,
    1.735519658965929,
    1.7347721525657125,
    1.734971639047623,
    1.7341264163725212,
    1.7353756707723813,
    1.7351745512773928,
    1.7360312327980663,
    1.7323380156637236,
    1.7311988939889458,
    1.7299300855166895,
    1.7347548226853056,
    1.7354013780455526,
    1.7324735016318527,
    1.7305231604091171,
    1.7295609973210415,
    1.7274363212346002,
    1.7269339073197116,
    1.726532485743268,
    1.725621628785478,
    1.7258935490750191,
    1.7257016407424595,
    1.7270381550422453,
    1.732774289586113,
    1.7288187480414243,
    1.726449080932089,
    1.725635030201296,
    1.7255903913864108,
    1.7252767400151425,
    1.7242820246583037,
    1.72461141903268
  ],
  "val_loss": [
    2.0515400764604683,
    1.9829512382751187,
    1.945189928899617,
    1.9122903161941598,
    1.898890719566171,
    1.8934776543482255,
    1.887489605167685,
    1.8812583603271067,
    1.8762053583310618,
    1.8782285255928561,
    1.870418293291031,
    1.87151688037942,
    1.8688415713506201,
    1.8698029022782905,
    1.8672301333788868,
    1.870512508366206,
    1.866382666918785,
    1.8638663417128123,
    1.8641689988576113,
    1.8644280248581002,
    1.8632760679340798,
    1.8641838439523357,
    1.8635229351313691,
    1.861403990009604,
    1.8626134477249563,
    1.8607731115872457,
    1.8602603249353906,
    1.85983047256731,
    1.8609734817182637,
    1.8579793052586246,
    1.8584211836122486,
    1.8600312411512958,
    1.8595805576402846,
    1.8591749613687871,
    1.8587689699103298,
    1.859282827812787,
    1.8598956958343993,
    1.8583941133054969,
    1.858989998085858,
    1.858689170449836,
    1.8615148459395316,
    1.8599870520639636,
    1.8596636889732048,
    1.8585350921709243,
    1.8607954864632594,
    1.8599650408035,
    1.8603403818661763,
    1.8619374657330447,
    1.8601521204595697,
    1.8629926301572965,
    1.8605888238236241,
    1.8599135843041825,
    1.8622301539329633,
    1.8656764781638369,
    1.8666612731811663,
    1.8663709882187516,
    1.862525355870321,
    1.8647349577516181,
    1.8650991415868612,
    1.8626968958606458,
    1.8619297465232953,
    1.8653567539502496,
    1.8652835485597723,
    1.8631129161407958,
    1.863372736325547,
    1.8649691800548607,
    1.8683636384467557,
    1.864894949682227,
    1.8642989244635246,
    1.8669872000881527,
    1.8688164067594972,
    1.8680570011269557,
    1.867181096447113,
    1.8683597361116104,
    1.8695354336472951,
    1.8712204095979803,
    1.8733768321607756,
    1.8681520925809258,
    1.8688497385477911,
    1.8682096984288463,
    1.8709861900164113,
    1.8690604690003068,
    1.8693755173792033,
    1.8704693551477232,
    1.8692250322533526,
    1.8694566177995238,
    1.870374043782552,
    1.8706646575230985,
    1.8738193996420733,
    1.871686964818876,
    1.8703292189123424,
    1.8736900014964413,
    1.8697176028604376,
    1.8711717330157485,
    1.8739244948783422,
    1.873456917941298,
    1.8727135560283923,
    1.8725255210650023,
    1.8768093918012156,
    1.874546188197724
  ]
}