{"loss": [0.28206210224524786, 0.219245616586312, 0.218549398339313, 0.21754842397959337, 0.2165763335901758, 0.2160915750135546, 0.222199468029582, 0.22684659859408504, 0.2302399367612341, 0.2343257337031157, 0.23769624910924744, 0.24359844880259554, 0.2481132709980011, 0.2514995103685752, 0.25522234778041425, 0.2593660908937454, 0.26282774933006453, 0.26633181118446847, 0.26935796722121863, 0.27104632032954173, 0.27296791346176813, 0.27606524032095203, 0.27775969362777214, 0.2819245063221973, 0.28305437533751776, 0.2866236329337825, 0.2879458911004274, 0.2924218155508456, 0.29394992908705836, 0.29624161212340644, 0.2996924994043682, 0.3022895701553511, 0.3036760292882505, 0.3069129053146943, 0.3106085934327996, 0.31253402025803273, 0.31631030774634816, 0.3171883198748464, 0.31827561215214106, 0.32189642045808875, 0.3254748926732851, 0.32708496684613436, 0.33021495471829954, 0.33186557277389195, 0.33490541841672816, 0.3362459800036057, 0.34124395220176035, 0.34220131874084475, 0.3447092646101247, 0.3466185483466024, 0.34682147653206535, 0.34596615257470503, 0.3462633855187375, 0.34522384648737703, 0.3445075686081596, 0.34379748541375865, 0.34351323319518046, 0.3426981682881065, 0.3416195039127184, 0.34214166659375894, 0.34018195976381715, 0.34359953548597255, 0.3412032849374025, 0.3392441620774891, 0.34040259902891906, 0.3371447271367778, 0.33839980931385705, 0.33719060731970746, 0.3355340094929156, 0.33710048247938573, 0.3378032780211905, 0.336849606503611, 0.3364806846432064, 0.3345332320876743, 0.33417591304882716, 0.33379408338795535, 0.3331933631326841, 0.3331467634180318, 0.3342525675504104, 0.3332148971764938, 0.33315682685893516, 0.3328065710223239, 0.33234024941921236, 0.33134031324282937, 0.3316010526470516, 0.33053850168767185, 0.33023283862549324, 0.3319641623030538, 0.3304119012407635, 0.33068342988905697, 0.33038295706977017, 0.32879562577475674, 0.3294293497438016, 0.3286925257548042, 0.32876025938469433, 0.3288784136461175, 0.3288932061454524, 0.32839141449202663, 0.32706210836120275, 0.3273225728325222], "dist": [0.05048271952358925, 0.014000680302877141, 0.0139784802686747, 0.013988731102613004, 0.0171601608298395, 0.022495193466463167, 0.012515192235131627, 0.010951575065517555, 0.010106822540983558, 0.009678826994546082, 0.009252084209786161, 0.008909744818735382, 0.008594003743694529, 0.008226073798521057, 0.008071377966957895, 0.008018791322879817, 0.007942367759330765, 0.00780405614282126, 0.00764817791019121, 0.007433637813462512, 0.007205858124905954, 0.007117842708754799, 0.00695168887750934, 0.006977397354886583, 0.00677130145304229, 0.0067823006917277105, 0.006661590157157701, 0.0067066260143790555, 0.006601891909199564, 0.006535725391915311, 0.00657519601204473, 0.0065333343734559806, 0.006410350838433141, 0.006444479112067948, 0.0064879191719481475, 0.00640076653788919, 0.006472858486535109, 0.006356882532329663, 0.006234996481596128, 0.006270731605346436, 0.006323094000715924, 0.00621900506236631, 0.006271041924862758, 0.006220844287182326, 0.006174288477505679, 0.00613771130533322, 0.006217859814186459, 0.006110012104491825, 0.0061405915410622305, 0.006067731463066909, 0.006115258951549945, 0.006054697481348462, 0.006083277220959249, 0.005991827072170766, 0.006032386915758252, 0.005971218273043632, 0.005953269126703558, 0.005910684498350905, 0.0058717168414074445, 0.005898702579914875, 0.005814843986426358, 0.005964311035754888, 0.005839568672134824, 0.005768249488395194, 0.005791942256543299, 0.005682966478735857, 0.005733154274361289, 0.005689254508394262, 0.005591676079708597, 0.005700704861918222, 0.005717119576166506, 0.005681314608892021, 0.00563387271138313, 0.005568802745850838, 0.005566289068969048, 0.005516017530032474, 0.005527709490498123, 0.005524263675932003, 0.005560703384082603, 0.005524183941357162, 0.005511684544465464, 0.005480553468527353, 0.005485740821079716, 0.005446365904062987, 0.0054295364455522405, 0.005402884794318157, 0.005394017540890237, 0.005478426992650266, 0.005410028854789941, 0.005427361693962113, 0.005422564090998924, 0.005345424484542531, 0.005379600482385443, 0.005342251340980115, 0.005315532484699202, 0.005331642173392617, 0.005343121541664005, 0.005312883034348488, 0.005230833280669606, 0.005277827371154791], "mse": [0.13738918768322986, 0.0939795437325602, 0.09385671325351881, 0.09368665719809739, 0.0930637944781262, 0.09243930218012436, 0.09273818665224573, 0.09295060423405274, 0.09279418443856031, 0.09292394075704657, 0.09298437872658605, 0.09362444185692331, 0.09421493150617766, 0.09467579645955045, 0.09502450953359189, 0.0953608440445817, 0.09562066618515097, 0.09610533658577049, 0.09629852346752, 0.09644050234037897, 0.09664414926715519, 0.09685496017984722, 0.09698414650948152, 0.09729583700066027, 0.09724763383036074, 0.09747248877649722, 0.09745046636332637, 0.09778835816227871, 0.09764122037783914, 0.09787669500579005, 0.09789716851452122, 0.09792139363029728, 0.09786577503318372, 0.09788171801878058, 0.09791435634312422, 0.09800875080668409, 0.09798301981843036, 0.09802692186573278, 0.0978670319137366, 0.09793333008237506, 0.09801158219575883, 0.09818792970284172, 0.09794799782659697, 0.09801125862028288, 0.09812599325957505, 0.0980199784429177, 0.09810536610043567, 0.09827412773733554, 0.09798739247995875, 0.0981856555264929, 0.09803247604681098, 0.09797401123720667, 0.09804452248241591, 0.09815876507240794, 0.09793970387914906, 0.09813705891370773, 0.0981615196492361, 0.09814748026754545, 0.0979067504665126, 0.09797203634096228, 0.09804551158262335, 0.09807237346535144, 0.09800771244194197, 0.09811131983995437, 0.09814513746810996, 0.09806223896534547, 0.0979948783179988, 0.09801224827766418, 0.09794343914674676, 0.09790613050046175, 0.09801521982835687, 0.09796429235002269, 0.09802599707375402, 0.09791534658359445, 0.09791027221990668, 0.09790711510440578, 0.09780206303233686, 0.09781689834335576, 0.09792720302291538, 0.09784640677597212, 0.09780814065881398, 0.0978321436047554, 0.09771911915229714, 0.09768887309924416, 0.09785064517155938, 0.0977354501252589, 0.09766809469979743, 0.09770190485145734, 0.09760420529738717, 0.09766360045775123, 0.09759972011265547, 0.09741705929455549, 0.09750221398861512, 0.0975508228721826, 0.09752164769431819, 0.09752900092498115, 0.09748615932205448, 0.09745657363663549, 0.0974888641419618, 0.09749187236246855],