{"loss": [0.06139881559475662, 0.05208919182463798, 0.049893125049780884, 0.04847807808059709, 0.04733531391096784, 0.04648392429049821, 0.053484635259763526, 0.057136676259107747, 0.06011116498066016, 0.06320602713672765, 0.06525501350774547, 0.08148116560617084, 0.08370994435323394, 0.08652319636971771, 0.08990210502723471, 0.09221653214365552, 0.09507450138932669, 0.098076460555614, 0.10102276067129794, 0.10382619916160138, 0.10604876613291186, 0.10879590556003495, 0.11196342166760824, 0.1141792257127945, 0.11635352230934837, 0.11960486274218102, 0.1217480351160689, 0.1248129586657534, 0.12704002747155363, 0.12906603780375625, 0.1308064524915229, 0.13332861647604136, 0.1362461835101929, 0.13776039708532295, 0.13985180206585845, 0.1417763828350839, 0.14391052896814474, 0.14678339650262934, 0.14809260981781971, 0.1506757426077013, 0.152014377506304, 0.15548514874110017, 0.15776817701988066, 0.15951126182184966, 0.16209392722811622, 0.16510032745768788, 0.16687932763485297, 0.16812714851809393, 0.17095675950036268, 0.17244376851853804, 0.17220077920083282, 0.17019717226924713, 0.16965620055728683, 0.17106648809668584, 0.16952178851760472, 0.1688816566212843, 0.1665467878300119, 0.1685962756570192, 0.16762937479920717, 0.16746898598561788, 0.16752823920950755, 0.16687423185592565, 0.166843454850125, 0.1665286138719787, 0.16544398582888495, 0.16552700838583081, 0.16477066214626965, 0.1652042539886569, 0.16339159477364543, 0.16334448419126132, 0.1635194270042056, 0.16346257712631493, 0.16306176438289344, 0.16337223448948812, 0.1614392245713858, 0.16163495505445993, 0.16133381527583038, 0.16193789885306464, 0.16097608476084832, 0.15999722561112534, 0.16087984990334053, 0.1596207056673274, 0.1611670981239709, 0.15989955451939272, 0.15899820279115412, 0.1586067382042658, 0.15830253391489496, 0.15882250269327416, 0.15855595449665272, 0.1580211854205526, 0.157492659523797, 0.1581228660031647, 0.15668929504723106, 0.15580007477912453, 0.15627730450698862, 0.1565991838186143, 0.1564936106543069, 0.15531793949875206, 0.15599921583424994, 0.15560446341729764], "dist": [0.014799115128685862, 0.009984446530597645, 0.00993659873658095, 0.010033591355690994, 0.010035142963862204, 0.01006986041714271, 0.008493211501081264, 0.006883182682914101, 0.005930020510008562, 0.005494510080181117, 0.005027546937697109, 0.0048562165503108125, 0.0047305984344495735, 0.004681862559186039, 0.004666527705349611, 0.004564992125329054, 0.004528854488693673, 0.004515737467796227, 0.004488321850894836, 0.004452117984258794, 0.004394541805103817, 0.004352540142821806, 0.004370723278750081, 0.0043024273136660915, 0.004243909566184476, 0.0042570752971785, 0.004200949764018122, 0.00420770673782866, 0.004163461312083486, 0.004106994396408516, 0.004038938579797481, 0.00402660550311637, 0.004032079810847527, 0.003971221547936979, 0.003936841287939057, 0.003912132917428761, 0.0038796809083744993, 0.003889705876075557, 0.0038334213491622773, 0.003833321772104451, 0.0037847439570357936, 0.003818506485180024, 0.0038020108373178116, 0.0037721554104560655, 0.0037644751212783873, 0.0037818669912060023, 0.003757063802909464, 0.0037101684100348145, 0.003719723664438751, 0.003680340125482733, 0.0036784534526925583, 0.00360100860126245, 0.0035890806519647887, 0.0036281948584851367, 0.0035826488476428183, 0.003568000161017469, 0.0034951253916567504, 0.0035634117181711396, 0.0035310639479463066, 0.003529611736621317, 0.003516193924325916, 0.0035022276766980658, 0.003503617505574574, 0.0034855115853327065, 0.0034661012809335677, 0.003468521821148903, 0.0034339677449934836, 0.0034570618843153514, 0.003401773288760725, 0.0033971108258887576, 0.0034042230518012027, 0.003395993943481625, 0.0033930151462293555, 0.0034032806879985235, 0.0033399124051673966, 0.003349857594497348, 0.00333668144579366, 0.00335508768489389, 0.003330400219445765, 0.0032985077731027936, 0.0033251271642293326, 0.0032854309302797345, 0.003328881983781451, 0.003298761553001732, 0.0032730528053399755, 0.0032592428164787733, 0.003250107049984662, 0.0032557855063411055, 0.0032518539022987204, 0.0032328216625897538, 0.003219682655876373, 0.0032383082168000684, 0.0032035632090274373, 0.0031749507996282557, 0.003187122135361219, 0.0032008424151256857, 0.0031913967266268863, 0.0031627995212063016, 0.003177542801729047, 0.0031682831719118767], "mse": [0.06133390725913569, 0.052038392307927374, 0.04984077116807419, 0.04842499466929337, 0.04728252205728076, 0.046431664036286985, 0.04760981939369854, 0.04764440805930507, 0.04785871517292858, 0.04807574048286174, 0.04798567454651152, 0.05559464848354085, 0.056944585736824455, 0.05793013007681338, 0.05866625999682411, 0.05888232110037937, 0.05913392088459901, 0.05923740469480547, 0.059394860571385134, 0.05946933401630231, 0.05950101867780375, 0.05967464578094475, 0.05968706858409032, 0.059795872752652385, 0.05985917339714979, 0.06002713829565083, 0.060047388621544025, 0.06003511272800022, 0.060168998318681687, 0.0602512216220226, 0.060301994285828255, 0.06031467641209922, 0.060270353491408434, 0.06027031912739379, 0.06028551460302915, 0.06028518411970561, 0.06029151856040849, 0.06023251686789965, 0.060244047268674855, 0.060141372545299006, 0.060155022273079506, 0.06014272440197373, 0.060119906949371846, 0.06006965716885323, 0.06022802247848785, 0.06010513141355099, 0.060155381232588116, 0.06010685038465341, 0.06010826245676643, 0.06011642253733456, 0.06020148767590347, 0.060243965290277715, 0.06020433043007308, 0.06024534597530675, 0.06018880400889205, 0.06013395546480155, 0.06010918927267524, 0.060138310961964564, 0.060007665284319146, 0.05999633947186491, 0.0600772017951466, 0.060021762679739576, 0.06002652323756648, 0.05994610904414686, 0.05994311175921291, 0.0599373801497184, 0.0599353994563376, 0.05994569517374919, 0.05981390499007755, 0.05984256812199356, 0.059755745268202605, 0.059881484617466764, 0.05978225192476058, 0.05979617457270094, 0.059814496298748424, 0.05973638739420357, 0.05971052747445409, 0.05971217899414074, 0.05965868883836393, 0.05960955124133799, 0.05950555455715477, 0.05958423622095602, 0.05961908653730656, 0.059614144909461105, 0.05948927607855029, 0.059554259976484926, 0.05954134917131555, 0.05955010095674495, 0.05954207786451062, 0.05953187932930282, 0.059488042886403324, 0.059562373147009046, 0.05935445764656433, 0.05927191330794041, 0.05940385390089569, 0.0593079382958141, 0.05939196445256956, 0.05934472489370201, 0.05938326271369151, 0.059314910052798174],