{"loss": [0.06760373825858706, 0.05524162864712484, 0.052460957558517075, 0.05093672801883308, 0.049687864258885384, 0.04894125423868375, 0.27407673476663835, 0.3123644408455656, 0.3736382892892405, 0.43823448042928076, 0.5061100045779, 0.5780805770787725, 0.6441845101264357, 0.7120603430856225, 0.7892124965512679, 0.8511210405753434, 0.9118426374496857, 0.9753517656604205, 1.0309994136628928, 1.0932295982457378, 1.1510774946651576, 1.209529306076787, 1.282538053448215, 1.3317711071734049, 1.3910443958329277, 1.4645911228437365, 1.5145500638733613, 1.5723850182229024, 1.6205000321557916, 1.7073964930019496, 1.7527044967639667, 1.805437111415746, 1.8577251957238086, 1.9472517985507753, 1.9988614759562207, 2.053937097268602, 2.1257418383118565, 2.197431662697002, 2.231301440417401, 2.287730623242314, 2.3501544357077475, 2.4163038427113026, 2.492747571205069, 2.538352749099029, 2.5858917514239352, 2.664147568626638, 2.7226242346266294, 2.779695546700179, 2.8171796710944617, 2.878372545622609, 2.86083249007266, 2.8846832886795326, 2.883995419630975, 2.87246824261601, 2.834893825595364, 2.7989817177591148, 2.8136282837464033, 2.834965025720421, 2.8209498674591624, 2.7909129550851928, 2.824418920680789, 2.801409075596581, 2.8096770567396665, 2.7928051385411456, 2.7802077985248683, 2.767201371719501, 2.765831245235139, 2.7725389881368065, 2.7696761551078843, 2.724994447333681, 2.745134601563764, 2.741258806977535, 2.7446999703448243, 2.733598641091329, 2.705650850307722, 2.723006554176471, 2.7204731746685287, 2.6966412908460464, 2.677978356191717, 2.715644613365454, 2.707535990908102, 2.6954862713082437, 2.6790189940505234, 2.6652868225530613, 2.661752228356578, 2.6553098848260985, 2.648971547378353, 2.6587703549788775, 2.642274288312058, 2.6173321074503333, 2.617203972822318, 2.629761072024246, 2.6179375078049176, 2.6068689238074367, 2.6106634900613797, 2.6030881485324695, 2.6213834329616805, 2.594387425966789, 2.5858847656132986, 2.5935274903759633], "mmd": [2.3279727368267036, 2.0649963247995435, 1.7293356737476184, 1.5731892033588666, 1.4531521212103908, 1.387290353058306, 0.37366067787255247, 0.22832874898895897, 0.1976016195822347, 0.18410461382266202, 0.17705101464972176, 0.1721298504003718, 0.1671317001244773, 0.16436097821209328, 0.16451043998993978, 0.16161250037375402, 0.158926862789078, 0.15723968658344878, 0.15438092584533195, 0.15308466704528026, 0.15121323064518122, 0.14970919834964114, 0.15028939163026633, 0.14799039881745, 0.14701105238286996, 0.14759142303759334, 0.14584933075071113, 0.14486326274970557, 0.14319570326000636, 0.14506021308844075, 0.143303805585105, 0.1422155340619248, 0.14114838783726372, 0.14307253101577788, 0.1420306460303397, 0.14123378737481093, 0.14167865445734534, 0.14216899172477196, 0.14008030009690237, 0.13962442928388075, 0.13955557586316683, 0.1396410115337445, 0.14039552623143225, 0.13932916314049731, 0.1383740132891693, 0.13920711227721233, 0.13892714402701226, 0.13855868758508033, 0.13725519664814137, 0.1371637973134503, 0.13627792901696603, 0.13743683883200394, 0.13736252971222065, 0.13674822232565997, 0.13485762703181045, 0.13303974241109714, 0.1337403391539319, 0.13476800322075563, 0.13402927552629834, 0.13254755015479275, 0.13418275003601438, 0.13302799204558682, 0.13340694242459863, 0.13255868655589462, 0.1319095453510255, 0.1312479389591451, 0.131132148503343, 0.13145014737372748, 0.13133817636893572, 0.1290600602886428, 0.1300659255793124, 0.12980876684737352, 0.12997153209396667, 0.12939548353018937, 0.1280357409154345, 0.12881016095905948, 0.12865734040919988, 0.1274867822741804, 0.12652443961863138, 0.12847036626075675, 0.12799466705303983, 0.1273399744342807, 0.1265464290245179, 0.12586923722931945, 0.12564889595278203, 0.12534366342370495, 0.12499902429390539, 0.12548492622613175, 0.12463949243623786, 0.12335895961779027, 0.12336820119454817, 0.12400038784906908, 0.12336969540163052, 0.122774686458652, 0.1230122490894575, 0.12253619867599815, 0.12348499907854876, 0.1221197382346984, 0.1216764040062764, 0.12211538307323046], "mse": [0.06752404126058692, 0.05519464191483574, 0.05241273586963949, 0.05088708879986058, 0.04963803435304413, 0.04889099816420327, 0.10341111930555727, 0.1038720843159348, 0.10313588783053533, 0.10238452075174981, 0.10237963543347786, 0.10246698844012307, 0.10318634873884587, 0.10363063277916675, 0.10433990748290635, 0.1039031494203155, 0.10437574153023263, 0.10514154984541466, 0.10577530457289672, 0.10588055700520796, 0.10659294607449163, 0.10685023185482785, 0.10707170278565284, 0.1072116870135983, 0.10755404969391648, 0.10837002487087542, 0.10795887605361412, 0.10862980163627607, 0.10832657658157904, 0.10938901689612061, 0.10886679425195682, 0.10922986102159038, 0.10989997535943985, 0.10994970199703438, 0.11004655154570481, 0.11021017833995672, 0.11095544033072477, 0.11073776862464069, 0.11110347961904081, 0.11063880274540808, 0.1109788240693464, 0.11194054377865206, 0.11157161319639786, 0.11181186989772539, 0.1119563352613727, 0.11189701120180587, 0.11200982576773211, 0.11245945669664927, 0.1123512340880976, 0.1123043021724268, 0.11238389919323424, 0.11223655689987669, 0.11244334643878089, 0.11259903742766088, 0.11259169270930115, 0.11250936139397825, 0.11288777338855106, 0.11331555953512162, 0.11352305676490983, 0.11294269625760295, 0.11302919155615239, 0.11317019834200297, 0.11308938095723194, 0.11253930306050675, 0.11343337019528348, 0.11303657734412358, 0.11323408885327585, 0.11341468393345552, 0.11373068995636665, 0.11365803433982141, 0.113720513423162, 0.1142757359686439, 0.11444187303719346, 0.11378680628958655, 0.11371549584565718, 0.11404030143848957, 0.11417447245376973, 0.11404608153492395, 0.11435086693774703, 0.1141769148043694, 0.11436175436147152, 0.11437364429966804, 0.11448584202151357, 0.11449371954780414, 0.11460252675267817, 0.11482385022600004, 0.11438767447427738, 0.11477721978458891, 0.11432667145151303, 0.11452070358523563, 0.11407993859582884, 0.11466079545807253, 0.1147056511757564, 0.1149361326239226, 0.11554236490667963, 0.11521293030926055, 0.11485895253946445, 0.1150300912330487, 0.11491561425061314, 0.11499816928904481],