{
  "loss": [
    1.9996309163090906,
    1.9755537893879151,
    1.944000785737179,
    1.9016539174350058,
    1.8692493249763549,
    1.8506861897008298,
    1.8345724804704333,
    1.8219322254897796,
    1.81568320735348,
    1.8100989835382626,
    1.8072595374704525,
    1.8062756621471794,
    1.8065138108954646,
    1.800669948310378,
    1.798371533648544,
    1.7968910846981094,
    1.7963428768808092,
    1.795209815107322,
    1.7943027784399292,
    1.7941579946007125,
    1.7934069121334415,
    1.7921183819762347,
    1.7907649440992734,
    1.7897864420825746,
    1.7888328698030318,
    1.7901679541355398,
    1.789897643579555,
    1.7877604872509818,
    1.7880374037490834,
    1.7888463813581958,
    1.7865523798284935,
    1.7858204587353022,
    1.785195408996942,
    1.7851105515133932,
    1.7864961548562646,
    1.784069824545268,
    1.7838903624123195,
    1.7834282240951058,
    1.7834046401863863,
    1.7838286508801562,
    1.7823878914276536,
    1.7836481428315667,
    1.7816287111032745,
    1.7819022132514124,
    1.781661773647054,
    1.780084178195579,
    1.7812534494506445,
    1.782451463961039,
    1.781085088172601,
    1.7800225923123651,
    1.7793303430307161,
    1.7783602980408848,
    1.7794114207060483,
    1.7783963861968535,
    1.7780801511312723,
    1.7781025285561194,
    1.7784379972529962,
    1.7775587119519212,
    1.7762604635317496,
    1.7771448378269061,
    1.7768591605495325,
    1.7774456321905931,
    1.776760161210219,
    1.7763870632530558,
    1.7759203226651572,
    1.775390181207669,
    1.7751010543587182,
    1.7744868861337981,
    1.7732285586462813,
    1.7749081007454137,
    1.7737261065667635,
    1.77394886129313,
    1.773272409131918,
    1.7732996576908062,
    1.7721259849131363,
    1.7727571327070157,
    1.7725437060848819,
    1.7709161638155402,
    1.771311350108221,
    1.7701804615234078,
    1.7695672031952105,
    1.7693789106258244,
    1.768484744722094,
    1.7684005777333371,
    1.769380917350804,
    1.7679618472772416,
    1.7671216111663268,
    1.7666814952461423,
    1.7657836557734656,
    1.7648721618637833,
    1.765859864824108,
    1.7646934532315,
    1.765087570691816,
    1.7642524936554125,
    1.7628698546421457,
    1.7630230620401388,
    1.7633423799190187,
    1.7620469763168307,
    1.7641484000312173,
    1.7673958618266614
  ],
  "val_loss": [
    2.062447076518786,
    2.0495120749625984,
    1.9893545124628773,
    1.9657738470051387,
    1.9410645624273988,
    1.9229420363630878,
    1.9089759049350268,
    1.8980858325958252,
    1.8955467890386712,
    1.8930126096559987,
    1.8901848063621347,
    1.8949083596059721,
    1.88697723710918,
    1.8842647630874425,
    1.8832023219975162,
    1.885254049954349,
    1.8832569666649108,
    1.8846600491162304,
    1.8793571773729367,
    1.8805097689911656,
    1.8818102966160535,
    1.877989730334173,
    1.8776022299239625,
    1.878300960749796,
    1.8760997780926152,
    1.8757838326502063,
    1.8754823986253781,
    1.8745479866794255,
    1.8771551722260915,
    1.875958830254263,
    1.8745621763952247,
    1.8744370817593787,
    1.875896865918756,
    1.8756337013418816,
    1.8761996128787732,
    1.8767421789909606,
    1.875379094250126,
    1.8759942697063428,
    1.8752137308251369,
    1.874624247420324,
    1.8760738911694044,
    1.874761943947779,
    1.8746406623761949,
    1.8753361707408678,
    1.8755236014927903,
    1.8760392148745115,
    1.87620781817937,
    1.8768898079928742,
    1.8759768520860367,
    1.87530971825395,
    1.873057731210369,
    1.8751415204784097,
    1.8766981379626548,
    1.8754547796292937,
    1.8752210630129462,
    1.8759552131504773,
    1.8764677358000246,
    1.87548458412902,
    1.87500048173617,
    1.8752125082495006,
    1.874326709198625,
    1.8759674764659307,
    1.8750715310170771,
    1.8758608810433515,
    1.8743818998336792,
    1.8746290620603518,
    1.8753390203327893,
    1.8736035094413583,
    1.8741634871861705,
    1.8764930794772492,
    1.8755511627894015,
    1.8732346780768268,
    1.8736775558288783,
    1.8760797634516677,
    1.8736930601128705,
    1.8744283729492257,
    1.874519569688736,
    1.8743719189134362,
    1.8748945917713042,
    1.8748300429348532,
    1.8723353223713566,
    1.8726204503072452,
    1.8725083843213783,
    1.8731208522570189,
    1.8736964480517662,
    1.8730655511220295,
    1.8736300169060764,
    1.8724769593373825,
    1.8724197541197685,
    1.8744534466364613,
    1.874130586510924,
    1.874412572547181,
    1.875315703213487,
    1.8741687302175722,
    1.8749751320712642,
    1.8769792917112238,
    1.8751105565458672,
    1.8747664787997937,
    1.8764280494489627,
    1.87452830081661
  ]
}