{"loss": [0.10010972136474783, 0.05886151910686598, 0.05816671786007184], "dist": [0.027636530828363697, 0.009614602205215608, 0.009521406636734326], "mse": [0.07927221572645658, 0.05717724424125173, 0.057091067309877896], "kld": [0.12262624130891071, 0.3315583770128966, 0.8198588472877683], "l1": [0.010959821349103416, 0.0031942909797020753, 0.003216824503759943], "mcc": [0.020826545740688217, 0.0016810805970139835, 0.0010724337097460974], "epoch": [0, 1, 2], "beta": [0.0, 0.0, 0.0], "alpha": [0.0, 0.0, 0.0]}