{"loss": [0.1851685122866046, 0.06537103598477921, 0.06148865314935124, 0.05913145859977519, 0.05811366118611754, 0.05705005763596587, 0.06410864808292649, 0.06705852633168814, 0.07063098602338062, 0.07395072743032496, 0.07700431943379969, 0.08276739605376428, 0.08665150978452522, 0.09069358135960126, 0.09367910674614956, 0.09689407080323868, 0.10012208923499376, 0.10397933228725521, 0.10600114198872046, 0.10950530860765646, 0.11173945028153269, 0.11468046232287606, 0.11786059590615057, 0.12034449168375007, 0.12297944938062388, 0.12568325308348263, 0.1293555582313629, 0.13104489739527556, 0.13431515328949276, 0.13724072959873843, 0.13943657053406164, 0.1429815141916099, 0.14517907766374916, 0.14762800165962434, 0.14979135031582158, 0.1539442692958974, 0.15570314370502925, 0.15857302842103219, 0.16137715197956545, 0.1634854625145653, 0.1662198269362816, 0.16893302557915668, 0.17219840386329408, 0.17490896341587628, 0.17831830506486765, 0.18089475137136182, 0.18319665028698512, 0.18851496346371918, 0.18983681550582368, 0.1921033792560879, 0.19003494597828371, 0.1906321731174538, 0.18879947863089985, 0.18938963837162254, 0.19045848398300183, 0.1887593819062326, 0.18778780409777357, 0.18743931760728094, 0.18818604877903683, 0.1893611386242258, 0.18671975552243356, 0.18742839647580814, 0.18676677911901404, 0.18586649386930326, 0.18670486375975645, 0.1861134168184314, 0.18550191302419236, 0.18618377433481736, 0.18520124836589597, 0.1856050885212298, 0.18435490519864872, 0.18508248876345562, 0.18434419125274507, 0.18344042230083812, 0.18390576954122131, 0.18310174025716247, 0.18200039376052127, 0.1829799808000532, 0.18140630207218483, 0.18180264268439136, 0.18178848241025272, 0.18191198823062849, 0.1809971399902417, 0.18061772521524697, 0.18158113441403895, 0.18179809901879845, 0.18052076995152666, 0.17921112850858684, 0.17988851874450462, 0.17961809220703173, 0.17934120885554586, 0.17961942687344515, 0.17909026484897958, 0.17932804649698506, 0.1778522086724573, 0.1786458482154187, 0.17723207932895538, 0.1770023751448141, 0.17821747686389278, 0.177558884288747], "dist": [0.027865840735992464, 0.00959996012606255, 0.010279393898656088, 0.015359671112697468, 0.02175954417387461, 0.02487470264900118, 0.008073065768338553, 0.006620453213901428, 0.006039335492150954, 0.0057342288787978835, 0.005502868644230101, 0.005353035570013625, 0.005188989062329955, 0.005097988085337038, 0.004972976047072444, 0.004886190802136785, 0.004853616481849118, 0.004872371463250902, 0.004770192121460957, 0.004778348298418712, 0.0046871220409262105, 0.004633309473689409, 0.004637648473752379, 0.0045811806675087954, 0.004541523260390454, 0.004519926703072798, 0.004534252440870534, 0.004457535010320926, 0.004473627715865411, 0.00446042359876756, 0.004410823536287041, 0.004449082974914016, 0.004408151269175024, 0.004378993201043397, 0.004338639417760888, 0.004393304859637455, 0.004339171610490599, 0.004325715952554231, 0.0043292840890465315, 0.004295228651354703, 0.0042940629694330195, 0.004279289169696488, 0.004291005214047584, 0.004287365103825553, 0.004297937001197969, 0.004297852411624072, 0.004267523500434174, 0.004358918925897222, 0.0043026775404043285, 0.004275593979035173, 0.004221993942842702, 0.004235468804664315, 0.004189244637429505, 0.004206600483263426, 0.004243500955627084, 0.004184397279169339, 0.004159882780751888, 0.004161892373161597, 0.004182959255553298, 0.0042150202783325375, 0.0041356397587379535, 0.004161792910799516, 0.004139033756136311, 0.004111183286050233, 0.004145825698392595, 0.004121538284998194, 0.0041055747968498256, 0.004123733304145208, 0.00410380288136592, 0.00411526465539489, 0.004073526143671413, 0.004097674175425593, 0.004076790563422399, 0.004049637847740968, 0.004058015408810157, 0.004037167694683749, 0.004005509974473491, 0.004036093727400749, 0.003992529210574001, 0.004001909854204189, 0.004006222926494301, 0.0040073041572679866, 0.003977260645375789, 0.0039646801244030035, 0.003996691672562001, 0.00400279230762141, 0.003973227445320935, 0.003930056824120507, 0.003940844010737789, 0.003941277161197933, 0.003932352333076496, 0.003944580809645179, 0.003920011778129609, 0.0039367573806930725, 0.003885642641383544, 0.003914956551972375, 0.0038692694265007464, 0.003857856792978326, 0.0038992200412015753, 0.0038824857847470696], "mse": [0.07907923525598236, 0.05711692813756371, 0.05682168234046136, 0.05643792851020526, 0.056026693356486156, 0.05576092077961172, 0.05646006328822767, 0.05657906715855817, 0.056673146333088724, 0.05668774247719759, 0.056800211968238805, 0.05726981160823844, 0.05776829410624997, 0.05819338934834458, 0.05854458987514765, 0.05890233800959728, 0.05919742431255, 0.05932881083873209, 0.059489980483072726, 0.05968285929219057, 0.05969216408238277, 0.05985770285393674, 0.059924563258182, 0.05999264279531764, 0.06011273137993967, 0.060090323868847315, 0.06019939038698923, 0.06011736650498614, 0.060216576895474334, 0.06024107397527075, 0.06031961709899247, 0.060280367616492504, 0.06027352901800168, 0.06031976327123987, 0.06028927849988113, 0.060354553927919184, 0.06040849966413866, 0.06034520035678386, 0.06040677359462489, 0.060348774439915244, 0.06027249243534122, 0.06041839076660056, 0.06027210197319308, 0.06033256117865289, 0.060514098476271865, 0.06028733691929714, 0.060430940130568676, 0.06037106657155859, 0.06030606841627217, 0.06042692152180735, 0.060286275316112324, 0.06036607842435689, 0.06029050094536347, 0.06030080217642481, 0.0603345021924645, 0.06029186185388833, 0.060254736672784234, 0.06017501951034347, 0.06016870947386877, 0.06010234989280891, 0.06019244562047623, 0.06013344574934271, 0.06008812579349718, 0.06013877916547361, 0.06010804158061787, 0.060165097857199534, 0.06016191648129522, 0.06013129531588829, 0.060022623265819676, 0.060057944371922155, 0.05999982423607145, 0.06005151807557533, 0.06005940816339045, 0.06002106843309882, 0.06004533732373218, 0.060129638315567766, 0.06005411124079759, 0.06002830187384276, 0.059923387348563846, 0.06001411126912785, 0.05992361965370495, 0.05993162166530836, 0.059902323060497045, 0.05999915888931938, 0.059941834463370605, 0.05992344222643703, 0.05991534886543296, 0.05987898536037483, 0.059921940978467904, 0.05989558357563822, 0.05992232740717765, 0.05982300839448785, 0.05988128000163257, 0.059870126515494844, 0.0598512580521966, 0.05985107776355356, 0.059845447793404845, 0.05982872978006895, 0.05980552142510738, 0.059902164182643595],