{"loss": [0.10529811492432718, 0.08677964220876279, 0.08330735639385554, 0.0820417764912481, 0.0811480174764343, 0.08060446870067846, 0.08738066046134285, 0.09193058619032736, 0.0953823194037313, 0.09794366113517596, 0.10139130447221839, 0.12124399522076483, 0.12216972253892733, 0.12514724595391233, 0.1280341449898222, 0.1311455672201903, 0.13369468698035117, 0.13657016659560411, 0.13934259708808816, 0.14143282445876496, 0.14356860567694124, 0.1471139909521393, 0.1492925742138987, 0.1522213953215143, 0.1537488800805548, 0.1569121448630872, 0.15907396404639534, 0.16184990711834119, 0.16588111600150232, 0.16758265589890273, 0.16990445212177607, 0.17266123347956203, 0.17399633639532586, 0.17780665537585383, 0.1797274306546087, 0.18268857593121737, 0.18443471911160841, 0.1879156112152597, 0.18977466464042664, 0.19086958478326382, 0.1947915826673093, 0.19684083482493525, 0.19867280104885932, 0.20038563920103986, 0.20318370559941168, 0.20604625681172248, 0.20893809015336243, 0.2099926239511241, 0.21345992562563523, 0.21262034631293752, 0.21263640833937603, 0.2122877182131228, 0.2128787908087606, 0.2104920769515245, 0.2111674949138061, 0.2111745536327362, 0.21110982848250348, 0.2107085797061091, 0.20844670811425084, 0.20889881455379983, 0.207781603647315, 0.2092010004364926, 0.20906149431415227, 0.20740935763587123, 0.2069930813882662, 0.20585502733354982, 0.20666349530220032, 0.2059573033063308, 0.20470132039940875, 0.20616687590661256, 0.20565594960813938, 0.2044692895464275, 0.20382273474465246, 0.20299774454987568, 0.20325283120507778, 0.20382779546405957, 0.2029725531650626, 0.2035707042009934, 0.2049131521453028, 0.20324324206165645, 0.20197459622569705, 0.20253370976966362, 0.20318983619627745, 0.2028432541049045, 0.20191701521044192, 0.20202827964140022, 0.2024121444121651, 0.20153203085712765, 0.2013594169461209, 0.20118118319822395, 0.2017394993616187, 0.19988773332989734, 0.20032880948937457, 0.19960354022357774, 0.19924528140088787, 0.2002554214000702, 0.20085411183212115, 0.19973980271297953, 0.19910385266594266, 0.19941825141077457], "dist": [0.026641600544199995, 0.014646772497698017, 0.014699581167863116, 0.014690620201923276, 0.014605555286550003, 0.014536369328751512, 0.012697444106249706, 0.011090126583838593, 0.009919346252699262, 0.008828422519094919, 0.008344541876779302, 0.007852087182843167, 0.007580924950864004, 0.007393184362141335, 0.00724784172585477, 0.007196536943640398, 0.007061776283156612, 0.006931868397995182, 0.0068849434464684, 0.006775079405178195, 0.006629158363313131, 0.006685490609025178, 0.006602396568202454, 0.0065901469313742024, 0.006447692884375219, 0.006472981792834142, 0.006393085954224934, 0.006374730767034318, 0.006459093227091691, 0.0063712820686075994, 0.006311733234754723, 0.006314334392385638, 0.006209688928869107, 0.006255949508074833, 0.0061890694077896035, 0.006201696635183433, 0.006141227694714199, 0.006180858463453858, 0.006109382326350264, 0.005988120521702197, 0.006076999153617931, 0.006021811276593286, 0.00596570006126295, 0.005911551028004159, 0.005915070031567112, 0.00591349425887608, 0.00592090203953178, 0.005824044899124166, 0.005889304713953448, 0.005716150389255389, 0.005703259680582129, 0.005699067263175612, 0.005712222522934494, 0.005615656091629163, 0.005645280935923042, 0.005643623791554052, 0.005630361784411514, 0.00562272549930798, 0.0055306537655870555, 0.005546157873519089, 0.0054909768162052265, 0.00555862833664793, 0.0055329215388907034, 0.0054836345872963255, 0.005461752746740113, 0.005401640806509101, 0.005440307498059195, 0.005413108610588572, 0.005355466404605819, 0.005422309497371316, 0.0053937744098189085, 0.005355479103391585, 0.005318211172099995, 0.0052817894542670765, 0.00529158553392019, 0.0053100405139443665, 0.0052960637964956135, 0.005315291979957534, 0.005376410504965031, 0.0052985987293979395, 0.005246847386917343, 0.005271729837860103, 0.0052919286999689496, 0.0052873057410444905, 0.00523664964646425, 0.005242288796960012, 0.005256102132084577, 0.005231570123654345, 0.0052206570302824615, 0.005205606645297097, 0.0052386697725919276, 0.005151547949113276, 0.005162529476067942, 0.005146012220369733, 0.005118903871625662, 0.005178769352724371, 0.0051896801655707155, 0.0051492816578272895, 0.005117518394861532, 0.00513525383627933], "mse": [0.10528445913739827, 0.08677603091882623, 0.08330319019763366, 0.08203741393659426, 0.0811431541779767, 0.08059955031975456, 0.08159496701282004, 0.08182838610980822, 0.0818330127130384, 0.08186736183321994, 0.08239532659883085, 0.09271039505367694, 0.09457078940194585, 0.09571581101935843, 0.09629457986873129, 0.09669265775576882, 0.09683878021395725, 0.0972458759986836, 0.09723374331774919, 0.09710297929204029, 0.0972560279265694, 0.0972956417824911, 0.09720188861307891, 0.09723458198101624, 0.09717759325452473, 0.09716418717218482, 0.09713815672242124, 0.09708941696778588, 0.09718298696953317, 0.09710655112629352, 0.09708762604257334, 0.09709094280781953, 0.0968646298284116, 0.09710204894128054, 0.09720591170632321, 0.09707548101311145, 0.09702053528764973, 0.09708168374455493, 0.0970899345693381, 0.0972045511396035, 0.09716411978006363, 0.09722209099842155, 0.09731960138548976, 0.09724210772825324, 0.09721051310715469, 0.0974242149617361, 0.09741140905929649, 0.09743230040954506, 0.09736288687457209, 0.09739713226971419, 0.09734376166177833, 0.09736184349526529, 0.09730743734732918, 0.09723825890084972, 0.09726487438315931, 0.09728513069774794, 0.09727202875458676, 0.09718801799027817, 0.09702477817950042, 0.09701887540195299, 0.0970744959038237, 0.09696010764526285, 0.09704500260560409, 0.09695213381362998, 0.09693535361600959, 0.09689918302971384, 0.0967695218195086, 0.09688348311444987, 0.09681740302106609, 0.0967633405327797, 0.09672285974025727, 0.09670543544966241, 0.09664811236702878, 0.09664089607155842, 0.09656940650680791, 0.09660371613243351, 0.09646457177141439, 0.09655421591323354, 0.09651601010042687, 0.09658112546671992, 0.09638221052677735, 0.096425641062467, 0.09650553405284881, 0.0963823759685392, 0.09642869074707446, 0.0963905941662581, 0.09633412486833075, 0.09632422017014546, 0.09627605868422467, 0.09631199024293734, 0.0963153440926386, 0.09616945396298948, 0.09631128712840702, 0.09614928446386171, 0.0962100615967875, 0.09610298721686654, 0.09620017954836721, 0.09614249505426573, 0.09616889952317528, 0.09612564121899397],