{"loss": [0.06134550663005654, 0.052047459510439785, 0.04986002296209335], "dist": [0.014778247258200846, 0.009967491057862361, 0.009942431099495495], "mse": [0.061333848028670736, 0.05204268229060546, 0.049853887755638385], "kld": [7.7816172582393115, 6.6525963194437185, 6.539044495699501], "l1": [0.11658564493874503, 0.04777271780384872, 0.06135323655790205], "mcc": [0.0, 0.0, 0.0], "epoch": [0, 1, 2], "beta": [0.0, 0.0, 0.0], "alpha": [0.0, 0.0, 0.0]}