{"loss": [0.06139881559475662, 0.05208919182463798, 0.049893125049780884, 0.04847807808059709, 0.04733531391096784, 0.04648392429049821, 0.28356794665183765, 0.3718830593579629, 0.47946264063237864, 0.5937247263099805, 0.7041208311761323, 0.8210318659045671, 0.9367509774830705, 1.0486611277525322, 1.1657123191494005, 1.277439741915755, 1.3870590772023053, 1.4981909351123488, 1.6074164042268582, 1.7130410158827878, 1.8420105896108787, 1.936480463167413, 2.0506372358457376, 2.1518361924141867, 2.2653125809777963, 2.3697887444249637, 2.4563510706717016, 2.564130142837367, 2.668256902272099, 2.789209862051193, 2.886377597665153, 2.9993118619989256, 3.1083257222985585, 3.2008315647018186, 3.3051877979689896, 3.404706031216124, 3.499101666967485, 3.602707023282523, 3.7031614245128774, 3.7783422790566785, 3.8660791906331453, 3.993797618494076, 4.051089384707249, 4.156015240811527, 4.289462547710762, 4.381239031407119, 4.451525849464901, 4.555497239224139, 4.628933442043941, 4.736994376386814, 4.690834876881745, 4.695070136068843, 4.697074449925162, 4.666081410567201, 4.6658114946751335, 4.682273933771266, 4.632640963290959, 4.628522902154852, 4.63277301548855, 4.598980449327162, 4.631524569526909, 4.6116111426445014, 4.630229348093931, 4.616613574359055, 4.601679409976548, 4.605714567654946, 4.602045108155627, 4.625395511770883, 4.589741049348164, 4.612770894781701, 4.573421767754604, 4.567238987284537, 4.604208726122249, 4.577281947678266, 4.584795840909949, 4.586849224972408, 4.561007386296327, 4.56658491743192, 4.574279443199913, 4.5478380698397025, 4.57145864854359, 4.551231383925175, 4.56218969557803, 4.565480069536578, 4.5647051091384325, 4.5184075247766, 4.526772564235783, 4.526658905837878, 4.557095830866646, 4.519391113405214, 4.532117769320219, 4.540234855922321, 4.522950004791755, 4.5327426936460915, 4.527381044370913, 4.563113607367173, 4.50337325734261, 4.537127190889953, 4.513518585588239, 4.52709059842052], "mmd": [2.262756583785729, 1.7522136175474001, 1.5418954772470268, 1.427637541487791, 1.3366135064749105, 1.2726355898503539, 0.39806239656894915, 0.3009643424384879, 0.27992593896529877, 0.27307481804045475, 0.2670768955653668, 0.26384116817084163, 0.2613582169111581, 0.2587514081901074, 0.2578921683429791, 0.2563297493463077, 0.254574902586782, 0.25365336149094553, 0.2524249925218974, 0.25064458203896817, 0.25263580191258667, 0.24971845118738875, 0.24962485437467144, 0.24794358593938623, 0.24795532697588865, 0.24689169439378483, 0.24404140296591614, 0.24359815238673718, 0.24291659757340853, 0.24379735088947077, 0.2425108681841474, 0.2426591759418279, 0.24242588822651473, 0.2408839247823642, 0.24039259396680523, 0.23961128243843596, 0.2384990073157202, 0.23816607258608632, 0.2375568717365955, 0.23529056502585927, 0.23410285287364724, 0.23532525613970032, 0.23237397386369185, 0.23221743593275812, 0.23373997799138727, 0.23293242734503358, 0.23098605979052392, 0.23082055138256208, 0.22918908474100216, 0.22926751388844924, 0.2268928806882137, 0.22714680241781288, 0.22723245521679938, 0.22567854275819646, 0.22561526520829786, 0.22646464880671424, 0.2239569690590243, 0.22372217084579665, 0.22391614273872826, 0.22220838107333754, 0.22382345566721398, 0.22287156178644876, 0.22377209110045188, 0.22316154203703695, 0.22235392251958522, 0.22255305864434122, 0.2223284283936288, 0.22349827022372884, 0.2216750574208785, 0.22275297805953062, 0.22084935445288964, 0.22054282255591812, 0.2223383363892092, 0.22100256632138565, 0.22140596457034833, 0.2215542979923626, 0.22029402660566383, 0.22053755236517203, 0.22088114259162012, 0.2196223204473977, 0.22066619147049976, 0.2196762659745167, 0.22022021761056768, 0.22036924848176176, 0.2203875117587198, 0.21797083333640893, 0.218356981939544, 0.21846436796107355, 0.21991025844652157, 0.2180359898853161, 0.21874031239633546, 0.219123942064922, 0.21817272084942596, 0.21872779557500668, 0.2184188017728938, 0.2201748478447845, 0.21725102180568295, 0.21889366412004305, 0.21766288690764232, 0.2184789448184136], "mse": [0.06133390725913569, 0.052038392307927374, 0.04984077116807419, 0.04842499466929337, 0.04728252205728076, 0.046431664036286985, 0.10143746016890999, 0.0970235823748559, 0.09638421683182921, 0.0955817812676796, 0.09527768269511411, 0.09568978838369449, 0.09636490088798094, 0.09691760928935456, 0.09815975696816931, 0.09852869603975485, 0.09967742071238014, 0.09963491452277323, 0.10002552589162238, 0.10105778194380652, 0.10186473144826368, 0.10262430275472616, 0.10370490388556809, 0.10449565722547922, 0.10499889874607984, 0.10605752749844527, 0.106756669731929, 0.1069543477219352, 0.10748305315897419, 0.10752440668763578, 0.1073900901518509, 0.10810789747639632, 0.10881537604015018, 0.10913561985578987, 0.10999973832548457, 0.11032294644870998, 0.11032865989947777, 0.11060158788409508, 0.11070954589451082, 0.11207735031138846, 0.11175856869145018, 0.11179582399358777, 0.11227230876243978, 0.11258552104586865, 0.11273955561473767, 0.11283178252210645, 0.11262034044836261, 0.11269856161785971, 0.1130621013956549, 0.11312929799496864, 0.11324300643392292, 0.11342574057321957, 0.11309188249984556, 0.11318337482618969, 0.11299994037633808, 0.11326207942501305, 0.1132559884818301, 0.1132559364488241, 0.1136258989682578, 0.11373826741423881, 0.11343471265701988, 0.11349332825648027, 0.11408977502161854, 0.11372688973936056, 0.11389782968660929, 0.11418716861499113, 0.11419417466995811, 0.11375901522321222, 0.11371065848995347, 0.11429265626820363, 0.11452498896655515, 0.11414867648345857, 0.11422613674727994, 0.11373819090547026, 0.11413100390437787, 0.11403964578753208, 0.11425901618146474, 0.11450943026135908, 0.11478247745526594, 0.114614588515269, 0.114264880492733, 0.11403051282841839, 0.11448125285887471, 0.11429926231393434, 0.11394130404449812, 0.11387254845796695, 0.1144016042703892, 0.1142918962539563, 0.11432482251564545, 0.11484848980845518, 0.11442619652392418, 0.11422079882998586, 0.11476345278839946, 0.1138388866798036, 0.11429270548385567, 0.11430820678546474, 0.11450194472796456, 0.11467766563684585, 0.1143897700521055, 0.1142782507962279],