{"loss": [0.1005964404470019, 0.05920769854213498, 0.058438344062079005, 0.057777170322978515, 0.05732673266833783, 0.05688898823329934, 0.35080161439791385, 0.4413631799654207, 0.5901406361134048, 0.7216504809599331, 0.8531333094509524, 0.9761218648717533, 1.1034232792685268, 1.2285233992241333, 1.353821747236097, 1.464874045535416, 1.573206496027407, 1.7060253900122255, 1.8299020218884399, 1.9388303728540328, 2.0585859094800063, 2.1587893529691935, 2.28928566401607, 2.3979278709546854, 2.5056182058030076, 2.6223300237599294, 2.7389343101833914, 2.841364157604854, 2.944194707771876, 3.062363330863603, 3.15722289923551, 3.2599668967671023, 3.3679415813400966, 3.4611397786189744, 3.599389073063387, 3.674291960069665, 3.768838118591196, 3.8984968792564585, 4.006368647297869, 4.121479107322862, 4.206687264463574, 4.326028223756145, 4.43394278282605, 4.5349900990152285, 4.6457700926584895, 4.789874374074105, 4.865051058229703, 5.016166674685795, 5.1028591036972655, 5.2217188170248505, 5.194193547726382, 5.193566766412078, 5.18725701660314, 5.219901980466293, 5.193289627880959, 5.201263205163412, 5.188029764674087, 5.1467665210256195, 5.20162174937644, 5.187981601303754, 5.140578626705942, 5.178962057415104, 5.162357782155407, 5.1478460560521135, 5.1721085938604405, 5.1669562292592035, 5.1389050290010525, 5.149044587305765, 5.14565809297773, 5.127940306107086, 5.165066586991709, 5.13886600794433, 5.148960025483079, 5.128370491757527, 5.108126449091924, 5.137169782661089, 5.113230996153027, 5.130468798176753, 5.116210313808266, 5.110033501902571, 5.1164113954039765, 5.114582168474859, 5.0819775713071165, 5.1088033331725935, 5.125460585251869, 5.0920823278948335, 5.115512141801053, 5.0838630005739285, 5.121531199493296, 5.071006523805671, 5.08170654396891, 5.082872405890348, 5.06598017522116, 5.0993402983272444, 5.071934672543006, 5.089692974020142, 5.059864593573476, 5.067792730810371, 5.090671634392337, 5.080906550324298], "mmd": [2.3792922496795654, 2.435803478542424, 2.4412287943824533, 2.4329103761444766, 2.4286450184606556, 2.4579161667929443, 0.5091465120169402, 0.3525714187097338, 0.3421634328682278, 0.3280114179567889, 0.3195476328604683, 0.3090189167324514, 0.30374809872892794, 0.2999292998141341, 0.29687979876819004, 0.29157498705598417, 0.28681405881306976, 0.287076844972733, 0.2860302145715302, 0.28265922097282886, 0.2813621664328977, 0.27758263828483254, 0.27816620237982254, 0.2759545562978685, 0.2738988988508678, 0.27307827849948074, 0.27223225131608886, 0.2700485641045972, 0.268235868638164, 0.2677959094107415, 0.26544326046368927, 0.26390365008237265, 0.2629204757368547, 0.26082257351988, 0.2623282520422379, 0.25905076494685303, 0.2573490937844337, 0.25825487552664655, 0.25760841886877484, 0.25748756536704925, 0.25549857067480747, 0.25568671300016793, 0.25515246285645615, 0.2542938773838069, 0.254006325670324, 0.2555188377947716, 0.2533319452928828, 0.2551879954346878, 0.2536660906042975, 0.25375656460025287, 0.2524212397623978, 0.2523847130984288, 0.252145714452559, 0.2537486606237631, 0.2524122813911875, 0.25279709404029027, 0.25209331259329526, 0.2500106424445416, 0.25273594647601927, 0.25205291484096026, 0.24967755458731772, 0.251660088294542, 0.2507793555803806, 0.2500143844628792, 0.25120797196466427, 0.25095637668711046, 0.24957674125448817, 0.25012896089997566, 0.24996473757960067, 0.24904131955374995, 0.25089505096922243, 0.24963724771665857, 0.25007159757033054, 0.24908041498421565, 0.24807363319344147, 0.24952869667524424, 0.2483031866821616, 0.24919727145304885, 0.248462144478033, 0.24818481775647253, 0.24848731040426336, 0.24840233854652333, 0.2467511866126138, 0.2481166458024232, 0.24890421350738323, 0.2472932331451109, 0.24844027969826624, 0.24685676527956563, 0.24876193116739545, 0.24621162731943314, 0.2467658731486632, 0.24682971216639177, 0.24596646756065826, 0.2476334532219339, 0.24629723028647144, 0.24722309456794264, 0.24569524732174866, 0.2461460002504036, 0.24732475706886506, 0.24676550097180258], "mse": [0.07937312816741547, 0.05718559634210088, 0.05709539776450598, 0.0569346501454821, 0.05656617606386124, 0.0562168951785987, 0.11349000825245412, 0.11875093595139913, 0.12151514150015184, 0.12319861093819405, 0.1246544443279989, 0.12577602562207063, 0.12634399160192494, 0.12608104010980625, 0.12704242270665472, 0.1273825379250849, 0.12717262555348469, 0.12795355492319632, 0.12749698289299996, 0.12802510823025484, 0.12822737953071228, 0.12821038064039264, 0.12802521130579084, 0.12812890719892003, 0.12846442249272036, 0.12836805265534398, 0.12839393269276161, 0.12859159645292925, 0.1280356550608463, 0.12837941630948418, 0.12837579980646666, 0.12852323242357244, 0.1283607532764115, 0.1283099492420298, 0.1279640047861871, 0.12827271652274505, 0.12876578115554116, 0.1283303181279005, 0.128486157300025, 0.1281129085683048, 0.1281558194994222, 0.12841856714057429, 0.12819337754605264, 0.12827496510136602, 0.1277815793342393, 0.12813774393967722, 0.12818744522209885, 0.12826265988973254, 0.12812773026030735, 0.1287120806721852, 0.12835424089669478, 0.12829819658394226, 0.12782677166174927, 0.12776973493606336, 0.12809340736142288, 0.12743268360107302, 0.12782884136040418, 0.1276672270418622, 0.12747899703736496, 0.12775700246609825, 0.127683398400487, 0.1272188931307377, 0.12771604178222984, 0.1278731884597147, 0.12752751272001153, 0.127797706693719, 0.1273477657352804, 0.1271665473654316, 0.12720304107956557, 0.12726774213056974, 0.12748528441394977, 0.12735167831358565, 0.12726141371526253, 0.1274250026137473, 0.12708961976859912, 0.12742037903875156, 0.12742350909699365, 0.12736347669864864, 0.127365686857806, 0.12693265091457254, 0.1268045456648049, 0.12715181673118953, 0.12693524155958363, 0.12747053893357296, 0.1273548662926633, 0.12730179445342088, 0.1271702682316039, 0.127129487891405, 0.1272462348906293, 0.12711926701546067, 0.12716856581245603, 0.12671611481174233, 0.12726793266513675, 0.12720474069236476, 0.12721985590642806, 0.12710232840110844, 0.12723456908628192, 0.12714777616137415, 0.12707220820195567, 0.12686537430680836],