{
  "loss": [
    1.0144945332305464,
    1.0033078234924218,
    1.0000930920109183,
    0.9976164779900535,
    0.9894584269642933,
    0.9866787033458386,
    0.9863081447678196,
    0.9856697723998633,
    0.984642374302476,
    0.9840719862679554,
    0.9832743727042674,
    0.9831881069055574,
    0.9818913319997483,
    0.9808291086856114,
    0.9804406119468517,
    0.9798208452925558,
    0.9794009088691148,
    0.9786064869802389,
    0.9780444287392739,
    0.9775579397913179,
    0.9771088841266202,
    0.9767040051338955,
    0.976047704949503,
    0.9755151148467179,
    0.9749843980812577,
    0.9749240448379963,
    0.9753907899387547,
    0.9747035976639368,
    0.9739003166763905,
    0.9741928929996361,
    0.9737794068816792,
    0.9735055535903154,
    0.9734935537096341,
    0.9734845802681993,
    0.9733159797062022,
    0.9735991805031461,
    0.9732078034590076,
    0.9729200644483111,
    0.9731176064000623,
    0.9728661770637241,
    0.9731131486705797,
    0.9724042887563081,
    0.972330781172754,
    0.9722959294854588,
    0.9724735076986111,
    0.9724625282923537,
    0.97187580187753,
    0.9722334569807957,
    0.9720846017618061,
    0.9726945223973444,
    0.9721452791256189,
    0.9720933929833269,
    0.9720136140331187,
    0.9719216789958892,
    0.9716194417464018,
    0.9719359082137115,
    0.9717907955507513,
    0.9716958079622542,
    0.9719275181043402,
    0.9718295008748582,
    0.9716277983029057,
    0.9716943597405667,
    0.9717050983655119,
    0.9717305724664606,
    0.9714700519781466,
    0.9717305054297859,
    0.9715384439565127,
    0.9715818571512463,
    0.9715707996616554,
    0.9713486431677363,
    0.9712102716262664,
    0.9716214723333131,
    0.9716474017658466,
    0.9713478182182937,
    0.9713698940389947,
    0.971563688704842,
    0.9714276037820976,
    0.9713543515794303,
    0.9713996437523672,
    0.9713221245212853,
    0.9715178892319467,
    0.9732321408884337,
    0.9726826880828352,
    0.9723009693200882,
    0.9716108487946294,
    0.9713372597282388,
    0.9709833126113372,
    0.9709863614686303,
    0.9710739053399176,
    0.9713897432026698,
    0.9714805040026834,
    0.9710414539749402,
    0.9711098904867113,
    0.9710511174843195,
    0.971214847823011,
    0.9712153102339791,
    0.9709730248951991,
    0.9713251562722731,
    0.9715226622628736,
    0.971363644983124
  ],
  "val_loss": [
    1.0165846719957652,
    1.0116266719459668,
    1.009546328072329,
    1.0051226783068554,
    0.9968729444742467,
    0.9965830397547707,
    0.9963881299213742,
    0.9958524032947835,
    0.9955344803454422,
    0.9957583588561436,
    0.9948888436267295,
    0.9947928018307565,
    0.9940576755950264,
    0.9938290175773734,
    0.9934518718920501,
    0.9929384481147782,
    0.9925380385792226,
    0.992178406582086,
    0.9919122946032246,
    0.9918778573220919,
    0.9912440390922237,
    0.9912525189274665,
    0.9907541604324537,
    0.9906718111471985,
    0.9902394747083405,
    0.9903314697893226,
    0.990271830812695,
    0.9898182323774055,
    0.9897753566549812,
    0.9895739414645902,
    0.9895721803305021,
    0.9893676838431518,
    0.9894482840025322,
    0.9891993538990025,
    0.9893006431783994,
    0.9895540018792636,
    0.9889524201212634,
    0.9888945364068664,
    0.9891827411706627,
    0.988621851518198,
    0.988629423040547,
    0.9885205407351063,
    0.9884838577064834,
    0.9885965509797666,
    0.9883495126459322,
    0.988311531222631,
    0.9883828772286076,
    0.9884872068871091,
    0.9882365250656233,
    0.9882604696810418,
    0.9882201616796338,
    0.9882198920238301,
    0.9881377524591111,
    0.98839173394718,
    0.9881901760336192,
    0.9881684331532088,
    0.9881107128192824,
    0.9880402143709882,
    0.9878501523115008,
    0.9879739599797105,
    0.9882765684366914,
    0.9879415323286224,
    0.9879327890532811,
    0.9878619635001978,
    0.9879492183257451,
    0.9878640309495251,
    0.9878538680335808,
    0.9879527786022971,
    0.9878492271236287,
    0.987817221558594,
    0.9880139720871043,
    0.9878397119635088,
    0.987981740482001,
    0.9877996886942957,
    0.9877280201328973,
    0.9878826072852417,
    0.9877255786039202,
    0.9877228596693454,
    0.9876753963862339,
    0.987666696700178,
    0.9878369012216467,
    0.9883369351533662,
    0.9878284072886556,
    0.987745123875493,
    0.9876363559654766,
    0.9876566793110833,
    0.9875725483931378,
    0.9875975262438984,
    0.9875862838583456,
    0.9876373111209823,
    0.9876247072844064,
    0.9876586536306327,
    0.9876462612602804,
    0.9876424117286162,
    0.9877185229057479,
    0.9875950635815238,
    0.9875727801728148,
    0.9876302448693363,
    0.9878086825286784,
    0.987741820717535
  ]
}