{"loss": [0.0626417597263303, 0.05300208621354364, 0.050831012790981386, 0.050006970135905014, 0.04961140610090563, 0.049393251307165605, 0.055767565607980574, 0.059739792017896205, 0.06275190162627876, 0.06527228985240399, 0.06748893525192798, 0.08279470256371547, 0.08365273192811047, 0.08648991907232798, 0.08918241248569249, 0.09178720621537952, 0.09388079389687655, 0.09716548646306358, 0.09878103944584397, 0.10214582606159602, 0.10413247415110843, 0.1066052256760076, 0.10897945466298649, 0.11173468374783391, 0.11318393259624258, 0.11610941289534774, 0.11899609815334816, 0.12110736643678152, 0.12314280834560733, 0.12612739250482097, 0.12773725848254283, 0.13053190978890508, 0.13352657616842797, 0.13491977930641244, 0.13753346807187206, 0.1406008388566478, 0.1418284757208613, 0.14386905635125175, 0.14723670576180453, 0.14879070465594663, 0.1511692453610492, 0.154044222829525, 0.15615519612719425, 0.1584107434511889, 0.16155299418874117, 0.16374502893388712, 0.1656349705232299, 0.16862057669960415, 0.1699174429170314, 0.1712120955306459, 0.1705201938198095, 0.1694526699436292, 0.17097988675184758, 0.16992159608195767, 0.16903103841812608, 0.1689061418814004, 0.16708879387405107, 0.16749288570933715, 0.16722759472390575, 0.1670440243807466, 0.16626367432944356, 0.16508532929587752, 0.16675818974545648, 0.1653191203600899, 0.16490716326492047, 0.1636565201853896, 0.16329492637378604, 0.163415315364277, 0.16268601763767893, 0.16099228401788052, 0.16187018651289636, 0.16306426314474737, 0.1626033376093453, 0.160397381624936, 0.16004607562344395, 0.16039348720535745, 0.15961345964203558, 0.15931783131209576, 0.15920860496414288, 0.15892965564479503, 0.15830678041567656, 0.1572335757744365, 0.15933821934716916, 0.15906847496152451, 0.15772830765347715, 0.15763072152257493, 0.15685215414098658, 0.15690024708847528, 0.15683779173270637, 0.15566961532197288, 0.15549285406111968, 0.15705934048051143, 0.1560709568915374, 0.15496806941233146, 0.1556453069608708, 0.15468470124937758, 0.15478343774111972, 0.1538528241272163, 0.154875611415906, 0.1539070726959709], "dist": [0.015355592649952787, 0.009767626394329255, 0.009704856911847476, 0.009819315232961071, 0.00979160433573211, 0.009761720236481622, 0.008121481619601962, 0.006799802767385232, 0.005989346645656902, 0.005422203350355477, 0.004901103419320523, 0.004971264902278065, 0.00481976916895907, 0.004753449994677257, 0.004642310954679899, 0.004557098663361135, 0.004424929450660878, 0.004448378853777773, 0.004333204784956066, 0.004336690138805344, 0.004278352086540955, 0.004222598867119459, 0.004195389459583704, 0.004171014095359431, 0.004068960961534957, 0.0040822702125017495, 0.004080219550073378, 0.004044415922065099, 0.003998665777557809, 0.004004803109753112, 0.003955095246340667, 0.0039594437338224715, 0.003970775866407785, 0.003910590002919923, 0.003912188715275317, 0.003926984582679619, 0.0038653229852654097, 0.003828430985942472, 0.0038614290000518656, 0.0038173779608967934, 0.0038096551703250634, 0.0038175859894022963, 0.0038004276817980905, 0.00377192728336972, 0.0037979690070529546, 0.0037890883835659884, 0.0037604349605502504, 0.003773098033054992, 0.003734616662287587, 0.0036853832042084093, 0.0036696614855776595, 0.003637761285320816, 0.0036790757245718443, 0.0036467404209319476, 0.003612716826183812, 0.0036116563780384586, 0.003554106012476468, 0.0035726207749026675, 0.0035638002559413343, 0.0035583939872052043, 0.003527565217512265, 0.003497446951851183, 0.0035424432316602398, 0.0035015965207993017, 0.0034877731823506853, 0.003448864399865435, 0.00343398675645813, 0.0034389200950855803, 0.0034211057845635155, 0.0033690927524746917, 0.0033909178230955516, 0.003436619166368715, 0.003419252531052714, 0.0033518077972093307, 0.003330001915685359, 0.0033472384100207615, 0.003321468928124497, 0.003313584795374385, 0.0033159648813513637, 0.0033043716390007776, 0.0032876381482736397, 0.003249023658391281, 0.0033203856849305584, 0.003311188900643792, 0.003270731773743326, 0.0032653959381684352, 0.003246671092686858, 0.003246895897895527, 0.0032445425329319967, 0.0032032683283294188, 0.003198887371978113, 0.0032495532456188404, 0.0032203519459610237, 0.003185303405441751, 0.0032067834115910455, 0.0031799935162111436, 0.0031749766127053686, 0.0031470578766401797, 0.0031832420718381554, 0.0031536855785440285], "mse": [0.06263429577981, 0.052999056270414825, 0.05082761298210265, 0.05000333687183248, 0.04960753316365105, 0.049389402823663005, 0.050217913163817615, 0.05044741587413467, 0.05047789661755766, 0.05046216319239474, 0.050755688945379004, 0.05812813387289533, 0.0588802298093476, 0.059236621866594216, 0.059553127851408726, 0.059599759764254, 0.059737734892783875, 0.059721153444078155, 0.0596447522577278, 0.059791969578366515, 0.059591276931577807, 0.05969371745140021, 0.059631263333726314, 0.059658131915718275, 0.059676120957384435, 0.059646017222143875, 0.05965431780173296, 0.05954413093967663, 0.05960021045284574, 0.05957886982747688, 0.05949717453588763, 0.059527467837229786, 0.05950914544536233, 0.059439086629025514, 0.059479737409460665, 0.05946683136958139, 0.05937945275420276, 0.059430189397697786, 0.059445708346287644, 0.05942765387267623, 0.05943553936028058, 0.05954343474509973, 0.05944808371133959, 0.05954678257049627, 0.05958250272287224, 0.05943300034658243, 0.05956306745417889, 0.05955019023164865, 0.059456616265911116, 0.059512243071017976, 0.05949668324328244, 0.05946347811857742, 0.059567381076217576, 0.059596276348195365, 0.05953526167829069, 0.05951600674226154, 0.059531440691502444, 0.05952414234706711, 0.059390533154216794, 0.059403039107822776, 0.059463382234997725, 0.05935635879921948, 0.05947722788993682, 0.05933727508897795, 0.05931845705191353, 0.059281066566309513, 0.05936747739859134, 0.05935174892580844, 0.059236752559902746, 0.05925428579551783, 0.05919369548955379, 0.05923159857400235, 0.05924227288986062, 0.059172087413653665, 0.05920505170411866, 0.05921744769287778, 0.05913342134903241, 0.05913781337274934, 0.059039369308041684, 0.05912012747726905, 0.05901669633837535, 0.0590611480869782, 0.05898039052854437, 0.05903931782530013, 0.05891202963569492, 0.05897463635820758, 0.05889969638258527, 0.058904689834336235, 0.05889082024289375, 0.058871121155414485, 0.058839766988241865, 0.0589627150825859, 0.05882078548411851, 0.05879223050667933, 0.058808112624300815, 0.05877901097564261, 0.05883438241402543, 0.05880840251461618, 0.05878231689289894, 0.058802548762922624],