{"loss": [0.0626417597263303, 0.05300208621354364, 0.050831012790981386, 0.050006970135905014, 0.04961140610090563, 0.049393251307165605, 0.0535876365045589, 0.05638194974495354, 0.058509026184964216, 0.06037503535387435, 0.061818496102640515, 0.07583828568128398, 0.07556163604911885, 0.07753823332191394, 0.07934152782843772, 0.08125862038998344, 0.08256999475873203, 0.08485630151308093, 0.0858744053469979, 0.0879635393531495, 0.0893902168272165, 0.09091085935096797, 0.09260794624928358, 0.09435375591676731, 0.09525287292204368, 0.09708423577964394, 0.09916227227255724, 0.10056120736120018, 0.10187822685988299, 0.10408688478579022, 0.1050901528299295, 0.10683573278401767, 0.10851776619693554, 0.10958482494558507, 0.11138864708968069, 0.1130943148227703, 0.11419832615107518, 0.11579398115329236, 0.117739305571492, 0.11878136818350858, 0.12052059668821985, 0.1221535761277996, 0.12313400367426203, 0.125370543730752, 0.12704954585789577, 0.12882080248266767, 0.1296176096779381, 0.131847070351221, 0.13269082280742542, 0.13397280390937008, 0.13297088422222364, 0.13253806150646294, 0.13320595346270142, 0.13304452440719308, 0.13173170573734286, 0.1324326497567281, 0.1307482243552694, 0.13122706059118847, 0.13105000887875015, 0.13062590395858403, 0.13019942345876284, 0.12960807394726062, 0.13041378417914867, 0.1294501064513071, 0.12915502728528427, 0.12848808752865348, 0.12824218659668588, 0.12831162247515146, 0.12814296432048566, 0.12697788707614827, 0.1271715781141067, 0.12804725307261397, 0.12804888163526795, 0.12669884340845852, 0.1263683355321208, 0.12636041347394136, 0.1257491900284322, 0.12558077134885323, 0.12545922147646613, 0.12547463014655838, 0.12479868634676827, 0.12407983862622977, 0.12488441686510511, 0.12535864390994103, 0.12457794802843908, 0.12412436254751735, 0.12382603186888391, 0.12351396005254024, 0.12385910856186727, 0.1230777104328795, 0.12318220769813178, 0.1237362320129065, 0.12286493843600176, 0.12258987787951395, 0.12275389259463751, 0.12216268102342656, 0.12249873844876423, 0.12160338878499528, 0.12270148483653892, 0.1222191272823462], "dist": [0.015355592649952787, 0.009767626394329255, 0.009704856911847476, 0.009819315232961071, 0.00979160433573211, 0.009761720236481622, 0.008171359934476775, 0.006906634985236795, 0.006119619420436562, 0.005621101282828623, 0.0050848484399729854, 0.005132337699560352, 0.0049684240105816405, 0.00490771737957354, 0.004792405724349367, 0.004719297700641371, 0.004552069147794261, 0.004560634597002403, 0.004429227310374511, 0.004400009685746247, 0.004357255158183802, 0.004280118293203194, 0.004263040536919683, 0.00422165067292106, 0.004107562148946295, 0.004106926945508616, 0.004123742909183068, 0.004075574827555187, 0.004035880783486126, 0.004053132969128076, 0.00398728110383167, 0.003988788338162093, 0.003982026849775692, 0.003922767213757591, 0.003925797094293819, 0.003924351123655476, 0.003880272738764852, 0.003857673755248505, 0.0038678376937829827, 0.0038285885708464347, 0.0038234458297719434, 0.003820172551279252, 0.003776942000434111, 0.0037892709850392784, 0.0037912381546395765, 0.0037999939621581615, 0.003747845985108169, 0.003768889517200068, 0.0037344954116888996, 0.0036973871168249905, 0.0036644437565279786, 0.0036404878136659237, 0.00366652464945326, 0.0036641741763013503, 0.003595438544422476, 0.0036343942152850736, 0.0035515506456068207, 0.0035772104522328895, 0.0035741090997393234, 0.0035522335779507876, 0.003527970760345371, 0.0035062946705560322, 0.0035363920851496423, 0.0034978397354274503, 0.003486132581630224, 0.0034542683468295186, 0.0034404369525094154, 0.0034415638093194174, 0.003437530737888877, 0.003388785211674792, 0.0033907024100411852, 0.003438324905158828, 0.0034391459356511956, 0.003375491753469553, 0.003350926351119961, 0.0033530923020317492, 0.003324548697183005, 0.003319896032285369, 0.0033170150983610923, 0.003318685167462206, 0.003288836055228891, 0.0032489623154267296, 0.0032908708884406895, 0.0033060639358622242, 0.0032762301089434695, 0.0032546878173298024, 0.0032452836994183534, 0.0032319100126569082, 0.003243669825042027, 0.003202248832411745, 0.0032093589102293596, 0.0032362599691728258, 0.003199477270080473, 0.0031830161432302288, 0.0031956913389205007, 0.0031684894471372886, 0.003178202919937131, 0.0031416362070339557, 0.003194414285022595, 0.003164238873367064], "mse": [0.06263429577981, 0.052999056270414825, 0.05082761298210265, 0.05000333687183248, 0.04960753316365105, 0.049389402823663005, 0.0498635812471325, 0.05008770766471302, 0.05014551489818924, 0.05013539457756976, 0.0502418662576855, 0.057920882409573306, 0.058364285621104246, 0.058667580714033836, 0.05889890086527589, 0.058977921723086864, 0.05913492771996353, 0.059196871450855955, 0.059141641072763824, 0.05929404079495892, 0.05911833003845666, 0.059196799932985926, 0.059156861552415604, 0.059201283691288624, 0.05921890507926793, 0.059179749455374485, 0.05920530928840841, 0.05910153766788619, 0.05914553434779232, 0.059162965377289226, 0.05912210085213272, 0.059125419486000405, 0.05909383949580185, 0.05905440386984514, 0.05909200690609666, 0.059061506534740876, 0.059001957956409876, 0.05904940718804188, 0.05907439300721646, 0.05906210009949598, 0.05905485322129427, 0.05913050823805075, 0.05905960571774704, 0.0591630911127151, 0.05917859955675669, 0.05901922843524941, 0.059132144911602645, 0.059146465995022955, 0.059059058540284724, 0.05915766289152282, 0.059106222971547474, 0.05909018591046333, 0.05915776893848683, 0.059151895366267936, 0.05909151782555453, 0.05906182621637335, 0.05909825364565215, 0.059111603413277924, 0.05899484485850024, 0.05896500963580133, 0.059007822328207234, 0.058938126862489316, 0.05897561183400133, 0.058903356152896165, 0.058861739872961664, 0.05883912651344275, 0.05889416422194181, 0.05888246548976997, 0.05880154329771657, 0.058783377472591894, 0.058742229379658506, 0.05879643205635833, 0.05878291383627775, 0.05871308115661761, 0.058785556932495826, 0.05878214483070937, 0.05874107392887245, 0.0587036894301456, 0.05864575606505311, 0.058715672307871995, 0.058619437846554615, 0.05868781417432176, 0.05861512972716038, 0.058703224731821074, 0.058578808691512184, 0.05862802886672351, 0.0585682500137272, 0.05856762079183601, 0.05855414452391678, 0.05856879772494603, 0.05854226482077399, 0.058638816438010034, 0.05849871310670936, 0.0584726825719658, 0.058478896207612235, 0.05843480700073954, 0.0585004001239554, 0.05849014355235649, 0.05846057037659198, 0.058486102828467085],