{"loss": [0.0626417597263303, 0.05300208621354364, 0.050831012790981386, 0.050006970135905014, 0.04961140610090563, 0.049393251307165605, 0.055767565607980574, 0.059739792017896205, 0.06275190162627876, 0.06527228985240399, 0.06748893525192798, 0.07231537308241275, 0.07625049888603444, 0.0795956552028656, 0.08337321985331385, 0.08576032667911916, 0.08914848768112402, 0.09257014910174613, 0.09485734691031751, 0.09753121074668766, 0.1003289171322586, 0.10320552635492215, 0.10568087487488413, 0.10828715729000297, 0.10997789989237948, 0.11285821927306923, 0.11553871859431795, 0.11763574115854951, 0.12013616428285441, 0.1233649022403989, 0.124779509245645, 0.12752697282254785, 0.13019442498860015, 0.13212342161899832, 0.13410416012148385, 0.13721891964732105, 0.13860115876622178, 0.14078511790739734, 0.14363585792184758, 0.14520319543525775, 0.14699099251403414, 0.1496740120244343, 0.15131575853028714, 0.15505018562870856, 0.15696005960114773, 0.16034069297452797, 0.16145427527244546, 0.16424274037384387, 0.16560513220254217, 0.16842061748929002, 0.1672116514719043, 0.1658603260114767, 0.16782119125127792, 0.1668642278832206, 0.16597244758681673, 0.16612071459191236, 0.16404819781266075, 0.16542489823377643, 0.16470977167655304, 0.1649521003137487, 0.16472794049511633, 0.16371796699447153, 0.16481617509086163, 0.1639432493195576, 0.16406523626699404, 0.16327771062424828, 0.16249454024755444, 0.16318026356718213, 0.16252270561025273, 0.1611762754784201, 0.16200243383425905, 0.1630406167407684, 0.16310933676921105, 0.16119351652911706, 0.1605836795078951, 0.1608048656754515, 0.16038766892921272, 0.16036977180922224, 0.1599762106267529, 0.15979966535569998, 0.16002479297943975, 0.1588092588845701, 0.15970509491607746, 0.16031900180319386, 0.15923707549249755, 0.15907060652090846, 0.15892085358170321, 0.1586132327554145, 0.15865508529689146, 0.15803935225816385, 0.15812190677117738, 0.15865812014837913, 0.1576526656614801, 0.15745718104756565, 0.1574049887400082, 0.15742133509373207, 0.15748307192519284, 0.15635388770430972, 0.1580379242779057, 0.15656026517710975], "dist": [0.015355592649952787, 0.009767626394329255, 0.009704856911847476, 0.009819315232961071, 0.00979160433573211, 0.009761720236481622, 0.008121481619601962, 0.006799802767385232, 0.005989346645656902, 0.005422203350355477, 0.004901103419320523, 0.004594382533337233, 0.004446287600404722, 0.0043175220960665886, 0.004283320341854902, 0.00412311794375932, 0.004113574863440375, 0.004127041729747633, 0.00404143187718155, 0.003990842486343771, 0.003968850199643528, 0.0039620268728826165, 0.003928673126909502, 0.003904613588683505, 0.003823492413612311, 0.0038328952380583966, 0.0038287363067046466, 0.003795288267760005, 0.0037773956661284564, 0.0038094828116805174, 0.003743052958067853, 0.0037472766092902757, 0.0037501756144148273, 0.0037167278650468505, 0.0036876834036529264, 0.0037154210525037973, 0.0036554504581417565, 0.0036388847837981217, 0.0036559726137040593, 0.003614009189470348, 0.003590236135594756, 0.0035931283097020853, 0.003560883762724863, 0.0035996064868724, 0.00358134986897394, 0.0036152414600963277, 0.0035683445852907427, 0.0035746653844221346, 0.003541383421477728, 0.0035485971204529307, 0.0035176593727780235, 0.0034727835176551116, 0.003532905312477882, 0.0035035245179334874, 0.003476389782142824, 0.0034787003392837885, 0.0034121207281069465, 0.0034601387825410708, 0.003440132155358252, 0.0034460235595843445, 0.003441689220949061, 0.003412521401443622, 0.003445088848928361, 0.003421279560310967, 0.0034261755055460413, 0.003402892949659394, 0.003375436839141348, 0.003399498471639434, 0.0033819341373133253, 0.003339305462967742, 0.0033641183964476166, 0.0034001773502540114, 0.0033997687305828647, 0.0033435704089574613, 0.0033216610434980984, 0.003333442915812894, 0.00332124081427889, 0.003324238838974601, 0.003312410968679115, 0.0033041246242592856, 0.003315622779022093, 0.0032737515767021007, 0.0033084167454025793, 0.0033263379518435154, 0.0032955990945012412, 0.0032876719147354873, 0.0032867138725230843, 0.0032780423758350633, 0.003280274968414101, 0.003259001824725557, 0.003262286878189559, 0.003277498429112874, 0.0032505455737771188, 0.0032492572176194526, 0.0032435888481261747, 0.003249274497642629, 0.003247136883974141, 0.003212186701161074, 0.0032677289230564673, 0.00322324851633736], "mse": [0.06263429577981, 0.052999056270414825, 0.05082761298210265, 0.05000333687183248, 0.04960753316365105, 0.049389402823663005, 0.050217913163817615, 0.05044741587413467, 0.05047789661755766, 0.05046216319239474, 0.050755688945379004, 0.051441127338076625, 0.05222242909374934, 0.05278928155296839, 0.05357536102921607, 0.05394262315889757, 0.05452821845053922, 0.054967591970982894, 0.05528852171876758, 0.05568219370248575, 0.05608504764086387, 0.056409456985871936, 0.05662529768650606, 0.056887085369321765, 0.057043173497589514, 0.05727819941024485, 0.057264989442804184, 0.05741536241448436, 0.057557845364381154, 0.05766461833629157, 0.05769450552596475, 0.05778088271507836, 0.05776884625810288, 0.05787524697611568, 0.05790204579007854, 0.05795115757970197, 0.057956953740718624, 0.05799852355632331, 0.05808719136426157, 0.05808930266841124, 0.058077766764991566, 0.05815302232827887, 0.05808912358484733, 0.05824902061059345, 0.05824067953154115, 0.05814629636341747, 0.05824183689174483, 0.05830938398750001, 0.05821489719357589, 0.058390017719925594, 0.058351755587926116, 0.05835327365747935, 0.058425993596697486, 0.05842870232845867, 0.058419457660159824, 0.05840885102682839, 0.05847710685768719, 0.05851395717619793, 0.05843612787752595, 0.05840964450265668, 0.0584560747876037, 0.058465412373556874, 0.058553116063159535, 0.05846957085954033, 0.05848119304992776, 0.05853611387675587, 0.05859134533886896, 0.05861999819734776, 0.05855175815357591, 0.05861653414509497, 0.05858012436279694, 0.05863031819242671, 0.058589321686342864, 0.058578057789644075, 0.05861193241559772, 0.05872901944523372, 0.05866767524396299, 0.05861791633234595, 0.05855813151998569, 0.0586073476947745, 0.058608350282097495, 0.05869045682482565, 0.058564764429626645, 0.05863579106757877, 0.05856073688457072, 0.058583130798628626, 0.05858139305250331, 0.05859122090756981, 0.05857907709400094, 0.058622216362852815, 0.05859163739172359, 0.058662173722043874, 0.05855650175775524, 0.05856845446998471, 0.05853141041436787, 0.05850352519129897, 0.05855932530219305, 0.05857570252024969, 0.05855243859408173, 0.058535281436702176],