{
  "loss": [
    1.9817245944091098,
    1.9180870728839814,
    1.8574511115090846,
    1.8258311691061664,
    1.8160597534914957,
    1.804721872273841,
    1.7944887016982316,
    1.7886187290135538,
    1.7832241942669091,
    1.7806202404214257,
    1.7763390165581003,
    1.77354746801491,
    1.769311294893066,
    1.7665865888699583,
    1.7646953157746124,
    1.763294052811646,
    1.7608298521915002,
    1.7590633754708456,
    1.758110393281821,
    1.7583892021933818,
    1.753968038384817,
    1.7512810994549024,
    1.7511839530143283,
    1.750445589147302,
    1.749364070985452,
    1.7488698841743653,
    1.748025619617852,
    1.746737349314524,
    1.7452641481861015,
    1.7438271424203786,
    1.742805651381268,
    1.7444197535968329,
    1.7421253908112846,
    1.7427391679402446,
    1.7427288461934785,
    1.7408964841341024,
    1.7413734267757472,
    1.7403266020544343,
    1.7378559427275864,
    1.737579449342345,
    1.7376408690944287,
    1.7362179673325735,
    1.736284915336098,
    1.73518334171538,
    1.7346493768534805,
    1.7337900442488146,
    1.7331316327190085,
    1.7323957343346994,
    1.7331494589671852,
    1.7330667978611327,
    1.7305262535319181,
    1.729029216501515,
    1.72824970626178,
    1.7274650598340249,
    1.7267726851150587,
    1.7267720234022206,
    1.7269887982241974,
    1.7269010715547504,
    1.7256398925677248,
    1.7251371007687604,
    1.726710623543546,
    1.7242237775119584,
    1.7220962476282897,
    1.7214002530646753,
    1.7224271194057479,
    1.7230232199405977,
    1.7241546186794945,
    1.7210418588765044,
    1.7195636318505731,
    1.7179702892540494,
    1.7180218413309671,
    1.7173826023312713,
    1.7179449988354774,
    1.7163347078705995,
    1.7151290096367129,
    1.7141400005440708,
    1.7140072824808052,
    1.714965998536888,
    1.714893503809471,
    1.7150908254470554,
    1.7146498053442123,
    1.7136758119359163,
    1.7126239111905408,
    1.7125800418696548,
    1.712426100773706,
    1.7126557970603287,
    1.7122381080868823,
    1.7101204576390727,
    1.7097071388666925,
    1.709869393744869,
    1.7099695201455836,
    1.7113542999375935,
    1.7104202933702075,
    1.7092342298405139,
    1.7084174501753808,
    1.710149802352582,
    1.7098278705764778,
    1.7164706096351676,
    1.7145338972117312,
    1.721371592466764
  ],
  "val_loss": [
    2.0466607498796017,
    1.958700729831713,
    1.9183813676442185,
    1.8966877580233361,
    1.891670635301773,
    1.8805926629941758,
    1.8758279302893164,
    1.8710009289658778,
    1.8701721266524431,
    1.8698407710959377,
    1.8642122163075834,
    1.864841816087836,
    1.8638276928636037,
    1.8626239882212252,
    1.8607067283430057,
    1.860741094367145,
    1.8591647099142206,
    1.8577627689326734,
    1.8591058455645766,
    1.8573767736077853,
    1.8559742273261013,
    1.8577158554503908,
    1.855275828000073,
    1.8595591440592727,
    1.8555944864064047,
    1.859594261809571,
    1.8558579275052842,
    1.8562364371399902,
    1.855237093145989,
    1.8544584871971443,
    1.8562386253653052,
    1.8556233045717352,
    1.856885783204205,
    1.857170629174742,
    1.8578554511614587,
    1.857530333680105,
    1.8581438064575195,
    1.85840593462121,
    1.8600918865639324,
    1.8578839770190791,
    1.8583898729385306,
    1.8578068094166447,
    1.857023634322702,
    1.8599381887749449,
    1.8588588156112253,
    1.8602319514914736,
    1.8579477044545352,
    1.8613170864375215,
    1.8608975998342854,
    1.861948536411268,
    1.8581175515640815,
    1.860518215453788,
    1.8590208667598358,
    1.858283939971227,
    1.8606025503106314,
    1.8698668376495848,
    1.8694988989938883,
    1.8635504512482037,
    1.8644508836476226,
    1.8633005510182141,
    1.8689399113938145,
    1.863069203890622,
    1.8631232993243492,
    1.8620019595916957,
    1.8626442015443219,
    1.865297745351922,
    1.8641154287068267,
    1.864246234501878,
    1.8626420813608386,
    1.8614570784242186,
    1.8638265568371777,
    1.8663248640217194,
    1.8642877939084894,
    1.8643699122346156,
    1.8674979084702932,
    1.8655503759645435,
    1.8664500479284487,
    1.868610715757222,
    1.867595576260188,
    1.8647179658010127,
    1.8742907983527335,
    1.8804615741451036,
    1.8665527094444727,
    1.8696484494971357,
    1.8727835193616615,
    1.8656444424363576,
    1.8678639054842736,
    1.8674643692904955,
    1.8665026126931248,
    1.8690097881778736,
    1.8675978755297726,
    1.870949240579997,
    1.8683008712176319,
    1.8710974117392274,
    1.8715874784068973,
    1.86695928551835,
    1.8678727852155084,
    1.8688778180509942,
    1.8724979902511318,
    1.8678458918175196
  ]
}