{"loss": [0.13365988640194656, 0.059679729578319504, 0.05811542102301413, 0.05754611856001286, 0.057395328053393244, 0.05731199629193435, 0.3204054203958599, 0.36971295062749665, 0.4723416183806636, 0.5706333696293685, 0.6753838895105877, 0.7743194715742685, 0.8738594159392491, 0.9558934333499955, 1.0563263626186394, 1.1527140701840992, 1.215745169509408, 1.2957280263578965, 1.3840644827649637, 1.4492590697996455, 1.5328907513179661, 1.600231148348264, 1.6828984870501091, 1.7430299110939167, 1.8215290951582552, 1.8894088096413875, 1.9860628038827628, 2.063542063616536, 2.1235938759669204, 2.2315492505676175, 2.3035286288319923, 2.368778081028008, 2.4284777915550886, 2.55413735827054, 2.5938487948815516, 2.69179175126772, 2.7410934326107514, 2.855001564040506, 2.883608151432927, 2.9423080232977137, 3.0678107877450485, 3.1394013517473374, 3.2048671772143593, 3.2572549040332164, 3.3394739562017053, 3.430555757569389, 3.4630723167782183, 3.551136846922658, 3.6388406716972774, 3.691326635015523, 3.6706224255766604, 3.688172586125099, 3.6465387541823593, 3.6654391815325966, 3.6236694912237626, 3.591033581575733, 3.619042280992847, 3.6496622540468087, 3.5837361359157445, 3.623966744341002, 3.622800426249124, 3.554381207454424, 3.578603100191596, 3.541591459988085, 3.5709274839038496, 3.5296274760018096, 3.552849926831532, 3.568464391070641, 3.5268462691570353, 3.4971996384895654, 3.475322555179245, 3.536265378349398, 3.4755820928175756, 3.438380283080727, 3.4501834647055785, 3.450671454880135, 3.4382945065118053, 3.45375422100348, 3.420232607543103, 3.421607647205423, 3.3844042270461476, 3.3822844035786352, 3.39257135127951, 3.397289810005141, 3.3904063482226037, 3.3874341863796023, 3.3662999875706396, 3.405369232037316, 3.3619548850264285, 3.3593970595693294, 3.34894214086006, 3.3523229360580444, 3.346160982284078, 3.3706912489756484, 3.332945937759306, 3.3373360582655924, 3.342203861365289, 3.341965065411995, 3.3271135962082563, 3.340243828808603], "mmd": [2.20817792159648, 2.239686530426236, 2.362753879804553, 2.3751475825631547, 2.376881517515592, 2.372635161949813, 0.4377551618620662, 0.2702372402775507, 0.25386071886204503, 0.24403847118645358, 0.24090983627215484, 0.23482659257994107, 0.23109087951344215, 0.22441175685155612, 0.22378486522867636, 0.22239311830214928, 0.21488743965611137, 0.21159083121941866, 0.2101493271673384, 0.20546699584993117, 0.2039328851034305, 0.20050538011306634, 0.19944329459243026, 0.1957743026864675, 0.19451513427075434, 0.1923792877354505, 0.19336021961244337, 0.19237483765907082, 0.18963145560647812, 0.19170778265302899, 0.1904139901779912, 0.18862476885501592, 0.18641067033439326, 0.18970285666866538, 0.18617361713132244, 0.18711194124049935, 0.1846259926085823, 0.18670439080226642, 0.182888679320644, 0.18131309589999586, 0.18396142723918693, 0.18324168136149097, 0.1822113225613635, 0.1804751857338142, 0.18042557048925592, 0.18086332779811934, 0.1782405608179379, 0.17853760159363044, 0.178869587763504, 0.17741948320456077, 0.17634841909437823, 0.17717342711756565, 0.17510410370819407, 0.17606478266737943, 0.1739321406587867, 0.17233267908721614, 0.17370411262281835, 0.17520313312305263, 0.17190585925352353, 0.1739305597415731, 0.1738740452593821, 0.17043293198924855, 0.1716363561893899, 0.16982574943750184, 0.17122232287756503, 0.16921359092637073, 0.17031737078735434, 0.17114538815946667, 0.16900965783950742, 0.1675444784019988, 0.16642190266880522, 0.1694361331638383, 0.16643079114289372, 0.16452033890902631, 0.16516684788776323, 0.16518074724297582, 0.16458606875381587, 0.16537849737639806, 0.16370158404843208, 0.1637331897312878, 0.1618978675751964, 0.1617460702917327, 0.16227244974279698, 0.16251709035660591, 0.1621445208742209, 0.1620434378416626, 0.1609938270155272, 0.16294809081163142, 0.1607115542504685, 0.16060678686009594, 0.1601194800820453, 0.1602497019696455, 0.15998241003671307, 0.16122570249931945, 0.15932807623425876, 0.15952647584804727, 0.15976641786519002, 0.1597403196240861, 0.1590844492879382, 0.1597139596984796], "mse": [0.10264911570020614, 0.05770355874409705, 0.05711564345091033, 0.05707389820207116, 0.05705174190089381, 0.056946205638029095, 0.1169325364582195, 0.1225270261656653, 0.12481197506829274, 0.12582687091973663, 0.12680464727015583, 0.1268122857150856, 0.12765806463141383, 0.12754283662588317, 0.12804650174785245, 0.1285906523877492, 0.12819068428654612, 0.12845831380391415, 0.1294164920877094, 0.12935572535805176, 0.13038150230251208, 0.1301578608530065, 0.1306657445119934, 0.13067800487660192, 0.1308191757809165, 0.13124700411697107, 0.13108100280439927, 0.13082574543320327, 0.1316475785720202, 0.1315002090131944, 0.1314840595140779, 0.13124253319724938, 0.13199345545808963, 0.13085845227073306, 0.1314037869358721, 0.13135262338753126, 0.13156116490989375, 0.1313139054855686, 0.13138346124920378, 0.1319075309745739, 0.13130290004099074, 0.1321496667306116, 0.13181371324084287, 0.13133987990076557, 0.1319142433991827, 0.13239180234952208, 0.13206777424534405, 0.13262411702904234, 0.13185066645222207, 0.1324284190277746, 0.13261260876169234, 0.13261884805157872, 0.1330774704142948, 0.1328342012786792, 0.1328233734595995, 0.1325789052147441, 0.1330559809286536, 0.13291544254663532, 0.13301967660342257, 0.13263968499434506, 0.1327458259883834, 0.13344739025538685, 0.13317023926168864, 0.13238533579407294, 0.13327572533597976, 0.1324341597229791, 0.1327412005033961, 0.13240134370930356, 0.13284122991872713, 0.13273327811364016, 0.132720294928441, 0.13333748802085596, 0.1322299242476744, 0.13307910158864558, 0.13224803315806974, 0.13251124057301714, 0.13242105988819905, 0.13212598777987475, 0.1324789760622876, 0.1319554806258415, 0.13190369600532975, 0.13272802547717388, 0.1318035786685768, 0.13223940314599342, 0.13208162501180098, 0.13144563172766768, 0.13196461931145265, 0.1316459125444933, 0.13187022598608872, 0.13158506641815776, 0.13130367211311872, 0.1321025935510185, 0.13110969917265916, 0.13117618255454339, 0.13216078477951645, 0.13176159341276789, 0.13142188478466924, 0.1322186032504392, 0.13116141351545516, 0.1312416865050427],