cell_type,intervention,centroid_distance,baseline_worst_case,baseline_perfect,n_test_cells,n_pred_cells
K562,AHR+KLF1,9.043663,8.478666,3.0331628,481,481
K562,FOXA1+FOXL2,9.674292,10.626529,5.912198,192,192
K562,FOXA1+HOXB9,10.524247,11.849877,4.9930544,295,295
K562,FOXA3+HOXB9,11.651252,13.0719185,4.6011066,329,329
K562,FOXA3+FOXL2,11.976274,14.043301,7.7779493,130,130
K562,AHR+FEV,16.40462,17.966427,5.3390303,276,276
