{"loss": [0.06139881559475662, 0.05208919182463798, 0.049893125049780884, 0.04847807808059709, 0.04733531391096784, 0.04648392429049821, 0.05097132318679304, 0.05327309923937085, 0.055494483510799913, 0.05746797160788864, 0.058912764640423186, 0.07433722995804895, 0.07543506142043645, 0.077749409144703, 0.07993771296484256, 0.08160398902159674, 0.08325970435908485, 0.08569227419848632, 0.08715164425894288, 0.08890043272797783, 0.09093834852670461, 0.09271906015835978, 0.09436067146423824, 0.0959710664221772, 0.09763107178086192, 0.09951398365386656, 0.10117178197889595, 0.10290524657358975, 0.10451328600351004, 0.10656295439429261, 0.10772107514047904, 0.10981767789695956, 0.11128689571004498, 0.11220675755286674, 0.11411952352814343, 0.11611685773118384, 0.11743656699951502, 0.11891623039453385, 0.12029537549751372, 0.12276818805774523, 0.12349187408847682, 0.12559649855602792, 0.1275798516950544, 0.1283685060622421, 0.1308203947508881, 0.13224308792518197, 0.13366793601208282, 0.13542996679310257, 0.13664401811238053, 0.13799641334191734, 0.13740692511090852, 0.13679758179795268, 0.1373052927204566, 0.13680844100266476, 0.13629751369643248, 0.1363067630804976, 0.13498776631658152, 0.1349372747993892, 0.13482264897055604, 0.13492678478910441, 0.13505772055516038, 0.13411766723172527, 0.13376998774806365, 0.13373583550819443, 0.13351295119154225, 0.13317264727642827, 0.13275997641123558, 0.1332995812993282, 0.13219262607824855, 0.13157953018187774, 0.13147762657708573, 0.13237802457598147, 0.13150515321482584, 0.13208352557577446, 0.13049466701078627, 0.1312343663641938, 0.13069513109973474, 0.13080678378373517, 0.13043007318431202, 0.12978398356383097, 0.1301357482657651, 0.1289302644098351, 0.12965152544716435, 0.1292689798875785, 0.12935127655767795, 0.12825146722476627, 0.1282048706003799, 0.12850694261502305, 0.12851189831863302, 0.12772126545361964, 0.12744915880471952, 0.12804245080474208, 0.12723351427336035, 0.1274294560469764, 0.1268226311403152, 0.12759757089253895, 0.12675518548030798, 0.12594997710059982, 0.12708305892159, 0.1263586792605138], "dist": [0.014799115128685862, 0.009984446530597645, 0.00993659873658095, 0.010033591355690994, 0.010035142963862204, 0.01006986041714271, 0.008310657128708182, 0.006756925710547094, 0.005991630019906199, 0.005535654892850574, 0.005088052416269831, 0.004913573368951854, 0.00482782075130704, 0.004831572772764451, 0.004790821137454256, 0.004690140738369322, 0.004607104255777936, 0.004621125894400568, 0.004533943449500591, 0.004485085401945421, 0.004469281302364694, 0.004423103528441187, 0.004388149417083892, 0.004340328732017081, 0.00429539612726208, 0.004291647659309285, 0.004241023822261112, 0.004220886116412687, 0.004197463192020926, 0.004198544084038062, 0.004142480982849966, 0.004158366168539647, 0.004128845675265144, 0.004054773300734831, 0.0040494921363400434, 0.0040578872563477, 0.004025070766568943, 0.004005779136327182, 0.0039809643291968694, 0.004015412989816734, 0.003950004585216611, 0.003968308781558425, 0.003969450248061422, 0.003916724803382903, 0.003950150236776278, 0.003924875226122172, 0.003918284647809162, 0.003904644854193446, 0.003879738226670502, 0.003847762197049739, 0.00383433665818173, 0.003790602977855332, 0.0038181378635436165, 0.003801178778666161, 0.0037602728758587816, 0.003766176792410542, 0.0037005182398287813, 0.003708832082854504, 0.003709666395011018, 0.003699548430039246, 0.0036929942697748828, 0.003668455085634602, 0.0036503383640455775, 0.003647986754253672, 0.0036458050478951377, 0.003626541819036876, 0.0036137656467255517, 0.003638720001091292, 0.0035916191941550886, 0.003563033093586894, 0.003570500481839359, 0.003606003003423288, 0.0035680752740058622, 0.003587342228670295, 0.0035187085697350354, 0.0035486954066247583, 0.0035282103062787558, 0.003535260485404032, 0.003522114906297719, 0.0034888123574445197, 0.003505939050808692, 0.0034516262943943086, 0.0034760793779689153, 0.003463758973190162, 0.003472322926882715, 0.0034197804124604914, 0.0034233691271234913, 0.0034298653213274246, 0.0034324285831162085, 0.0033950964511651406, 0.0033831076697890742, 0.0034046540739416436, 0.003377091354330069, 0.0033940522714161715, 0.0033568871371582854, 0.0033936387048676565, 0.003355053174027422, 0.003321649244108803, 0.0033671653902081103, 0.0033359791515353773], "mse": [0.06133390725913569, 0.052038392307927374, 0.04984077116807419, 0.04842499466929337, 0.04728252205728076, 0.046431664036286985, 0.047117707279663495, 0.047047265022552874, 0.04722866386263198, 0.0473026605254174, 0.047252358706390135, 0.05522353144877066, 0.05640833042947193, 0.05747685183054235, 0.0581756731057801, 0.05849176128030351, 0.05868004891949883, 0.05890900032537022, 0.05894028495562482, 0.05901769829289424, 0.05912816328611473, 0.059204573826960656, 0.05923024464283067, 0.059238931491552814, 0.05930931533258986, 0.05937128015511849, 0.05943138973355469, 0.05942052196122519, 0.05940895848405414, 0.05943423758867572, 0.05948262808616087, 0.05945206949682672, 0.059413078390997305, 0.05946523171231877, 0.059553089338400166, 0.05956045895858917, 0.059518890694730216, 0.059488393272791866, 0.05947728905733262, 0.059528343759179994, 0.05951796086887489, 0.05952907000369828, 0.059500069686237785, 0.05951896335164764, 0.05963291172791091, 0.05952238865427816, 0.0595921523197715, 0.05958716616452709, 0.059593859784844355, 0.05966821084544613, 0.05962941971672162, 0.059765028548557614, 0.05974237806269654, 0.0596912696495366, 0.05983502933400597, 0.05977646838681032, 0.05982474891394597, 0.05980746023786121, 0.059687834860347046, 0.05974966871993757, 0.059829111245393404, 0.05967364433266916, 0.05970283920712978, 0.05955323332609771, 0.059529730040398444, 0.059479097886619044, 0.05942847619336676, 0.059470548703055966, 0.059337798038296724, 0.05931209187343871, 0.059228060555202744, 0.05928817207056979, 0.059200377889979006, 0.05926400938647713, 0.059271500972780555, 0.05921606116404033, 0.059174614838782585, 0.05915423598762277, 0.0590877647524042, 0.05910638960262697, 0.05902794429941579, 0.05906662156191851, 0.059031969120662706, 0.05913296830530885, 0.05900928292814175, 0.05902783007001947, 0.05898858606815338, 0.058967472569937195, 0.0589987374236876, 0.05896199368589738, 0.058945163363588085, 0.05905054823290474, 0.05888933898603194, 0.05878900571491025, 0.0588679915428866, 0.05884687393969764, 0.05884952528437976, 0.05886134050753479, 0.05887299197199074, 0.058858755607284506],