{"loss": [0.05676015098874995, 0.04984897971043206, 0.047733291185720984], "dist": [0.012799696917363622, 0.010312468186295984, 0.010219685703053785], "mse": [0.0566050222520462, 0.04969374284126206, 0.04757203061018068], "kld": [5.534374467313202, 5.566263617933941, 6.079537807926646], "l1": [0.15512871612386125, 0.155236822309487, 0.16126050873820502], "mcc": [0.0, 0.0, 0.0], "epoch": [0, 1, 2], "beta": [0.0, 0.0, 0.0], "alpha": [0.0, 0.0, 0.0]}