{
  "loss": [
    1.992225835143749,
    1.9562775463493167,
    1.9056380518553615,
    1.8775267055909584,
    1.856727462990345,
    1.8390716876047624,
    1.8225970484114165,
    1.8133987822630608,
    1.8074867270665818,
    1.8046903657393198,
    1.8018270635133222,
    1.7977821656117547,
    1.7951193765852616,
    1.7933790533185276,
    1.7987860789796044,
    1.794375640409355,
    1.7892809895854778,
    1.7886662220489304,
    1.7870198477351542,
    1.7859455758534257,
    1.7854212545786234,
    1.7838428366646801,
    1.782826071700982,
    1.7831801811269536,
    1.7825614198524578,
    1.7822980839015565,
    1.7813912256097177,
    1.782288737596971,
    1.7805993146107881,
    1.7806395728848714,
    1.7829374744600068,
    1.7784544105551554,
    1.7780664869591938,
    1.7770019586758055,
    1.7768478546534399,
    1.7765660263879512,
    1.7763002841810633,
    1.7765676060999949,
    1.7757189102412299,
    1.7756756819537107,
    1.7746029233315739,
    1.7743873215858446,
    1.7740649579292682,
    1.7734493055290417,
    1.7734442454983128,
    1.7734772601830242,
    1.7730039766286492,
    1.7724500578912479,
    1.7728029991689744,
    1.7727802787188676,
    1.7729032162388902,
    1.7716724252809646,
    1.77062008682012,
    1.7703740865241566,
    1.769969929996977,
    1.7709210892180758,
    1.7688344384461165,
    1.768186944618825,
    1.767170340767555,
    1.7668550670252758,
    1.7667496744340185,
    1.767929681297368,
    1.7668725069240965,
    1.7654724339074723,
    1.7655549343848271,
    1.765419173022983,
    1.7636774797715302,
    1.763415375760809,
    1.7639621227427904,
    1.7643313966304133,
    1.7627811795287165,
    1.7610825945391984,
    1.7608667713961503,
    1.760513619786436,
    1.7598027659043,
    1.7594960750494697,
    1.7592880731302563,
    1.7577254589275755,
    1.759105105313014,
    1.7570645941292427,
    1.756092362527221,
    1.7564938160298653,
    1.7556475118849442,
    1.7548279987807325,
    1.754691909086937,
    1.753358218562866,
    1.7537401979295488,
    1.7547115861175329,
    1.7528763980149558,
    1.7525997757760516,
    1.7512850060004617,
    1.7511035833992452,
    1.7530505339445694,
    1.7497584391994703,
    1.7499653228853609,
    1.7489848136901855,
    1.7544652141352883,
    1.7650663599035565,
    1.7560004024919205,
    1.7515353274895642
  ],
  "val_loss": [
    2.0577022452332656,
    1.9975480815591333,
    1.9732863478464624,
    1.948692571082616,
    1.929204540165592,
    1.9104342297331927,
    1.8986606358393143,
    1.8940472069396277,
    1.8892537937861056,
    1.887685104047871,
    1.8856845076225663,
    1.8821495782294775,
    1.879981437230219,
    1.8785770794028016,
    1.8853568693274232,
    1.8777753419527725,
    1.8763327609458471,
    1.8761567868054185,
    1.873485842796221,
    1.8731494390801207,
    1.8738744133683645,
    1.8717502186831818,
    1.8745789549666452,
    1.8725909250511972,
    1.871946712607118,
    1.8739597808280493,
    1.8726339323879921,
    1.874296140997377,
    1.8697531321277356,
    1.8720117573324404,
    1.8721335783396682,
    1.8718110312065577,
    1.870501031069995,
    1.8708165535643764,
    1.8700588212165659,
    1.8700320345081696,
    1.8718079633364395,
    1.8696433561577646,
    1.8695579228335863,
    1.8694491054369435,
    1.870244143216033,
    1.8691169399104706,
    1.870572143493722,
    1.8709100038493605,
    1.8703603700960063,
    1.868331281017495,
    1.8703416389961764,
    1.8700359422866613,
    1.8710966393283512,
    1.870640743813014,
    1.8711314816453142,
    1.8697311513500126,
    1.8698298675284537,
    1.8719382482032254,
    1.869363971496826,
    1.8722194640059449,
    1.8683727892566488,
    1.8693798464727185,
    1.8684555956217797,
    1.8706048356887957,
    1.8697704915042337,
    1.8715523639226068,
    1.8710506495819788,
    1.8679042488472646,
    1.868824397047905,
    1.867538427653378,
    1.8686758350563921,
    1.87158846201962,
    1.8693580986702278,
    1.8705745206031625,
    1.867209338706378,
    1.869363732533912,
    1.8690377462944483,
    1.8689766458180397,
    1.869680123242069,
    1.8700232734418896,
    1.8697081140187233,
    1.8693585967364377,
    1.8713173545114525,
    1.8703551526483335,
    1.8725752672648321,
    1.8733026730959819,
    1.8731118195677456,
    1.8722038568427029,
    1.870738553129919,
    1.8726482037539895,
    1.8751109903805876,
    1.8736945058657155,
    1.8753005222642802,
    1.8736046732288518,
    1.875317054252102,
    1.8738291301683747,
    1.8774704143881253,
    1.87985720863081,
    1.8735288621083785,
    1.8793661637937642,
    1.9011139559419188,
    1.8778314291070042,
    1.8779473087014673,
    1.8759079131905891
  ]
}