{
  "loss": [
    1.0181318917251498,
    1.004291757121172,
    1.001261332873732,
    0.9999974478086239,
    0.998872726195783,
    0.9913761256432249,
    0.9866392885613737,
    0.9844837596112328,
    0.981367840248106,
    0.9795318015057697,
    0.9786606063523512,
    0.9780488710792845,
    0.9774768479487753,
    0.9768574727298099,
    0.9762208085509989,
    0.9757276996271035,
    0.9753538450552611,
    0.9745068405746597,
    0.973902019017123,
    0.9731695417096522,
    0.97236758996592,
    0.9718862497622127,
    0.9710057983838633,
    0.9702360342820526,
    0.9696805254475224,
    0.9696000737645679,
    0.9693011758655816,
    0.9686700303996544,
    0.9686897264468981,
    0.9683911877781372,
    0.967523244804094,
    0.9675857007216294,
    0.9670340571341828,
    0.9666637625453619,
    0.9665024264222197,
    0.9665760719138234,
    0.9663275589865535,
    0.9655707843890808,
    0.9661655803335036,
    0.9663239535177658,
    0.9663849938136504,
    0.9654275661883789,
    0.9652336034985203,
    0.9652149020763874,
    0.9644905682327237,
    0.9650877923370466,
    0.964359926203922,
    0.9641744566695387,
    0.9636312069821533,
    0.9640226809469964,
    0.9632471127162995,
    0.963505713264863,
    0.9642569167100624,
    0.9635316746476155,
    0.9621865851395994,
    0.9624655416947224,
    0.9621528694994281,
    0.9618103895700132,
    0.9624552385413402,
    0.9624885007448073,
    0.9615432507430058,
    0.9611470243243315,
    0.9618600293400624,
    0.9614136112755155,
    0.9617442943225679,
    0.9614386137082678,
    0.9617172928440549,
    0.9612468482122003,
    0.9606669736700617,
    0.9607460486111894,
    0.9612464382658747,
    0.9605516294613121,
    0.9604612295923274,
    0.9617038907328748,
    0.9607152958343151,
    0.9604555193071223,
    0.9600401736442552,
    0.9601336734384986,
    0.9601396654210295,
    0.960672304559534,
    0.9601511957831048,
    0.9601837518763608,
    0.959997749104888,
    0.9599609414454254,
    0.9597156532760686,
    0.9601229664610027,
    0.9597387760386321,
    0.9597220984836716,
    0.9598964228867094,
    0.9599036244520099,
    0.9604825895055732,
    0.9608661587879859,
    0.9614371930376817,
    0.9606312851962661,
    0.9597681080239877,
    0.9596296441213389,
    0.9595604007721189,
    0.9597123689286273,
    0.9595002275325911,
    0.960032396318947
  ],
  "val_loss": [
    1.0124813878917258,
    1.0076263424468368,
    1.0058409835649953,
    1.0049436424420848,
    1.0027246834480599,
    0.9929137170042621,
    0.9913698970999347,
    0.9886324579857256,
    0.9865772179816956,
    0.9860660817525159,
    0.985371035255798,
    0.985374699988866,
    0.9847111116805577,
    0.9845122373811731,
    0.9845230930472073,
    0.9839710274787798,
    0.9836446087654322,
    0.9834060113723964,
    0.9831178351624371,
    0.9829621393930966,
    0.9823156200587477,
    0.9820228983822479,
    0.9814339127714775,
    0.9811836576352925,
    0.9813877989168036,
    0.9811755326240574,
    0.9806396259020452,
    0.980932192987503,
    0.9804822440561094,
    0.9805112157238128,
    0.9808536939425011,
    0.9805665606777417,
    0.9805320525822574,
    0.9801540440076018,
    0.9802009414320123,
    0.980027455445294,
    0.9800514146073224,
    0.9798586412107564,
    0.9805166122575873,
    0.9795857341322181,
    0.9793234902974133,
    0.9795664973454933,
    0.9793563896118234,
    0.9795390217815905,
    0.979229579777478,
    0.9794715735465969,
    0.9791168428991484,
    0.9789266297806344,
    0.9789291846153398,
    0.9789601591624082,
    0.9788044813561113,
    0.9786536639139533,
    0.9782878639491182,
    0.9782875795342606,
    0.9781268456755163,
    0.9780132879405261,
    0.9779799888123116,
    0.9777583229487345,
    0.977635107900454,
    0.9778506663291966,
    0.9775446808501466,
    0.9775397589761917,
    0.9776444141178915,
    0.9774086151493194,
    0.9772747986392888,
    0.9772973923378339,
    0.9772630562521007,
    0.9770835139980055,
    0.9768927949204292,
    0.9771846037477119,
    0.9771282950492755,
    0.9771913959555429,
    0.977028181019439,
    0.9769041775024101,
    0.9769530138468634,
    0.9769012517036368,
    0.9766267859228125,
    0.9771209726594898,
    0.9767552284889569,
    0.9767315417664236,
    0.9766819640381695,
    0.9767183884638085,
    0.9767926847009354,
    0.976641836231702,
    0.9765969808787516,
    0.9768696367468463,
    0.9768745828436934,
    0.9766038443944226,
    0.976780181333899,
    0.9769970932507623,
    0.9768401563984074,
    0.976827586622543,
    0.9764796822038415,
    0.9766742657853044,
    0.9764922963429804,
    0.9766903530517125,
    0.9765765255989005,
    0.9766735137869779,
    0.9767201393162279,
    0.9770562420152638
  ]
}