{"loss": [0.08867367899026089, 0.056356111527633805, 0.056256857237048125], "mmd": [2.571968999007604, 2.2479090616657253, 2.2641511921340287], "mse": [0.08860307267730838, 0.05635574291098417, 0.05625648356346823], "kld": [69.10572170162439, 78.30411423608507, 72.89650938183378], "l1": [0.07060607561137097, 0.00036854912819061565, 0.0003736975098195922], "mcc": [0.0, 0.0, 0.0], "epoch": [0, 1, 2], "beta": [0.0, 0.0, 0.0], "alpha": [0.0, 0.0, 0.0]}