{"loss": [0.08867367899026089, 0.056356111527633805, 0.056256857237048125, 0.056234183882196684, 0.05619969438524859, 0.05618076326884054, 0.5332455402198887, 0.7135830365308454, 0.7930363959892814, 0.9385240454793504, 1.1194589817717648, 1.409799905259993, 1.5717643767023015, 1.725117353251977, 1.8956045581459824, 2.0373664631273054, 2.20399736548104, 2.3756928380518225, 2.511421900908387, 2.678557980007752, 2.8378120232896227, 2.974297415734746, 3.15538420529274, 3.2732112400640943, 3.4195221040942645, 3.5579667087847935, 3.645473281248986, 3.787152215332189, 3.919988296232688, 4.051232908818007, 4.150116993370225, 4.322104390650063, 4.488188949610318, 4.609555603658431, 4.800160499231854, 4.901579120134497, 5.021520953763007, 5.176103562336729, 5.331169557360109, 5.483961560349345, 5.588183469927293, 5.722162148096713, 5.823752954756316, 5.952608934709557, 6.1138847694791405, 6.2217070059727, 6.364531139503377, 6.472709900167175, 6.565191071001783, 6.680689291904737, 6.636759628397323, 6.587835904942658, 6.561888753223278, 6.545585290720051, 6.5033651194156885, 6.4736762983584155, 6.399316486262853, 6.425362199588927, 6.384300241089994, 6.36783926807443, 6.336049781416156, 6.277826951560805, 6.261099044118005, 6.282435848934788, 6.246691521372718, 6.210791755462151, 6.217461529651456, 6.176881064692488, 6.1741321604572335, 6.1419152706377265, 6.147155749040657, 6.116535233253918, 6.081026663280132, 6.045988787928572, 6.021516687936938, 6.034102475097296, 6.003211623632749, 5.989239277832617, 5.988866458087059, 5.969096895158731, 5.944499304586887, 5.942468444565022, 5.878715527814812, 5.875394978234476, 5.867463785225039, 5.881380913000515, 5.852882333837196, 5.851245085633136, 5.855332354851276, 5.8018485855316655, 5.792858970394163, 5.7809232320179795, 5.784197653061883, 5.732001420137977, 5.731979256014352, 5.734157091053409, 5.72029804584723, 5.73375645838953, 5.687849971709259, 5.701302834064252], "mmd": [2.571968999007604, 2.2479090616657253, 2.2641511921340287, 2.2804843942735187, 2.287600925789274, 2.2902689216055934, 0.9601022237512878, 0.6545634792245473, 0.485692189090185, 0.4436391696355896, 0.43469557399411674, 0.41366980052064756, 0.4051867426322165, 0.40058914958286146, 0.40026706382302096, 0.39401504921244024, 0.3927080128534506, 0.3925554452125572, 0.38628832971679933, 0.38549932793465114, 0.3836008682296759, 0.3786754832662191, 0.3800245480312026, 0.37358074706801636, 0.3712104203693976, 0.36814236750983065, 0.3600424874128232, 0.35815959574552897, 0.35536506111723987, 0.35270321822589046, 0.34744505529213515, 0.3485423215558997, 0.3491807268984737, 0.3460936586825147, 0.34856638417990554, 0.3442238952683909, 0.34142203921757563, 0.3413680465658095, 0.3411864811771906, 0.34097227203264896, 0.33753866828879014, 0.3362753982029778, 0.3330811739099959, 0.3315704014796098, 0.33192088588125773, 0.32935695497641004, 0.32889300620010015, 0.326612546709827, 0.3235773206901691, 0.32174728260522756, 0.31944457332616016, 0.31696266770098724, 0.3156925833603832, 0.3150234488740101, 0.3129048174249897, 0.31137855419204014, 0.3077403161911352, 0.3092391981772165, 0.30723647944948346, 0.30635990781305106, 0.3048482215474944, 0.3020330812105224, 0.3012647041762069, 0.3021589137030493, 0.3004858026080153, 0.2988742939258432, 0.29929169809976747, 0.29727458595085005, 0.29728572407360443, 0.29588021474451576, 0.2961721442078558, 0.29479733976690947, 0.29309913183684894, 0.2913198073998512, 0.29026533359526885, 0.29105422948452714, 0.2895713678755119, 0.28886749035234466, 0.2889384527854412, 0.28796631817539475, 0.2868331509423573, 0.2867134823140577, 0.28361831050767855, 0.283492720747804, 0.28300414343352154, 0.28385980363434493, 0.28253998947460507, 0.28249991382506606, 0.28275391430851277, 0.2802189955903297, 0.27979805477876957, 0.27939606289567764, 0.27974097578176893, 0.27720617559054755, 0.2772531476163442, 0.27753320001781073, 0.2769994700280743, 0.27772222734448476, 0.27555183280518, 0.2763435627544296], "mse": [0.08860307267730838, 0.05635574291098417, 0.05625648356346823, 0.05623380691253276, 0.0561993090405598, 0.056180369576640105, 0.09668588381882433, 0.1184578866558906, 0.1306379406081521, 0.13178347294360532, 0.13137997388619616, 0.13106880879560637, 0.1301758468393209, 0.1297900202949607, 0.13036743635132886, 0.12993742230635802, 0.13091015587925384, 0.13055451774482713, 0.13037560772332343, 0.13029359404322316, 0.12995786272660667, 0.13063824243920594, 0.13045071746653256, 0.12988110517249327, 0.12941807457844298, 0.129028978494809, 0.1284560271851069, 0.12779864895555082, 0.1278969371578542, 0.12824283531444639, 0.12835695952221068, 0.12884526613940164, 0.1288136598850811, 0.12884294062280585, 0.128811699997199, 0.12908728677157638, 0.12906451118309353, 0.12986082901718699, 0.1301492071288199, 0.13016237530917854, 0.13019586211425338, 0.1307249915520585, 0.13149633944210662, 0.13126475721641692, 0.131553469129468, 0.13254958448417078, 0.13241667695552595, 0.13305972144557948, 0.13211562780545064, 0.13319022348219395, 0.13312007485719693, 0.13391261413539354, 0.13315737813138892, 0.13257458605741645, 0.13338732337537862, 0.13231766588182534, 0.13212031663080437, 0.13138701734814018, 0.1319989386280143, 0.1324822663754621, 0.13224133160212895, 0.13122553574237725, 0.13120263171116744, 0.13170009110799744, 0.13153001948904955, 0.13160587356396933, 0.13122371217700896, 0.1314230750657431, 0.13096414338054474, 0.1305551084096886, 0.13052924755448958, 0.13024886103245145, 0.13042597321895236, 0.13015224509480433, 0.1304572402572526, 0.12883571223899215, 0.1290430832912862, 0.12879813578051338, 0.12965188680582596, 0.13009700419015335, 0.12981704663226665, 0.12933433572025735, 0.1299435165731382, 0.1293368839288744, 0.1297636707719179, 0.1298542250294453, 0.12995079862974596, 0.13051419895544009, 0.1304691147218779, 0.13032048387092537, 0.1304499704935526, 0.13073577211297596, 0.13050029794389775, 0.13045757548935832, 0.13068557301731545, 0.13057678819054866, 0.13061820583602352, 0.13058291358028593, 0.130707311324302, 0.13131185118081476],