{
  "loss": [
    1.0159395465746828,
    1.0025349028848798,
    0.9995269920207388,
    0.9982062619923033,
    0.9961498362323278,
    0.9864384124280836,
    0.9834385221300166,
    0.980461466124963,
    0.978641090026036,
    0.9775341945404393,
    0.9764067745892009,
    0.9758066163884181,
    0.975068033965989,
    0.974245034254598,
    0.9734447368685437,
    0.9727082410621788,
    0.9718808882465648,
    0.9714444040073044,
    0.9708017612694787,
    0.9701823118281431,
    0.9693612051348743,
    0.9690485904279047,
    0.9686252012066572,
    0.9680349207789106,
    0.9675047532151019,
    0.9672446017062153,
    0.9666173955888093,
    0.9659898718268685,
    0.9657387470733445,
    0.9651137440149596,
    0.9645437240419187,
    0.9641539018951695,
    0.9633555911441699,
    0.9632178183409759,
    0.9634150758087106,
    0.963205956608518,
    0.963292092198259,
    0.9626890491356923,
    0.9621297267981057,
    0.9614728804533172,
    0.9614550622622736,
    0.961623914209139,
    0.961269309745656,
    0.9611662485833522,
    0.9609033744739695,
    0.9602916263669329,
    0.9603178009387052,
    0.9600820074128584,
    0.9601518596273795,
    0.9601368019794287,
    0.9599486512034913,
    0.9597838627726724,
    0.9595299054607049,
    0.9593579242775472,
    0.9589351404447892,
    0.9589763648190113,
    0.9588463082701731,
    0.9591196807785867,
    0.9585681552666866,
    0.9583193333566778,
    0.9581327349771378,
    0.9583782411425845,
    0.958099728682124,
    0.9588692540479076,
    0.9581637719606888,
    0.9583937051391166,
    0.9581559440099797,
    0.957653397825083,
    0.9579594926183489,
    0.9575378002021145,
    0.9577175037164903,
    0.9577770657325317,
    0.9574152917811147,
    0.9575295168193138,
    0.9585607150711748,
    0.957946161403893,
    0.9574000564227393,
    0.9569785415052975,
    0.9572114970458512,
    0.9569357110708461,
    0.9569758691825209,
    0.9574180074128711,
    0.9571942214944053,
    0.9568180702919589,
    0.9565030860925066,
    0.9568075470563998,
    0.9570828433753934,
    0.9569348663416666,
    0.9564173196041128,
    0.9563440242274412,
    0.9565873085893171,
    0.9566843922658829,
    0.9566041138188476,
    0.9567746032381795,
    0.9568823363888,
    0.9567019621672257,
    0.9563537706979302,
    0.9567202145062271,
    0.9568204857085884,
    0.9562614939553225
  ],
  "val_loss": [
    1.0282020449094031,
    1.023302649254124,
    1.0214740974173697,
    1.0204129578316048,
    1.0141813978212608,
    1.0071435333931282,
    1.0052938254456543,
    1.00318869608178,
    1.002179887196789,
    1.001209127848551,
    1.0006381240609574,
    1.000293102166424,
    0.9996107612570672,
    0.999154639298513,
    0.9986007434048064,
    0.9980599858445119,
    0.9977294108639024,
    0.9975362531670696,
    0.9973463859732292,
    0.9968523394027257,
    0.9967747259902083,
    0.9965878216098977,
    0.996062795593314,
    0.9959742671822849,
    0.9957540285641744,
    0.9952214850138311,
    0.9950006884526988,
    0.995102958047771,
    0.9947768068749067,
    0.9945078190058878,
    0.9942857037940526,
    0.9942472400186269,
    0.994004164928715,
    0.9939280389106437,
    0.9940280808161382,
    0.9936839282240497,
    0.9936674220921242,
    0.9935150195474494,
    0.9933202024464194,
    0.993433591982001,
    0.9932867745830588,
    0.9931767275344291,
    0.9930510586255217,
    0.9930480242319847,
    0.9931013706612261,
    0.9928094009830527,
    0.992611548944151,
    0.9928619992243101,
    0.9924691213320379,
    0.9924616563265727,
    0.9925809752995565,
    0.9924480857914442,
    0.9922485098446885,
    0.9920207411731214,
    0.9922112727274089,
    0.9921473487871423,
    0.9919524807908219,
    0.992042489792114,
    0.9917350275331436,
    0.9918369792367769,
    0.9918133831459638,
    0.9917704316034709,
    0.9917947002197509,
    0.9916276507181664,
    0.9916958318997736,
    0.9915043145554251,
    0.9913286346278779,
    0.9912379773240111,
    0.9912653777697314,
    0.9912665434623962,
    0.9912521711223201,
    0.9911363990339515,
    0.991099995020862,
    0.991043115315372,
    0.9909186790522919,
    0.9907821615537008,
    0.9910349410418506,
    0.9908442121662505,
    0.9909080838503903,
    0.9910276572998256,
    0.9905935906928424,
    0.9909436694563252,
    0.9905672960629747,
    0.9905259413261936,
    0.9905755451825111,
    0.9905294988253345,
    0.9905418995852884,
    0.990488689239711,
    0.9905072404369372,
    0.9902451228877726,
    0.9906966054820578,
    0.9905341967055786,
    0.9903162023792528,
    0.9903458011204793,
    0.9904776904136623,
    0.9902677895271614,
    0.9904601840668072,
    0.990179909418707,
    0.9902459328577399,
    0.9904186630357891
  ]
}