{"loss": [0.10009569532762073, 0.05885825399722095, 0.058173056945006636], "dist": [0.027605456624048015, 0.009614460427861557, 0.00952280249805678], "mse": [0.07925611645247418, 0.057177729524969176, 0.05709162092543423], "kld": [0.12168983105938755, 0.3293965457989511, 0.8161685588264747], "l1": [0.09963821070825893, 0.0013213981733281863, 0.0028705810018033726], "mcc": [0.02082961498370375, 0.001680392282223948, 0.0010811488420607595], "epoch": [0, 1, 2], "beta": [0.0, 0.0, 0.0], "alpha": [0.0, 0.0, 0.0]}