{
  "loss": [
    1.0145385931991182,
    1.0008503523932295,
    0.9977930432916322,
    0.9951875284181886,
    0.9838816574797121,
    0.9788511003935183,
    0.9761114828241316,
    0.972601607702663,
    0.9705457719878561,
    0.969071269791168,
    0.9678143668743127,
    0.9665932040996973,
    0.9655885346160151,
    0.964337433182646,
    0.9631718906115494,
    0.9623318139502399,
    0.9614414039554252,
    0.9604036591695766,
    0.9592873331952029,
    0.9588447919570339,
    0.9585293337925721,
    0.957309808218325,
    0.9565030959182785,
    0.9558613700307991,
    0.9553903011752057,
    0.9547620621726443,
    0.9542304314455646,
    0.9537855458537727,
    0.9530371123088244,
    0.9528779512336948,
    0.9523922549629164,
    0.9521235319947096,
    0.9517556426037153,
    0.9513917428087287,
    0.951143506650782,
    0.9509826964331919,
    0.9505468938304118,
    0.950472646548063,
    0.9503225822633757,
    0.9504896842251264,
    0.9500630570491981,
    0.9497220900165771,
    0.9497309404220068,
    0.9499334071966224,
    0.9505088908733403,
    0.9499647070573666,
    0.9495104609665277,
    0.94918005816561,
    0.9488992691795868,
    0.9490233495427122,
    0.9490233679093475,
    0.949035094832213,
    0.9488765269162659,
    0.9485104524209479,
    0.948596765025751,
    0.94873269016054,
    0.9487019568235778,
    0.9486016955074549,
    0.9484935862262812,
    0.9484889003911842,
    0.9489090535322059,
    0.948344341274932,
    0.9483845375106023,
    0.9485083879657787,
    0.9484499448935393,
    0.9481171222770695,
    0.9483248292417233,
    0.9482648888881092,
    0.9483074703072643,
    0.9481079025888939,
    0.9479799386725158,
    0.9478851061407878,
    0.9480256674376171,
    0.9481392721370365,
    0.9480180355790845,
    0.9480539585109172,
    0.9478944433149638,
    0.9481579858338262,
    0.9482503725494977,
    0.9481624982667217,
    0.9479897836425901,
    0.9478059544225892,
    0.9477051181476369,
    0.9479252876831498,
    0.9482336177035029,
    0.947867329384269,
    0.9476206202571114,
    0.9477480918569611,
    0.9476535267071647,
    0.9480295456093699,
    0.9478641401200678,
    0.9476529208500616,
    0.9474672399859969,
    0.9474659874116954,
    0.9474683600484252,
    0.9477306376427465,
    0.9475216825631799,
    0.9476761924503964,
    0.9477127505957158,
    0.9478386635560238
  ],
  "val_loss": [
    1.039815950067076,
    1.0350391843003226,
    1.0329357080807968,
    1.0276955300814485,
    1.016269713231962,
    1.0142532309440717,
    1.0106875379335936,
    1.0085413679140343,
    1.0070436800995919,
    1.005977640413258,
    1.004850283605323,
    1.004051563402289,
    1.0032434044363292,
    1.0027231908824346,
    1.0022199964958782,
    1.00133089170064,
    1.0008753244191,
    1.0002140547042568,
    0.9996311789778269,
    0.9991585065240729,
    0.9986843975711631,
    0.9982019782610679,
    0.9978534010447324,
    0.9971268601613502,
    0.9967320651224215,
    0.9962983321925821,
    0.9959888474581993,
    0.9954365540857184,
    0.9951776565482083,
    0.9949828952414804,
    0.9947565173449582,
    0.9941815676754469,
    0.9941496663986276,
    0.9939744842651228,
    0.9937154838483627,
    0.9937403539544372,
    0.993366410743156,
    0.9932667398017291,
    0.9933496305387314,
    0.9929184663241313,
    0.9930049126551032,
    0.9927410725589212,
    0.99244591580134,
    0.9927274870545897,
    0.9931431317438274,
    0.9926190882512967,
    0.9923912569812444,
    0.9923147017552972,
    0.9923185235289134,
    0.9922268374325478,
    0.9921609756609077,
    0.9921984204418584,
    0.9919965517575338,
    0.9920450378226363,
    0.9918988801572965,
    0.992091371588511,
    0.992035803185206,
    0.9918740111398915,
    0.991963475806528,
    0.9917739842035999,
    0.9918604691823324,
    0.9918316303322848,
    0.9918468216238501,
    0.9917750565428712,
    0.9919051078900899,
    0.9917680966799662,
    0.9918505258211806,
    0.991716254247378,
    0.9915733783756762,
    0.9915486291118952,
    0.9916067700407821,
    0.9917042963036663,
    0.991607989894745,
    0.9916765885810329,
    0.9916220571352466,
    0.9916538059983624,
    0.9916182750980603,
    0.9916745516807521,
    0.9916934155982379,
    0.9916688688269489,
    0.9915477881148526,
    0.9918884615919906,
    0.9914607228753773,
    0.9916299075296481,
    0.9915772409743915,
    0.9916043798673099,
    0.9915530153605492,
    0.9914326118007643,
    0.9915372040718113,
    0.9918329987896087,
    0.9915482192278997,
    0.9914563153976719,
    0.9915896120681066,
    0.991384502959578,
    0.9915240774415943,
    0.9915847217655618,
    0.9914729687721218,
    0.9916246296608284,
    0.9917131493625031,
    0.9915974602851694
  ]
}