{"loss": [0.06139881559475662, 0.05208919182463798, 0.049893125049780884, 0.04847807808059709, 0.04733531391096784, 0.04648392429049821, 0.3818575866421357, 0.5031459833353625, 0.6688927268524114, 0.8403297631039753, 1.0060274453952005, 1.1721385407483031, 1.3503245389972163, 1.5199927824110542, 1.6873580668138084, 1.8399191096403047, 2.009131003517872, 2.1688711347396827, 2.3379857680998315, 2.4949266262561567, 2.663032241902992, 2.8150467034456823, 2.983485940992392, 3.1180668451233133, 3.275384472955453, 3.448243668371677, 3.5680392609037006, 3.719134621289139, 3.893944750156149, 4.018386891884853, 4.1809258133481135, 4.346877550973145, 4.50981700931025, 4.609630061393299, 4.751754659317445, 4.919908384452718, 5.05252259309394, 5.18967588754313, 5.364117013827032, 5.51103013868346, 5.652014411182488, 5.790618006904861, 5.927809447622369, 6.064050160975717, 6.227729665651983, 6.407161096350305, 6.519875496141667, 6.643546253046574, 6.78187747825724, 6.957977682308045, 6.872711587339595, 6.918446866236902, 6.892165519990456, 6.904264998048588, 6.867861113132719, 6.898205349329127, 6.850986015145148, 6.85956448959283, 6.8539053298521955, 6.806234120266124, 6.828808204109947, 6.8145394290039425, 6.809071935966413, 6.830868454768352, 6.842800662295681, 6.804876652919031, 6.773583758000609, 6.824193603707205, 6.74660955961557, 6.782560946494121, 6.757193101913925, 6.7876639683102225, 6.757304059878058, 6.765262840417498, 6.7312232366868985, 6.75711145640476, 6.733552193183843, 6.7735035352551956, 6.739576266470476, 6.754652128261865, 6.744901585966304, 6.7182314321949, 6.713662503212911, 6.741100695143774, 6.739477437919493, 6.708385762647125, 6.685910903896856, 6.677032777090369, 6.7306041210405585, 6.714436343712856, 6.698483655160428, 6.692085790141118, 6.689351154395009, 6.740048837450441, 6.707941296181615, 6.71795252049163, 6.6762897366082825, 6.702322528844746, 6.687050515122745, 6.6889783740924065], "mmd": [2.262756583785729, 1.7522136175474001, 1.5418954772470268, 1.427637541487791, 1.3366135064749105, 1.2726355898503539, 0.39737161102552004, 0.2925534135437787, 0.2763832963155679, 0.2703177613733086, 0.2647712319164896, 0.260232991424762, 0.25963855555702, 0.257855423334078, 0.2560924874450819, 0.2526165555992014, 0.2518757536809237, 0.2502580730566422, 0.2499402685522857, 0.24838219809743467, 0.2481313364764612, 0.24642994198700527, 0.24633644512432187, 0.24350648810275372, 0.24281782297035087, 0.24326123768240873, 0.24001023699385024, 0.23905040607670738, 0.23976736004014487, 0.23729654666768218, 0.2372530545142412, 0.23747854500436713, 0.23740620633788087, 0.23409123762759712, 0.23317673390777988, 0.23356177760191824, 0.23218944633552913, 0.23122775154064465, 0.23194892924592625, 0.23140632283036078, 0.2305795094067096, 0.22976715704274847, 0.22900589567607757, 0.22821595043252102, 0.22847424174605305, 0.22928020809302477, 0.22770318027965428, 0.22656822706431018, 0.22604365820722708, 0.22670115748395595, 0.2238026438074591, 0.22526466555926436, 0.22442836599476756, 0.22477935914891156, 0.22350288110962646, 0.22450732753407127, 0.22296306250982834, 0.22325462349408487, 0.22303075375285775, 0.22143129654437788, 0.22213424792846162, 0.22172334015457457, 0.22155139424688178, 0.22223861843479614, 0.22260745477200963, 0.2212977141273955, 0.2202724052628879, 0.22198889986715079, 0.21936675670668151, 0.22056390637837273, 0.21975005758125638, 0.22072663918643792, 0.21969200404391154, 0.21989482881135392, 0.2187785111158602, 0.21965753886865197, 0.21890867795338484, 0.22020605877812188, 0.21910840101220935, 0.21959068382948504, 0.21922375770227948, 0.2183221966424404, 0.21815007383573354, 0.21902608891269482, 0.21901416094035484, 0.21793922925013032, 0.21725046496007433, 0.21701038438425108, 0.2187859402801649, 0.21825071898573786, 0.2177340670033431, 0.2174693393126196, 0.21735868291541427, 0.2190283629135332, 0.21791902358369955, 0.21827097133660422, 0.2168534424271506, 0.2177264934716584, 0.21716564783669645, 0.2173027612345962], "mse": [0.06133390725913569, 0.052038392307927374, 0.04984077116807419, 0.04842499466929337, 0.04728252205728076, 0.046431664036286985, 0.1092754776590948, 0.1024851741893781, 0.10161420135061357, 0.10084526905545103, 0.10076746134365328, 0.10127568252637784, 0.1016892054540544, 0.10190799331603409, 0.10263881308509469, 0.10268792691619921, 0.10367476558271504, 0.10426347845810378, 0.10432155986084016, 0.10503201440879126, 0.1060299938613414, 0.10684227914806659, 0.10732987485660936, 0.10730742796309062, 0.10752890772974473, 0.10847043889840209, 0.10867214214986677, 0.10926007913037629, 0.10928622679440979, 0.10936614458326752, 0.10979725806760647, 0.11018591068211828, 0.11084438311252495, 0.11101864446697418, 0.1109508762419488, 0.11124518688663598, 0.11158643125871436, 0.1114457306648815, 0.111538256541929, 0.1118976062320536, 0.11167151330140704, 0.11198251308155201, 0.11199761413180846, 0.1119123998935853, 0.1121620366038917, 0.11249104837723285, 0.11257019698443758, 0.11235347959148302, 0.1123267416147573, 0.11261621197930467, 0.11270909864273874, 0.11336506382621374, 0.11272017938391672, 0.11311656638341605, 0.11319884226452477, 0.11298974101573361, 0.11317482184580192, 0.11289802748308224, 0.11377184637760306, 0.1130922864049541, 0.11323494934084849, 0.11266866270205118, 0.11265398301129151, 0.11294350371403039, 0.11280051783893802, 0.11336788009065293, 0.1131770183033746, 0.1130364583571341, 0.11266610347713994, 0.11306586475324772, 0.11292199229208018, 0.11301072369958308, 0.11354057579968493, 0.11321823885513022, 0.11361121909040821, 0.113452218792111, 0.11331964006848314, 0.11410296742461809, 0.11353266427356701, 0.11391710313903704, 0.11408396145573747, 0.11371051410056288, 0.1136301340125336, 0.11338449030718388, 0.11340325141939138, 0.11333291928120166, 0.11374868539490764, 0.11321280983605449, 0.11364643443018153, 0.1141911577460861, 0.1142840631405219, 0.11393526791865928, 0.11397425671888067, 0.11378181851200726, 0.11391146715449794, 0.11375875712717654, 0.11411173481004452, 0.1142237605293181, 0.11360600237436097, 0.11368509545988312],