{
  "loss": [
    1.9836982460515378,
    1.9310905892867714,
    1.8766868913835781,
    1.8446984165004447,
    1.8207177543228965,
    1.8110486665656051,
    1.805478327563956,
    1.8011738553193508,
    1.7920799345465865,
    1.7859848459269412,
    1.7822632028341232,
    1.7799181593513538,
    1.779207516526801,
    1.7752821307299618,
    1.7726842785982078,
    1.7717548775062204,
    1.7705385263517004,
    1.7677562340485575,
    1.7660600723060533,
    1.7648099697153188,
    1.7627973527494736,
    1.761590629491049,
    1.7600285560081612,
    1.7586591295442573,
    1.75850294176286,
    1.7579309033646124,
    1.7570469599522343,
    1.7558823816975209,
    1.7566363292087495,
    1.7553214625056976,
    1.7535999134171592,
    1.7528086259163729,
    1.751771046218611,
    1.7512107477132481,
    1.7516329233156012,
    1.7498703165584006,
    1.7494250099700688,
    1.7489562187888976,
    1.748293902315889,
    1.7480348248848177,
    1.748686933650482,
    1.7470196454076938,
    1.7475596783942993,
    1.7468565453921905,
    1.745236305515687,
    1.7458813487652018,
    1.742835623855794,
    1.7417100822747191,
    1.7411633726306714,
    1.742307207259677,
    1.740757438424817,
    1.740594408701375,
    1.7405335510439175,
    1.7388758367915278,
    1.7381224001902116,
    1.7406588528563218,
    1.738314255161271,
    1.7363282013084573,
    1.734706728766178,
    1.7349494587428793,
    1.7343647067026229,
    1.7330547987190321,
    1.732913673060091,
    1.7311315638687053,
    1.7307573072262714,
    1.7306508643658005,
    1.7312346009049595,
    1.7305261923400332,
    1.7304371127071279,
    1.7291236932344798,
    1.7290828862590533,
    1.7288684649362256,
    1.7268317275442753,
    1.7268694702090874,
    1.7254252207935266,
    1.7247070935726045,
    1.724742197428081,
    1.7277861867735842,
    1.735780730605458,
    1.7275360164502052,
    1.7242365422782153,
    1.7230612786929378,
    1.7230112408733054,
    1.7229946671540803,
    1.7213148966133065,
    1.7217151702977123,
    1.7210169632121024,
    1.7209004820405969,
    1.7205249025771499,
    1.7192520005673344,
    1.7194245933670094,
    1.718706392921411,
    1.7182977026923187,
    1.7182813299630397,
    1.7171647293205465,
    1.717792859876818,
    1.7174681037203359,
    1.717332483456578,
    1.7167377386364029,
    1.7163635483254887
  ],
  "val_loss": [
    2.0501954849452186,
    1.9801470863220354,
    1.9416838399895795,
    1.9077428279946385,
    1.8962493693991884,
    1.8901208764341868,
    1.8925334541764978,
    1.8805545094895035,
    1.8740912469010376,
    1.8735845725830287,
    1.870016215054412,
    1.8715747257345887,
    1.8689980773620953,
    1.8659002819017732,
    1.867163937385768,
    1.8673321885061047,
    1.8642553673487277,
    1.8624644584307388,
    1.8616319361342688,
    1.8605609315715423,
    1.8613774292000898,
    1.8583554024021376,
    1.8577566097860467,
    1.8571753044650978,
    1.8597485447583133,
    1.8591397870076847,
    1.8579060835381076,
    1.856875982458733,
    1.858991865698061,
    1.8572214901719464,
    1.8569639665351065,
    1.8576236832631778,
    1.8574311167137807,
    1.856254016427689,
    1.8584605537048757,
    1.8577119275315168,
    1.8581728586867519,
    1.859487021350425,
    1.8580708933747523,
    1.8599494739210225,
    1.8600083867164507,
    1.861228658184069,
    1.8609572855849243,
    1.8595965322294192,
    1.8598361771944996,
    1.858496055755441,
    1.8602490893237666,
    1.8600040260515256,
    1.8598505900875073,
    1.859429244581423,
    1.8608853484941945,
    1.8641143411261851,
    1.8623223125118098,
    1.8617865897749113,
    1.8619232221281148,
    1.8627401916948083,
    1.8634451551524471,
    1.8619367063862005,
    1.86183772021777,
    1.8618586134148516,
    1.8641913476055616,
    1.8613812705697534,
    1.8619515433159048,
    1.8644180499255385,
    1.8637396162503386,
    1.8699809584987763,
    1.8641812442100212,
    1.8642538225269754,
    1.8657859705354525,
    1.8666224528665412,
    1.8666609003119272,
    1.8653083707643972,
    1.8661970199515285,
    1.8687082714141776,
    1.8657932591764894,
    1.865985192664682,
    1.8673345786795768,
    1.8684123765388037,
    1.8674510984115948,
    1.8664413663350283,
    1.8680761110837056,
    1.8665293651084378,
    1.8671098996515143,
    1.8700820115058934,
    1.865858674593712,
    1.878587492524761,
    1.8677831479947862,
    1.8701319014100724,
    1.86937581513026,
    1.8671520344198567,
    1.8713589895805811,
    1.871782457991822,
    1.8699794898838757,
    1.8709319481566615,
    1.871437106502655,
    1.8686099166739476,
    1.872860650493674,
    1.8739051486803517,
    1.869299507576581,
    1.8705942532787585
  ]
}