{"loss": [0.06381016403436661, 0.05391429776730745, 0.0512535973476327, 0.05025583748584208, 0.04976342255006666, 0.04948773543471875, 0.053534931540489196, 0.05661343967137129, 0.05874437749385834, 0.06007855831928875, 0.062100339356971825, 0.0751140672551549, 0.0750273860083974, 0.07674071221247963, 0.07852178197839986, 0.08047079968711604, 0.08221240776388541, 0.08393751169028489, 0.08570714925942213, 0.08672588117744612, 0.08840233340211537, 0.09075470045856808, 0.0919252218241277, 0.0940579101961592, 0.09476109356983849, 0.09674150203881056, 0.09774700632561809, 0.09975742071866989, 0.10160026173228803, 0.10268802406995192, 0.10497916115366894, 0.10600152772405873, 0.10695412975290547, 0.10913025284590928, 0.11114808673444002, 0.11246885807617851, 0.11374918171892995, 0.11556568835092627, 0.11688983103503352, 0.11758660780346912, 0.12009753545989162, 0.12067707797755366, 0.1218745583684548, 0.12371480593214865, 0.12491889633562255, 0.12602484574784403, 0.12928982754116472, 0.12902121194030927, 0.13138461900793988, 0.13179250723641853, 0.13132476778134056, 0.13068948056386864, 0.13129372849412588, 0.1302479098154151, 0.12977748238522074, 0.13010139960309733, 0.12858590606762016, 0.1290586639487225, 0.12851996850708255, 0.12875923082880353, 0.12827273235372874, 0.12862133179021917, 0.1284594915612884, 0.12866833221653234, 0.12780948996543884, 0.1275609487813452, 0.1277029156425725, 0.12678996299919876, 0.12675672398961108, 0.12756331866202147, 0.1264522078892459, 0.12625510905099951, 0.12650808105002279, 0.1258018546907798, 0.1261878903793252, 0.12573251725538917, 0.12607957716869272, 0.1255966997794483, 0.12603575570427852, 0.125465608291004, 0.1252189132052919, 0.12534014780884203, 0.12547092851089395, 0.1259107278611349, 0.1250588098945825, 0.12484022075715272, 0.12449138598597569, 0.12408675810565119, 0.12428432227476784, 0.12439430151296699, 0.12447493374347687, 0.12382054098274396, 0.12446890577026036, 0.1238377215810444, 0.12358348685762156, 0.12367311596870423, 0.12418904168450313, 0.12325999455607456, 0.12333580008019572, 0.12311587064162545], "dist": [0.015657406162227626, 0.008824348991088892, 0.008842168176222754, 0.008859342576368995, 0.008822403199079893, 0.008774272897483214, 0.007777582652785856, 0.0070890016517723385, 0.0062541490056268545, 0.0054618094873655106, 0.005172228310662119, 0.0049667981489682975, 0.004809260800399858, 0.004677476096776841, 0.004602456951068471, 0.004532743242731237, 0.004498934672295075, 0.00443598505737179, 0.004376761306320196, 0.004257701680307155, 0.0042243993563739505, 0.0042546308984089155, 0.0041753027235846155, 0.004197331909292742, 0.00408793403443111, 0.004084003761248744, 0.004000643276326034, 0.0040025819562699485, 0.004005525251850486, 0.003947508422576863, 0.003970459498991461, 0.003918194289157248, 0.0038534184871241452, 0.0038800090271979572, 0.00388994762248805, 0.003864954343551527, 0.003832536524809573, 0.00382305973816825, 0.003806783371281041, 0.0037378608643927652, 0.003795958256308475, 0.0037198520366750333, 0.003679941037021901, 0.0036887674383900087, 0.003664680711682076, 0.0036329093879169743, 0.003707895178914718, 0.003606766203782805, 0.003641522043465596, 0.0035835636348423103, 0.0035548170560808934, 0.0035240504463486698, 0.003545092024597461, 0.0035068630633632776, 0.0034871597142647143, 0.0034961121667014517, 0.0034268845192602145, 0.0034595420942439333, 0.0034379229303854314, 0.0034465453073220407, 0.003422944249342317, 0.003446799117018995, 0.00343235000907241, 0.003450487917694061, 0.0034069740922068772, 0.0034001877721723008, 0.0034036555201948987, 0.0033663683423124577, 0.003374386942823944, 0.0034039723126055754, 0.003349337334461186, 0.003346762800305758, 0.0033540930609097298, 0.0033296017443923197, 0.003343907519162673, 0.0033227913199073596, 0.003343574409980489, 0.0033167291657351283, 0.0033438354607104605, 0.003309091744215592, 0.003303401143411579, 0.0033085354865002243, 0.0033113591296031423, 0.0033389084848939724, 0.0032988547823270377, 0.0032859734212979676, 0.0032683253172866027, 0.0032555026322117317, 0.0032640960822691734, 0.0032631836517754455, 0.003273469742549502, 0.003246447094311209, 0.0032673858693274467, 0.0032437639118617643, 0.0032234068137957997, 0.0032349545190758677, 0.003260729317755803, 0.003212756868046911, 0.003219788950341551, 0.0032096219915167794], "mse": [0.0638016379268273, 0.05391128947553427, 0.05125037099356237, 0.050252329895029896, 0.049759928007488664, 0.0494840630111487, 0.0499903379380703, 0.05015590626908385, 0.05020010798521664, 0.050132579771072966, 0.05032516195722248, 0.057643912739079935, 0.05828064932771351, 0.0586363705927911, 0.05884555440881978, 0.059021572794603266, 0.059057094344626304, 0.05914558246731758, 0.0591897514656834, 0.05911968163174132, 0.059083388357058814, 0.059142441943935725, 0.059152139030073, 0.0591340550845084, 0.05903014559460723, 0.05912844580800637, 0.05909038104440855, 0.059104725666668106, 0.0591108370863873, 0.05910329264143239, 0.059208151963741885, 0.0591539944578772, 0.059119175108878506, 0.05918215370696524, 0.05924775914005611, 0.05922130663757739, 0.059132110994795095, 0.05928120792559956, 0.05923243505151375, 0.05929337499582249, 0.05923193297308424, 0.05930881189263385, 0.05930646173979925, 0.05935545084917027, 0.05936196039552274, 0.059371448172175365, 0.05946629964787027, 0.05951492191656776, 0.059615498839513115, 0.059597298826860344, 0.059565590438635456, 0.05957019599883453, 0.05963073580161385, 0.05955697826717211, 0.05944977015904758, 0.05950995511982752, 0.0594761607374834, 0.059385933610408205, 0.059274845045545824, 0.05925492844503859, 0.05922597035765648, 0.059187900553578913, 0.05918471480841222, 0.05909171930473784, 0.05915310838300249, 0.059069655129443045, 0.05903639998124993, 0.05899467383389888, 0.058898461059383726, 0.05890484833199045, 0.05890927360757538, 0.058859492423741715, 0.05888786382649256, 0.05879621046392814, 0.058834614494572515, 0.05881030261516571, 0.058829250374565954, 0.058752140493496606, 0.058773796636125315, 0.05881073663416116, 0.058712795279596164, 0.05874543971341589, 0.05869971212485562, 0.05869362785764363, 0.058755690125019654, 0.05867772345957549, 0.05870984492742497, 0.058640153090591014, 0.05859725227822428, 0.058661824931269105, 0.05864087198739466, 0.058557951942734096, 0.05874506874576859, 0.058618095705042714, 0.05868240909731907, 0.058619958317798114, 0.058618330495513, 0.05859645811759907, 0.05858190248841825, 0.05866617171660714],