{"loss": [0.0626417597263303, 0.05300208621354364, 0.050831012790981386, 0.050006970135905014, 0.04961140610090563, 0.049393251307165605, 0.05800619994343824, 0.0630590840348729, 0.06696288771322066, 0.06994609908370007, 0.07306358147208941, 0.08923557256534145, 0.09149179439248856, 0.09522800137628656, 0.09878598334077894, 0.10214713454642711, 0.10523326321886069, 0.10933796199729207, 0.11176147079714292, 0.11607624501254041, 0.11878218803351176, 0.12243319016659805, 0.12537883990272286, 0.12927743219158322, 0.13133218082182516, 0.13493815879922147, 0.1388932294604345, 0.14215272923648092, 0.14458614442514, 0.1485066021100633, 0.1507923221944706, 0.15442956441482378, 0.159233221220213, 0.1605821385693515, 0.16402669593229605, 0.16793755466115703, 0.1696293443287317, 0.17271709062456203, 0.17652787034849649, 0.17908389236849556, 0.1817218987615105, 0.18599151699986732, 0.18852432778702177, 0.1919843658056534, 0.1951563215128076, 0.19896993078456496, 0.2010798238691058, 0.2047622655924173, 0.20668745327031066, 0.20924021184796596, 0.2076273464888026, 0.20621118065041313, 0.2079032276766691, 0.20667641026626837, 0.20549415318265096, 0.20533887107624085, 0.20252942341205113, 0.2039116723146537, 0.2027555710279783, 0.20275306852432615, 0.20171471754504447, 0.19994608091638924, 0.20171974891001576, 0.2004979481835309, 0.1996325435917522, 0.19827175717058, 0.19828293075237527, 0.19794394946388869, 0.1971133015444571, 0.19529903143028038, 0.19648593926095187, 0.1978904876962546, 0.19715987528884782, 0.19478584555262476, 0.19383266711252656, 0.19452665348921075, 0.19362696005991678, 0.19366098661938658, 0.19306691469654902, 0.19235919514998376, 0.1918050280966118, 0.19036906378748145, 0.1935095435429359, 0.1931893276367089, 0.19166358791434782, 0.19058675957263133, 0.1906768009726899, 0.1902074751882997, 0.18996197489286984, 0.18875492914432612, 0.1886505490083638, 0.19016534984772104, 0.189173874256794, 0.1879490058720552, 0.18836372419421393, 0.18752814151423722, 0.18776367526594961, 0.18634815109093045, 0.187643007764612, 0.18627561031231324], "dist": [0.015355592649952787, 0.009767626394329255, 0.009704856911847476, 0.009819315232961071, 0.00979160433573211, 0.009761720236481622, 0.0081640735393778, 0.00677428828370778, 0.005919604303598668, 0.005239995766329294, 0.004815000556464386, 0.0048556177614826265, 0.004727879065216864, 0.0046624115575724, 0.004568137310340758, 0.0044896602052837565, 0.0043970482622340675, 0.004406975722387488, 0.004305903134355803, 0.004309624091149796, 0.004248795652228299, 0.0042185568052276615, 0.0041794180524421295, 0.004166754460625317, 0.004071315805850058, 0.004073032916198861, 0.004075491226565759, 0.004057413135432367, 0.004002029756826941, 0.004007150451212494, 0.003956936016414683, 0.003960670336036829, 0.004001441994954336, 0.003920270174059417, 0.00392234502164193, 0.003928800307467382, 0.003866823502758482, 0.003842655196338837, 0.003854999579234734, 0.003826222782803251, 0.003802695820428585, 0.003821229514015214, 0.003797147092526363, 0.003781656150505266, 0.0037777673573806837, 0.003792050446932544, 0.00375350056892946, 0.0037602320983400636, 0.0037228935081759355, 0.0036921669659239174, 0.0036664363507530823, 0.0036297987037760644, 0.0036684993071209203, 0.003640104140749303, 0.003605657507338048, 0.00360235453863935, 0.0035413380263805212, 0.003576855808173195, 0.0035500293205515585, 0.0035483597319000888, 0.0035184820683362124, 0.003481848993884782, 0.003519740911920113, 0.0034920639859545464, 0.003475398362092839, 0.0034360208593658343, 0.0034362267693532206, 0.0034264022966934865, 0.003419332749807335, 0.003374689591888949, 0.0033935489789190727, 0.0034360294283589175, 0.003414294315141624, 0.003362898877512339, 0.0033315550205758613, 0.0033489293857316654, 0.0033294872077803735, 0.003330119934168258, 0.0033193401652876634, 0.0033062240758847494, 0.0032906037474331753, 0.003252690860539389, 0.003333341538530542, 0.003319861386088239, 0.003286787220882183, 0.003262195014807518, 0.0032670021819245164, 0.0032532699772416774, 0.0032504734576664636, 0.0032144777846152576, 0.0032134085678340017, 0.0032479281038901545, 0.0032272189405046546, 0.0032019362490186727, 0.0032093045638772375, 0.003191073948381251, 0.003193455137982359, 0.0031636831931153553, 0.0031908981909939643, 0.0031641818883249664], "mse": [0.06263429577981, 0.052999056270414825, 0.05082761298210265, 0.05000333687183248, 0.04960753316365105, 0.049389402823663005, 0.05056910391242148, 0.05071886476442944, 0.05079303110125674, 0.05086499258347593, 0.051147560012613474, 0.058258690171086806, 0.05931216712760432, 0.05967230589144163, 0.05999754212433513, 0.05998449807813284, 0.060083105830005215, 0.06003243154247719, 0.0599590569151293, 0.06006967327509356, 0.0598840705136957, 0.060003471740987836, 0.05991748487095361, 0.05994231942243203, 0.0599807084674233, 0.05992193633973863, 0.059936888273832895, 0.059842014330352605, 0.059894855102548925, 0.05985748915873919, 0.05978637144101599, 0.059813716441965176, 0.059787751603293804, 0.05971774403308484, 0.059724558056765506, 0.05972115303688247, 0.05967292413555713, 0.0597306439815367, 0.0597399885393404, 0.05974257378625729, 0.059685726186461424, 0.05986933334781465, 0.05975802970755752, 0.059899092645025326, 0.05994363496165332, 0.059766704659562346, 0.059881963743725064, 0.05989292566630126, 0.059837667841018564, 0.05986154885024405, 0.05980317101454805, 0.05977140528808844, 0.05989673812399059, 0.059896784901971124, 0.059809083523479134, 0.05981827152554534, 0.05976072183233772, 0.05975056342791595, 0.059616564119584096, 0.05963454576019346, 0.05970052265984445, 0.05961753848384367, 0.05964517980219695, 0.05957456168056943, 0.05950677759142006, 0.059529447331034095, 0.059627955061338146, 0.0595968652136921, 0.05945776110209602, 0.05948773946508523, 0.05942735133728389, 0.059505399553163016, 0.059467275900713976, 0.05939764659329038, 0.05944949438578093, 0.05947065198218981, 0.05937682892824558, 0.05937628530549158, 0.059312462652627615, 0.059362117663311995, 0.0592730550241259, 0.059299850624544403, 0.05923817073995113, 0.05932515679117144, 0.05918951507553216, 0.05923999507568964, 0.05919025887898892, 0.05918821046456276, 0.05920904676706435, 0.0591944730517343, 0.05915628768712766, 0.05932297416724694, 0.05918010974102041, 0.0591795258168984, 0.059165872127213893, 0.059091915672251534, 0.059177798773416564, 0.059130674087754735, 0.05914218914715719, 0.059104756824947355],