{"loss": [0.06293653615336299, 0.052930611643824656, 0.05091118491756863, 0.05025950445624363, 0.04986096287429597, 0.04961819215464451, 0.28150672165118434, 0.3913905946331503, 0.5119846467165334, 0.6295294318804889, 0.747410747378052, 0.8934291628474147, 1.009601233276694, 1.1265571439635982, 1.239068638714941, 1.349537317650709, 1.4546442711546994, 1.5719640364146832, 1.6847994029962154, 1.7872360101302582, 1.914956163620491, 2.0221787784441183, 2.1458035008417804, 2.241957441918783, 2.3469043225270076, 2.4732776153034792, 2.57286962519016, 2.6979292773777837, 2.797849564643871, 2.9154301277819905, 3.0004017761574184, 3.129202740583321, 3.2606823789492316, 3.332038491304023, 3.4402111601442145, 3.5383131500537144, 3.6422078331252847, 3.74157790912307, 3.868845413495378, 3.9537250062387486, 4.058595138251166, 4.171829669479077, 4.260330968980775, 4.374450652602857, 4.484132762497602, 4.624368143574702, 4.706582098979189, 4.8109927948679845, 4.907495998385386, 5.0051415702616975, 4.98825846288898, 4.989366327818247, 4.961426637725605, 4.9811256787625515, 4.9652408074417, 4.957941031350343, 4.941407091332327, 4.941189871933118, 4.961159047207064, 4.962695688757622, 4.9374135505501595, 4.936450302864987, 4.941761891986278, 4.922544935781459, 4.913451737103822, 4.901281397663156, 4.899278558691636, 4.907699180318475, 4.909820456976728, 4.918372245447674, 4.908789326556501, 4.916429804206071, 4.931729352632689, 4.876559642428309, 4.89167732079589, 4.896253808738562, 4.881042995340187, 4.85705947206855, 4.895862646962199, 4.880102032220522, 4.875408921671407, 4.848551723418243, 4.831117212332158, 4.867916161411798, 4.862549938514631, 4.858288188100389, 4.831121952178031, 4.8226899128720895, 4.859122450277759, 4.843709662534637, 4.866634898559029, 4.832528904586634, 4.819834851091686, 4.808842488546667, 4.8470759891865, 4.827331596146306, 4.782731711952514, 4.832926292363086, 4.825478815785891, 4.819791808262181], "mmd": [2.3434965238965595, 1.8308116132434749, 1.6120136122231645, 1.5492922377551148, 1.510286780016461, 1.4926536970687934, 0.413126320395195, 0.32673948532193237, 0.30502581574363935, 0.2924245874806028, 0.2851257732294863, 0.28378287444174555, 0.2772824711646428, 0.2737988571428654, 0.27023396571682684, 0.2674157874578915, 0.2639810386797526, 0.26351687180062694, 0.2622118415517328, 0.2592733594392216, 0.26074431605494003, 0.2590328568545895, 0.25981082090422886, 0.2570196380247218, 0.2557045965286266, 0.25676095426258694, 0.2550399561840463, 0.2558569101014201, 0.2543394975859446, 0.25433944555293864, 0.2516788505512995, 0.2528717051008427, 0.2542317149558131, 0.25076694300114843, 0.2503358625546868, 0.24927435113196889, 0.24861142303425945, 0.24764897208798406, 0.2486345637232021, 0.24675486649509018, 0.24628366146957503, 0.24632710119381965, 0.24493297139950307, 0.2450296560321636, 0.2449619720086037, 0.24657189738186988, 0.24495692663389965, 0.24456152518003343, 0.2438354164449996, 0.243119630362822, 0.24229560134329858, 0.24235726047741962, 0.24104099129732462, 0.24198031535528963, 0.24109779192654737, 0.24064936910369372, 0.23996896042517404, 0.2399231466620148, 0.24089839196099488, 0.24099591222524291, 0.23970723341451614, 0.23969438839346127, 0.23997758144025788, 0.23894164432803144, 0.23846712638039355, 0.23789675513961994, 0.23779359638162695, 0.2381437360095837, 0.23822862253231347, 0.23871144683181447, 0.23812240315945146, 0.23858546939963252, 0.23933399350903764, 0.23649129619274392, 0.23719604879045417, 0.23751611714877266, 0.2367494854652371, 0.23565187849973823, 0.2375529539637939, 0.2367055857859475, 0.2363982397837336, 0.23510253317158894, 0.234235587465182, 0.23606455147794642, 0.23582212010637874, 0.23564633112978547, 0.2342313852056619, 0.23383349767903985, 0.23565320089525452, 0.23487963805874834, 0.23594053027989065, 0.23431807316212394, 0.2336799662829854, 0.23305123359889365, 0.23492270807131707, 0.23406387255850358, 0.23184952701124165, 0.234282719221742, 0.23393048365852154, 0.23359422482539138], "mse": [0.06259684913971927, 0.05264111938975762, 0.05061488029611692, 0.049966958063920104, 0.049568701843611424, 0.0493336030319223, 0.09341825247691336, 0.09403028113539146, 0.0956496600078163, 0.09740428826833582, 0.0988052031644338, 0.10046764961725851, 0.10184833562576612, 0.10328539028389591, 0.10466139891255025, 0.10594265796849435, 0.10725781345737209, 0.1085584232778986, 0.10754661901442655, 0.11001356892518842, 0.11058963989313456, 0.112367660104348, 0.11248595369883443, 0.11207665624083234, 0.11332897737380145, 0.1142696980579565, 0.11500479416313693, 0.11490852816066151, 0.11487497055856305, 0.1154047479877796, 0.11582318600955002, 0.11633691311630928, 0.11686549332416568, 0.11684969918282381, 0.11754262214045053, 0.1171344234614992, 0.11760845916838202, 0.11786230704148727, 0.11848466460382569, 0.11881677651202838, 0.11863328705774276, 0.11915602266480335, 0.11923889060844522, 0.11985636703901136, 0.11920470627715352, 0.11918558488480273, 0.11937314014403119, 0.12055062699617276, 0.11979472216774477, 0.12057277008869095, 0.12047251302919501, 0.12060757428187563, 0.12042703631401414, 0.12052760044308146, 0.1210338131935945, 0.1212222733516989, 0.12053238410100979, 0.12081615636716742, 0.12051176356820271, 0.12156213770456821, 0.12147915957597369, 0.1213386899941605, 0.12125447063405545, 0.12110429001831761, 0.1216059465462031, 0.12194898106058732, 0.12112839010432692, 0.12132428824197242, 0.12162653586801081, 0.1222398291112225, 0.12237495844262038, 0.12198993258805535, 0.12197829373566052, 0.1225047313458282, 0.12290139866104154, 0.12204830411221816, 0.12293472967524648, 0.1223617542419511, 0.12245015202412049, 0.12232479351838195, 0.1223971605895189, 0.12274242710855898, 0.1229303203181995, 0.12283340281362548, 0.12317056751409697, 0.1231346162946749, 0.12288593786990097, 0.12313602775599439, 0.12338760386233492, 0.12339966212629039, 0.12303273440331793, 0.12292065723431868, 0.12354097770667323, 0.12338494260739012, 0.12319374791012205, 0.1236006447294262, 0.12359450169821082, 0.12358889986308322, 0.12371959773881397, 0.12388824946639104],