{
  "loss": [
    1.9895028871780054,
    1.9678409498656368,
    1.9081015008190638,
    1.8636860662143968,
    1.8416670354949076,
    1.8249295699605474,
    1.8178383791594828,
    1.810625797052115,
    1.8108056857747352,
    1.8001014473714594,
    1.796328968545854,
    1.793453679240781,
    1.7930256950955024,
    1.7895558311526254,
    1.7875190838442034,
    1.7857812420837533,
    1.783392078193831,
    1.781836779263308,
    1.780998452163849,
    1.7797916519620713,
    1.7790845319337723,
    1.7781869619895805,
    1.7770310667242581,
    1.776089959751674,
    1.7764286395410822,
    1.7746030772182804,
    1.7733340653374265,
    1.7738070838680553,
    1.7722139970439357,
    1.7726101024846816,
    1.7723453447596844,
    1.7699758041458264,
    1.769415972016954,
    1.769317582903433,
    1.7688470174599322,
    1.7684372051579076,
    1.768409354778041,
    1.7669946119744797,
    1.7664799734386973,
    1.7662258143053724,
    1.7653080402459405,
    1.7646846647284342,
    1.7647486176552458,
    1.7644219897647755,
    1.76432633675085,
    1.7630961465557426,
    1.7622766470866793,
    1.76131774561072,
    1.7600583185739636,
    1.7593800800269308,
    1.7600720308772084,
    1.7601328462687296,
    1.7592589352114565,
    1.7584747015568256,
    1.758949777211086,
    1.7575770361363632,
    1.7561577652240206,
    1.7549051096558481,
    1.756455284431142,
    1.7561348683332811,
    1.7543587774121456,
    1.753512772726523,
    1.753668060316037,
    1.7529224790415423,
    1.7529532674179444,
    1.7526490813186861,
    1.7517696891434447,
    1.7512349700552843,
    1.7501286891339365,
    1.7508696124482934,
    1.7498351042868672,
    1.7495832393352615,
    1.7479662521520969,
    1.7488225884102577,
    1.7473254922740569,
    1.7461452971791482,
    1.74537141686492,
    1.7462238690709815,
    1.7482477720395098,
    1.7450932748058319,
    1.7445798839012319,
    1.7440860317105906,
    1.743652224026747,
    1.742097413815008,
    1.742963790530757,
    1.7428603171999915,
    1.741649547295615,
    1.7412255390507299,
    1.7424275538596652,
    1.7414792374309296,
    1.74045440822938,
    1.7393605673098484,
    1.7404398113043211,
    1.7400242258623835,
    1.7388772184462407,
    1.7382654099787307,
    1.7375324006132629,
    1.7376919654369234,
    1.7370426697444408,
    1.7365432138706627
  ],
  "val_loss": [
    2.0576488688656185,
    2.0246757415875996,
    1.9580958216157678,
    1.935619162642248,
    1.9103538260612314,
    1.901587522193177,
    1.8990242089310738,
    1.888656558511464,
    1.8879348393444602,
    1.8831745908684927,
    1.8793271926984394,
    1.879102845714517,
    1.8783793150017796,
    1.8767422519318044,
    1.8750366054169119,
    1.8734125617432267,
    1.8716686958591688,
    1.8713574338721357,
    1.8697278445169805,
    1.8698593105899688,
    1.8699092658143066,
    1.8698494760957483,
    1.8702541099835748,
    1.8699828223006365,
    1.868922960268308,
    1.8668564797536422,
    1.866596489192144,
    1.8675340675327876,
    1.8668754585257403,
    1.8682696079010288,
    1.8665875060373245,
    1.8658136967654642,
    1.8656858516066042,
    1.866408270787975,
    1.865822162802361,
    1.8656165441965948,
    1.8663526103921133,
    1.8647977652615064,
    1.8630345510021191,
    1.8653045065326779,
    1.8641565020225908,
    1.8644412636212562,
    1.8630296117094554,
    1.866356999906775,
    1.8657257518811858,
    1.8650129853862605,
    1.8642148868134032,
    1.8650664951158986,
    1.8632439195293269,
    1.8656487829609005,
    1.8657473086222123,
    1.8653481844897684,
    1.866224062497213,
    1.866878410452577,
    1.8669945502390055,
    1.8642764369102374,
    1.8651887270957912,
    1.8669132565798825,
    1.8678605654468274,
    1.8680937050684403,
    1.8668632550870992,
    1.8677672768292362,
    1.8686918042021798,
    1.870881065386071,
    1.8707351913190868,
    1.8684969057231189,
    1.8686609382498753,
    1.8678538946256245,
    1.8675963290750164,
    1.8702821737010729,
    1.8708175290120792,
    1.8677457271645603,
    1.8703363698367115,
    1.8693637945880628,
    1.8696076543363807,
    1.8700984128533977,
    1.8701197088581243,
    1.873356125670481,
    1.8730619917177174,
    1.8731309219038106,
    1.8715065118929022,
    1.8709311741127816,
    1.8728924167754988,
    1.8702397488023592,
    1.8737165040621475,
    1.8730065033316068,
    1.8775324064846997,
    1.873766658512969,
    1.8724834723015353,
    1.8771220075485369,
    1.874580642948412,
    1.8758430970858222,
    1.8756241613327096,
    1.872786511024928,
    1.8740221958726508,
    1.8748886122551138,
    1.8772606365212567,
    1.875454548287065,
    1.874300917533979,
    1.8765951166414234
  ]
}