{
  "loss": [
    1.0185109624494744,
    1.0059556888267407,
    1.0016294746353083,
    0.9998187934325242,
    0.9990793676716059,
    0.9987728243527717,
    0.998598371884186,
    0.9983169153352914,
    0.9965138675222323,
    0.9928096542254955,
    0.9920533062467501,
    0.9910885354556564,
    0.990210722538365,
    0.9901427628519972,
    0.9900193027454961,
    0.9900667064304227,
    0.9899655497839664,
    0.9907812405863893,
    0.9908286561981223,
    0.990124706750026,
    0.9899394323304801,
    0.9898684270076594,
    0.9898429570209226,
    0.989790335812963,
    0.9898106570251476,
    0.9905855784782951,
    0.9899772009073138,
    0.9898338687547725,
    0.9897763262161796,
    0.9897517384134502,
    0.9897265064397488,
    0.9897131661694044,
    0.98970940639099,
    0.989761038562982,
    0.9896929055698465,
    0.989782369648148,
    0.9897233133484723,
    0.9897392318323098,
    0.9900714939360288,
    0.989760021544496,
    0.9896970669232593,
    0.9896789952313637,
    0.989660910565007,
    0.9896594805825025,
    0.9897139431632992,
    0.9910652869817113,
    0.9900480047645249,
    0.989821927694097,
    0.9897477345182734,
    0.9896935505533754,
    0.9896773033043349,
    0.9896292754111801,
    0.9896347029324041,
    0.9896395545903284,
    0.9896712905996519,
    0.9896324094414755,
    0.9900786011812353,
    0.9901746502261148,
    0.9899253468250179,
    0.989707241322247,
    0.9897319199168166,
    0.9896509631882315,
    0.9896618953868462,
    0.9897262835758294,
    0.9896454263259491,
    0.9898006472666343,
    0.9900820841466574,
    0.9896629450178082,
    0.9896258171251519,
    0.9896243049583261,
    0.9897072574337945,
    0.9898349676137492,
    0.9896737228027037,
    0.9896265776504443,
    0.9896322389015152,
    0.9896468752250122,
    0.9896498177696006,
    0.9896318598180315,
    0.9896766025688268,
    0.9896337326719363,
    0.9896239357342573,
    0.9896381638941394,
    0.9896887192505144,
    0.9902828937303884,
    0.9897569793963071,
    0.9896623789889443,
    0.9896493479589286,
    0.9896252807053894,
    0.9896358625465355,
    0.9896591380802401,
    0.989652608417486,
    0.9896322677450793,
    0.989624988384757,
    0.9896802624659313,
    0.9897205468407251,
    0.9896430589143876,
    0.9896466590378709,
    0.9896753121492058,
    0.9898369680420179,
    0.9896880794068116
  ],
  "val_loss": [
    1.0236689577696194,
    1.017183150715063,
    1.0144830346900977,
    1.013364579914572,
    1.0129100640808792,
    1.0127025911700627,
    1.0125132507803913,
    1.0119831515490572,
    1.0071639317960466,
    1.0060875953262123,
    1.0054917124969773,
    1.0040355725856533,
    1.0038988502030366,
    1.0038397430923949,
    1.0038282198363195,
    1.0039042130737525,
    1.00385026822525,
    1.0040189331562313,
    1.0039052608432648,
    1.0037465002945687,
    1.0037511949637579,
    1.0037350165412833,
    1.0037829058117949,
    1.00382350860955,
    1.0038221051562302,
    1.0037915829626134,
    1.003729464461858,
    1.0037296294954416,
    1.0037577488164773,
    1.0037655421204754,
    1.0037673478621667,
    1.0037661939892453,
    1.0037153716200546,
    1.00377637348922,
    1.0037421802604756,
    1.0037980240730215,
    1.0037426618321497,
    1.0038008703237524,
    1.0038088040365623,
    1.0036930570137959,
    1.0037312560132265,
    1.0037235533527242,
    1.0037456314447901,
    1.003730470982893,
    1.0037944431391688,
    1.0037823819204261,
    1.0037648550866844,
    1.003718164614095,
    1.0036965559664655,
    1.003717457888421,
    1.00371418424845,
    1.003726234437622,
    1.003667857103663,
    1.0036778135788476,
    1.0036633915691702,
    1.0036870323291818,
    1.003830445296806,
    1.0037336812358963,
    1.003739594156842,
    1.0037400662727094,
    1.0037286917571353,
    1.003678835268848,
    1.0037448468376533,
    1.003671678823353,
    1.0037014030526794,
    1.0036832117600587,
    1.0037382957886136,
    1.0036966078080913,
    1.0036978607752225,
    1.0037222842115348,
    1.0036955706449524,
    1.0037270679901307,
    1.0037175647853245,
    1.0036950226445829,
    1.0036793902255172,
    1.003658033300721,
    1.0036597600236075,
    1.0037200111413918,
    1.003668618263044,
    1.0036947620875136,
    1.0036632673476418,
    1.0037285138028198,
    1.003700271913369,
    1.0039079028750195,
    1.0037203733583022,
    1.0036910696412655,
    1.0036873219149167,
    1.0036830327477506,
    1.0037160157522553,
    1.003698437592659,
    1.0037292722246456,
    1.0037137304755255,
    1.0037141626786308,
    1.0037106527492903,
    1.0037083397134858,
    1.0037152425053115,
    1.0036952313732515,
    1.0036630796730215,
    1.0037701740110425,
    1.0037107931977767
  ]
}