{"loss": [0.10010972136474783, 0.05886151910686598, 0.05816671786007184, 0.057474991859678325, 0.057090596184464645, 0.05665816053021782, 0.46224818976274096, 0.5992023092605162, 0.8208870738964842, 1.0190306876399493, 1.2183583111143184, 1.4007219187089928, 1.5894977188885124, 1.7795662693294148, 1.9674613949467195, 2.1347012315578264, 2.296868192392403, 2.4905202119353955, 2.6786073099387098, 2.8419632041824094, 3.0208970355846683, 3.1684764343667418, 3.3642356857063147, 3.5311884749763296, 3.6925433544852004, 3.868893692377223, 4.0420831334467655, 4.200132076990305, 4.355694991975274, 4.529185567683976, 4.679936726301072, 4.828852031220362, 4.990866943863681, 5.137673532240852, 5.336880850122809, 5.451336999411421, 5.59033929720587, 5.789435799400071, 5.946785049213088, 6.117770809190488, 6.248819230754407, 6.42703714398901, 6.587989284509746, 6.739347617066241, 6.901624904249408, 7.11783391087587, 7.225202259672269, 7.464887033713269, 7.576398885408568, 7.75673153974457, 7.728159355800297, 7.7329537822717755, 7.709859628973191, 7.754235392307073, 7.715535274460538, 7.735224116676139, 7.706101345698978, 7.6453700150133415, 7.717877660579484, 7.714504600451651, 7.640283581777372, 7.694184799842327, 7.6623162737273045, 7.646526224680102, 7.689714508535591, 7.6797392864875285, 7.6474499836277925, 7.6540745089994395, 7.645416499240712, 7.619797552353875, 7.669630657798959, 7.638305587993943, 7.648900738494963, 7.616941337923532, 7.596527465161052, 7.623975884086801, 7.598450713530953, 7.62680125342162, 7.601275277102539, 7.598026596108779, 7.59914461372522, 7.5988777004281385, 7.558495326443648, 7.599253634054164, 7.61964107228875, 7.576945605623141, 7.601542379866674, 7.549769410002355, 7.615790745356234, 7.528847919080951, 7.541852014279612, 7.551325744504942, 7.522577100525578, 7.581034052495238, 7.531887455211961, 7.5612962791803495, 7.518606789531172, 7.5405163335307135, 7.567074148834544, 7.551367350483927], "mmd": [2.372434093821876, 2.435103061456272, 2.440823612748432, 2.4324854033032057, 2.4214840653727996, 2.454810547511722, 0.4931345149720613, 0.3482693632957326, 0.3395781727890144, 0.3268425276219581, 0.31956243422570224, 0.30920471757254187, 0.30363926645836065, 0.3003999083089688, 0.2973780933563959, 0.2921351273399688, 0.2872755559851887, 0.2868398366333639, 0.28603853776148536, 0.2827252050314203, 0.28136370966054136, 0.2773133432451344, 0.2779399122674145, 0.27606822435841777, 0.2740259871349025, 0.27326209810142854, 0.2723093035037972, 0.27047066159403305, 0.26870776677677516, 0.2680480274175083, 0.26618475324998403, 0.2643170334519805, 0.26335988632861407, 0.2616091276817519, 0.26266827404587095, 0.2594700021176782, 0.25764378401254096, 0.25875003118634754, 0.2579003839012087, 0.2577014601345076, 0.25584387046283597, 0.25597652222856637, 0.25541113755023287, 0.2545367464357148, 0.2541086489948247, 0.25565733411727665, 0.2532696762896711, 0.25557775703015323, 0.2534373802087508, 0.2536224213977684, 0.25267123458480556, 0.25282711693067844, 0.25208879126843886, 0.2535660742524808, 0.25227017190026746, 0.2528972209952607, 0.2519206711733535, 0.24987360005276593, 0.25229419814078813, 0.2521706752402039, 0.2496964211522036, 0.2515381641763, 0.2503983704607103, 0.24987432706215182, 0.25128574880662663, 0.25096498187658883, 0.2499186933656915, 0.25014180063849184, 0.24987246630991228, 0.24897474691029667, 0.2506472671533793, 0.24961744310496653, 0.24992834958227206, 0.24888590189519627, 0.2481924990519463, 0.24908120056374913, 0.2481959054529931, 0.24917825206872105, 0.2483169924209178, 0.2482143917191152, 0.24825611847013984, 0.2482472943634543, 0.24690676107452397, 0.24824007515805158, 0.24889257530430042, 0.24748334797041455, 0.2482962829323604, 0.24655646950754845, 0.24879221748037916, 0.24584854313858856, 0.24631855481660525, 0.24663432693023626, 0.24565821362210868, 0.24758247841848405, 0.2459605416747985, 0.2469210703272587, 0.24547136802793076, 0.24623559223848396, 0.2471665681024774, 0.2466095476858373], "mse": [0.07927221572645658, 0.05717724424125173, 0.057091067309877896, 0.056939546095875905, 0.05659111037278105, 0.05624303393385083, 0.11920739359812511, 0.12228969946789776, 0.12437952737952616, 0.1256931533533502, 0.12687075435234843, 0.1279761247127764, 0.12878418125025104, 0.12812370693577974, 0.12902016133246078, 0.12927885168676362, 0.128767852108799, 0.12961271608817876, 0.1291105801368922, 0.1295592562244597, 0.12960272642234932, 0.12957369084944578, 0.12906265090408142, 0.12918328459717146, 0.12957703750277905, 0.12942125552514103, 0.1294640000012636, 0.12953635748679387, 0.12888633967150262, 0.1292808665020427, 0.12940053231298834, 0.1296444475606766, 0.12931074246081856, 0.12938209462421155, 0.12909345950606654, 0.1293324372749033, 0.1298870417885097, 0.12925196291556915, 0.12938918294371318, 0.12904722881854197, 0.1288391637947394, 0.12925127210257853, 0.1290066802717382, 0.12927733163625837, 0.1286351295680556, 0.12885807872787008, 0.12898438172951407, 0.1289781382860426, 0.12876600852481018, 0.12935921023744248, 0.12895571193939825, 0.12888463690018548, 0.12838275718504075, 0.12845701406237997, 0.12876351029121014, 0.12793603711149365, 0.12850432435774203, 0.12824000122143916, 0.12804208848862036, 0.12837005719168323, 0.12833641133817295, 0.12759540170607223, 0.12818774389463478, 0.12845549543155702, 0.12793562928850225, 0.12824320855882002, 0.1276442376096104, 0.12777559333749147, 0.12773590560237624, 0.12769089431186897, 0.12801810317676915, 0.1277989589745396, 0.1278702389652479, 0.1279747709411814, 0.12767576344828485, 0.12814211702329192, 0.12770476015050794, 0.12785426497547453, 0.12775190254918228, 0.12749992191043175, 0.12732691315595648, 0.12763041201731304, 0.12732349580464722, 0.12807393451517055, 0.12780855023790497, 0.12773899004369577, 0.12747158804575484, 0.1275711768090813, 0.12756314496213964, 0.127628970291449, 0.12753592441450018, 0.12712805312088357, 0.12748582353003796, 0.12755815068499202, 0.1275579643984665, 0.12748879320820466, 0.12771414163105596, 0.12752977230392143, 0.127391985954615, 0.12738687228108792],