{"loss": [0.10010972136474783, 0.05886151910686598, 0.05816671786007184, 0.057474991859678325, 0.057090596184464645, 0.05665816053021782, 0.06409451794677154, 0.06916355363683475, 0.07356194012758474, 0.07804409473958361, 0.08255600960075063, 0.09889678993816742, 0.10014812182772635, 0.10499180518806069, 0.10934460547201039, 0.11299092887159289, 0.11674715693011066, 0.12154998455301169, 0.12482701207853666, 0.12882526354256196, 0.1317701693761824, 0.13550247310315489, 0.13953899298319963, 0.14283816543912606, 0.1467568260704221, 0.15007019745106182, 0.15483786364909993, 0.15660152959594698, 0.16157031827434304, 0.16505235039589147, 0.16856407694397507, 0.17283614066758218, 0.17617713339747848, 0.18008172477938048, 0.18245707267408356, 0.1888914562354588, 0.1900720885972681, 0.19413122618392087, 0.19897144285623572, 0.2010573372134782, 0.2058882135540203, 0.2086009429093654, 0.21305430049910326, 0.2166766231574195, 0.22180046188470356, 0.22441104591509087, 0.22606344420897556, 0.23555480447794522, 0.2360782777805272, 0.2407141921923467, 0.23699619564911464, 0.23784881832416513, 0.23581754878449476, 0.23664062535128882, 0.23799367979763178, 0.2360135758490999, 0.23335503744982194, 0.23232838256144278, 0.23434936105544668, 0.23649141213346267, 0.23299127926106292, 0.23381732800422425, 0.23166793822537848, 0.2311617700903067, 0.23194368150596956, 0.23193498074656224, 0.23119462936280222, 0.23191410701507303, 0.2309191968055384, 0.2317594739565821, 0.23037582585255187, 0.23060814659915962, 0.23229864860390984, 0.22877622033679856, 0.23024109925970193, 0.22978027511602667, 0.22929715541256054, 0.22933213050687684, 0.22600395635232615, 0.22637948704170863, 0.22717137216553202, 0.22682196562188062, 0.2269382462499765, 0.22629045086473976, 0.22802788461592913, 0.22934697262469564, 0.22581646270070505, 0.22479565625396755, 0.22497349036541084, 0.22524934734164173, 0.2243268115107559, 0.22473964081909314, 0.22489007431435973, 0.2251220736184888, 0.22208359128791438, 0.22453704421330062, 0.22144442789003452, 0.22182365458464165, 0.22302272518549218, 0.22235197098471743], "dist": [0.027636530828363697, 0.009614602205215608, 0.009521406636734326, 0.00953532655983393, 0.01086659170652807, 0.014872581547709453, 0.007430140131966182, 0.006489839945800129, 0.005912853133530415, 0.005647454096108917, 0.005468468894037464, 0.0059297963891912974, 0.00583142978641338, 0.005797717612624675, 0.005703949818299585, 0.00550552856581536, 0.005376516561404949, 0.00533432654067984, 0.005202810481215444, 0.005138904889742878, 0.005025864374325879, 0.004956450482707971, 0.004940616045328768, 0.004875775829694912, 0.004842211189714193, 0.0047908867291481605, 0.004803722374040793, 0.00470237945037257, 0.00473199430144663, 0.004702270671861464, 0.004663078979681214, 0.0046769950798185795, 0.004637455142982183, 0.0046356724464421215, 0.004566669670804411, 0.0046505012010888604, 0.0045464159243298555, 0.004542864042477327, 0.004568302040772466, 0.004503915185608146, 0.004531189490300899, 0.004481406661955588, 0.004502967456555162, 0.004485383916452274, 0.004506112852902805, 0.0044763879829871865, 0.004408611435555967, 0.004553765121281994, 0.0044613790010862835, 0.004475200634746863, 0.004387839035780349, 0.00440285699937267, 0.004362881079761853, 0.004381725870167762, 0.00441457217877684, 0.00436598089598587, 0.004303042846181577, 0.004283658928854152, 0.004332102815059332, 0.004384737320972037, 0.004293892721052624, 0.00432215529621924, 0.004268720378738827, 0.004253232063886543, 0.004274922493395383, 0.0042713231930201065, 0.004256489239578057, 0.004274924438752157, 0.00425578556673538, 0.004273942842470149, 0.0042443020591523325, 0.004244039405551374, 0.00428828820372977, 0.004198975280715508, 0.0042388004925242315, 0.00422308503263568, 0.004213768510805495, 0.004217822242430528, 0.004138400578015708, 0.004141921647638633, 0.00416650927396549, 0.004158371851739626, 0.0041573075474442105, 0.004140116864687418, 0.004185094155902194, 0.004220886681637447, 0.004131526046396787, 0.004108587340960771, 0.004110507039763198, 0.004120220446703265, 0.004091684758956193, 0.004111287478107183, 0.004101326672444216, 0.004120367036291854, 0.004045416992721719, 0.0041018467480069135, 0.004028777470138128, 0.00403736865762181, 0.004068434709425812, 0.004049553622717266], "mse": [0.07927221572645658, 0.05717724424125173, 0.057091067309877896, 0.056939546095875905, 0.05659111037278105, 0.05624303393385083, 0.0566402445306542, 0.056767268186129705, 0.05686847794047135, 0.05689271657756548, 0.057034232124047936, 0.06143191087017031, 0.061043611123739704, 0.06110591212482889, 0.06114598559532067, 0.0614100011558089, 0.06152203042428814, 0.061772203004122485, 0.06177281764400586, 0.06196504007017947, 0.06189702802297812, 0.06213973128020851, 0.06199647070209948, 0.06187703364158663, 0.06193191659371293, 0.061837125178894226, 0.06186005387295648, 0.06156047675731087, 0.0616195963274693, 0.06147973048480082, 0.0614996283498085, 0.061350607229300406, 0.06134469188650742, 0.061288736612044904, 0.061129332524194675, 0.06116159392886711, 0.061112874037582025, 0.06107005457692344, 0.061104304934446005, 0.060993589906563964, 0.06088986188349379, 0.06110671524679291, 0.06079169383693481, 0.06088148107534849, 0.061063497895416166, 0.06083676721928215, 0.06089891958844186, 0.06089974817114179, 0.06075355386364231, 0.06093764660585578, 0.060712374862355, 0.060769533889816645, 0.0605672261123291, 0.06057750059503572, 0.06065659908965736, 0.060577170150230696, 0.06048619012008566, 0.060324927205921454, 0.06034099765705217, 0.0603200857702263, 0.060397939131962494, 0.06035208223357334, 0.06025363551659105, 0.06033464941571699, 0.060261071795815024, 0.06034761252352195, 0.060297157609920556, 0.06024957476857846, 0.06008811908027094, 0.060168133985300715, 0.06002923026901052, 0.06011628537291614, 0.060104457856853394, 0.06013286600723048, 0.06012720203624166, 0.060203057151161234, 0.06012360880941021, 0.06006170182517748, 0.05995016890073104, 0.06005067635256043, 0.059952879552915145, 0.05992718973091117, 0.05997059487103536, 0.06006617834750271, 0.060005187300450694, 0.05997199236114057, 0.05995529887859367, 0.05989888452400661, 0.05990070529403151, 0.059876001199247915, 0.059986950920418766, 0.05980340850868288, 0.05986515779813072, 0.05983110860628427, 0.05976909843646265, 0.059779984582122005, 0.05976533534299676, 0.05976939922751669, 0.059766969986072845, 0.05983794159758038],