{"loss": [0.3216186064891132, 0.07021101917438705, 0.06364832426719863], "mmd": [3.5726524043822745, 1.8071042232358474, 1.8341318451671516], "mse": [0.2036451899186547, 0.06731671617645633, 0.06178149602415819], "kld": [0.07340388678625072, 0.4419445534136306, 0.36750956740301854], "l1": [0.0037270062258281363, 0.0014157284836510424, 0.0009602543561663643], "mcc": [0.1179696890240758, 0.0028928873986225887, 0.001865867938037461], "epoch": [0, 1, 2], "beta": [0.0, 0.0, 0.0], "alpha": [0.0, 0.0, 0.0]}