{
  "loss": [
    2.0137201812162697,
    1.9794853148108473,
    1.966363084337417,
    1.9197614621970969,
    1.9020447718320146,
    1.8820336126839785,
    1.8533639709507486,
    1.8414879975329792,
    1.8295719597262838,
    1.822170103500254,
    1.8158319725955225,
    1.8126586072492683,
    1.808010073473633,
    1.808726780129785,
    1.8050719171860725,
    1.8033956557459376,
    1.8017746512732045,
    1.8015917923255165,
    1.7999692176641802,
    1.798965872105021,
    1.7986888342510767,
    1.7987275035920072,
    1.7972493279624222,
    1.7977232530641278,
    1.7971295033376773,
    1.797528708129252,
    1.797236915835565,
    1.796334101045431,
    1.7947458563315333,
    1.7947244056735037,
    1.794392732506079,
    1.793722409087028,
    1.793960162718345,
    1.7926743483742935,
    1.7922990809471329,
    1.7916571062106394,
    1.791314763343186,
    1.7917083121180504,
    1.7917835646222275,
    1.7930773322484894,
    1.7915394131737616,
    1.7906726491109628,
    1.7898992812787704,
    1.7893866189929577,
    1.7887239004191244,
    1.7885761731716392,
    1.7881074815784468,
    1.7882634408879696,
    1.7877497129442725,
    1.7876874484478928,
    1.787207830384574,
    1.787175075916539,
    1.7865867750795246,
    1.786376880625919,
    1.787056713820169,
    1.7861885069712389,
    1.785472227630354,
    1.787711250398052,
    1.7867867547849576,
    1.7851669499634064,
    1.7842864805812193,
    1.7842653640599049,
    1.7842614326627007,
    1.7841689229585966,
    1.7832926463089163,
    1.7825727844310841,
    1.7827620829478938,
    1.7821447301751432,
    1.7820168674339838,
    1.781786093365986,
    1.7811558099981797,
    1.7814160550332994,
    1.7813052259481954,
    1.7801182185397244,
    1.7794252212296093,
    1.780096153423262,
    1.7817396567371513,
    1.779575326465091,
    1.77851050637139,
    1.778358969263942,
    1.7769895678330823,
    1.7770860818265024,
    1.7768854963093157,
    1.776963849464347,
    1.7757714707749221,
    1.7750101695954421,
    1.7766767726644719,
    1.7748500884199034,
    1.7747167521190619,
    1.7745533028200378,
    1.7736261430622327,
    1.7725872851978122,
    1.7731127333223835,
    1.773617862959728,
    1.772337378326056,
    1.7703929196569843,
    1.7703246338670398,
    1.770100956152999,
    1.7719741786702345,
    1.7756849771340486
  ],
  "val_loss": [
    2.066695803376638,
    2.0550164555850094,
    2.026939736109346,
    1.9837755765000435,
    1.975316330722478,
    1.942128582087826,
    1.9283973833197328,
    1.9151236270660679,
    1.9044190563567698,
    1.8991555166026772,
    1.8950562052530786,
    1.8937901285685361,
    1.8931223137737954,
    1.8917696236475419,
    1.8895916949668432,
    1.8877545078051146,
    1.8897915082435086,
    1.8852804588944945,
    1.8856048246496888,
    1.8854183290647044,
    1.8853386439144884,
    1.8842256428444222,
    1.8857272999471726,
    1.8861941246137226,
    1.8883937700698366,
    1.885661672783769,
    1.8849707183228235,
    1.8845555619017718,
    1.8850337348572195,
    1.8839384954269618,
    1.882762058684815,
    1.884226398380924,
    1.883438242080549,
    1.8837307773224294,
    1.8833744079555006,
    1.8829163557862583,
    1.8833551929421621,
    1.882353080462103,
    1.8856836813225595,
    1.88328889951314,
    1.8836700938063669,
    1.8837469505937132,
    1.883018392406098,
    1.8824487832038914,
    1.8840412206301407,
    1.883489498809048,
    1.8827088249328474,
    1.8823918806363458,
    1.8833886189003513,
    1.8811287629549907,
    1.884148427340538,
    1.8818816556233793,
    1.883130857389267,
    1.8831946055094402,
    1.8825673882819747,
    1.884486868501254,
    1.8834518390159085,
    1.8886623638405649,
    1.8843486847942823,
    1.8846827680117464,
    1.8844322543165999,
    1.8851985201988046,
    1.88482708691462,
    1.8843704233430836,
    1.8852536939594844,
    1.8828259004305488,
    1.8842463814504615,
    1.8858618681833623,
    1.8852394743052792,
    1.8845841993479968,
    1.8863563363410567,
    1.8860749855433425,
    1.8859093074929225,
    1.8874013706973698,
    1.8883378331519698,
    1.8872526949399138,
    1.8882334515384342,
    1.8878808141299035,
    1.8893066399717984,
    1.88845667991464,
    1.8866701822846992,
    1.8880696830139856,
    1.8886649401764892,
    1.8887838130672228,
    1.8892146076785918,
    1.8903493380437704,
    1.8889091548310022,
    1.8887562153001898,
    1.8898669769774834,
    1.8905149333553226,
    1.8894308016180448,
    1.8916560068522414,
    1.8921631928448264,
    1.8916030942577204,
    1.8908834544491007,
    1.8897566283674545,
    1.894643979529812,
    1.8934754138667833,
    1.8931037748240989,
    1.8913558204424437
  ]
}