{
  "loss": [
    1.0961556299905784,
    1.0426406667968025,
    1.0250520730495865,
    1.011496294413635,
    1.0021206459406748,
    0.9962113442040531,
    0.9933358610344281,
    0.9916315032951495,
    0.9902345728524834,
    0.9886840127195141,
    0.9873958867396126,
    0.9865632862803146,
    0.9855780911998221,
    0.984537538840686,
    0.9834920788117266,
    0.982417266900461,
    0.9816826352750235,
    0.9811209429327686,
    0.9806878334968303,
    0.9803382208002286,
    0.9796116777836916,
    0.9791423227467102,
    0.9787880005239127,
    0.9783505890266887,
    0.9780141811080391,
    0.9775250683843764,
    0.9773317423089233,
    0.9771983738306804,
    0.9770034269324757,
    0.9768482048202549,
    0.9767893883942439,
    0.9765440477126974,
    0.9764920449293433,
    0.9764610433895895,
    0.9762263134080507,
    0.9762134686841691,
    0.9761534775482856,
    0.9760838952538109,
    0.976038123248078,
    0.9758970995319722,
    0.9758219181286765,
    0.9757683107524342,
    0.9758039090256846,
    0.9757869889105706,
    0.9756161535840052,
    0.9755465978007813,
    0.9755199912087396,
    0.9756127201201256,
    0.9754326690055095,
    0.9754446452747028,
    0.9752691273099674,
    0.9754573174071443,
    0.9753078463981577,
    0.9753173304784687,
    0.9752292428399375,
    0.9752785312285678,
    0.9751521191678277,
    0.9751618758676016,
    0.9751739669104164,
    0.9750894543117815,
    0.975125056210063,
    0.9750596271507951,
    0.9750877930371084,
    0.9749516558685974,
    0.9750763742006461,
    0.9750750993485766,
    0.9750136251182874,
    0.9749626971480833,
    0.9749371750226207,
    0.9750018889802864,
    0.9749548300771053,
    0.975079060982338,
    0.9748360455841092,
    0.974971238589015,
    0.9749035094332597,
    0.974850983423767,
    0.9747470099913892,
    0.974826565819583,
    0.9749156287398995,
    0.9748831497002762,
    0.9748028991106152,
    0.9747701248507449,
    0.9747850068249633,
    0.9748312328444303,
    0.9747087915856404,
    0.9748049363152824,
    0.9748108857676576,
    0.9746817989763132,
    0.9748176633655175,
    0.9748386932611351,
    0.9747501265362137,
    0.9747750513307688,
    0.9747443621887716,
    0.9747007568498394,
    0.9746642876214856,
    0.9747223346332243,
    0.9746604255533414,
    0.9747231632182795,
    0.9746530049834349,
    0.9748120563501326
  ],
  "val_loss": [
    1.049854775954937,
    1.0341200261280454,
    1.0183258837667004,
    1.0075497027101188,
    0.9991266386262302,
    0.9956234792183185,
    0.9938040388041529,
    0.9924489773552994,
    0.9912504187945662,
    0.9897546254355332,
    0.9891408690090837,
    0.9885252027676024,
    0.9875593066215516,
    0.9866996896678004,
    0.9862653987161044,
    0.9854087665163237,
    0.9848275324393962,
    0.9846686128912301,
    0.9844682348185572,
    0.9838391435557399,
    0.9834208373365732,
    0.9828216708939651,
    0.9822619532716685,
    0.9821181942676676,
    0.981947778422257,
    0.9818597818243092,
    0.9813761217840786,
    0.9813535090150505,
    0.9814662234536533,
    0.9808127288160653,
    0.9811602123852434,
    0.9813430888899441,
    0.9809089825071138,
    0.9805518076337617,
    0.9805767326519407,
    0.9804798076892721,
    0.9806217329255466,
    0.9804704563371066,
    0.9802913538340865,
    0.980380420027108,
    0.9803155619522621,
    0.980279161601231,
    0.9801620281975845,
    0.9800128899771592,
    0.9799455449498933,
    0.9800559713922697,
    0.9800629126614537,
    0.9799034817465421,
    0.980020325348295,
    0.9798552451462581,
    0.9798489258207124,
    0.979890160313968,
    0.9798995860691728,
    0.9797101542867463,
    0.9797023415565491,
    0.9798913466519323,
    0.9795114685749186,
    0.9794334436285085,
    0.9795313140441632,
    0.9793788132996395,
    0.9795248339916097,
    0.9795465773549573,
    0.9799048612857687,
    0.9797553588604105,
    0.979332487747587,
    0.9796014350036095,
    0.979607774882481,
    0.979381028948159,
    0.9797062240797898,
    0.9793148262747403,
    0.9794251507726209,
    0.9795196763400373,
    0.9795181956784479,
    0.9791826893543375,
    0.9796644367020706,
    0.9794987378449276,
    0.9793467887516679,
    0.9792720404164544,
    0.9795404101240224,
    0.9793344485348668,
    0.9791102779322657,
    0.9795365769287635,
    0.9792649955585085,
    0.9792751842531665,
    0.9793601582790243,
    0.9794062947404796,
    0.9793354515371652,
    0.9793251822734701,
    0.9793820315393909,
    0.9793199670725855,
    0.9795316186444513,
    0.9793063726918451,
    0.9791136832072818,
    0.9793780943443036,
    0.9793508044604597,
    0.9792082778338729,
    0.9795293466798191,
    0.9793872204320184,
    0.9790780051001187,
    0.9790654811365851
  ]
}