{"loss": [0.06287794957990232, 0.0530852057169313, 0.050592751775098886, 0.04916289639213811, 0.04805212487345156, 0.047134656698807426, 0.051387357465598894, 0.054143276020236636, 0.055456857389729955, 0.05682339102029801, 0.05889214638782584, 0.06281859254707461, 0.06601753791389257, 0.06871184761757436, 0.07088539413135984, 0.07301762140315513, 0.07572062371217686, 0.07741588115044262, 0.07943169321702874, 0.0808724656312362, 0.08273623238439146, 0.08507191624330437, 0.08576429411121037, 0.08790824216345082, 0.08885216912497645, 0.09071482408305873, 0.09173696619013082, 0.09345888009537821, 0.0958627959308417, 0.0965102530432784, 0.09835048950236777, 0.09939075523096583, 0.10050835083360257, 0.10195640124704526, 0.10384865217882654, 0.10463600908932479, 0.1063084398145261, 0.10726890539345534, 0.1084451798511588, 0.10959229409694672, 0.11155442439991495, 0.11206127985664036, 0.11465672986662906, 0.11467287999132406, 0.1158091566355332, 0.11779725810755855, 0.12056912814793379, 0.12032857638338337, 0.12181168399427249, 0.12263139740280483, 0.1225930093034454, 0.12174339751834455, 0.12245675867018492, 0.12232580120148866, 0.12175064565046974, 0.12209085577208063, 0.12148298538249472, 0.1217590032712273, 0.12097490683845852, 0.121549780809361, 0.12080476177775341, 0.12137999709533609, 0.12096911129744156, 0.12058799249970395, 0.12040359292341316, 0.12087754984264788, 0.12070404534754546, 0.12018942941790042, 0.11945562458556631, 0.12096865126620168, 0.12043172467014064, 0.12047209545322086, 0.11975116328052852, 0.11928267554096554, 0.11993665408828984, 0.11972556803537451, 0.1193484846405361, 0.12012623820615852, 0.12015355993872104, 0.11966207947420038, 0.1187297737080118, 0.12006274417690609, 0.11948236565227094, 0.11934943495885185, 0.11926775029172068, 0.11867214551438456, 0.11899104348991228, 0.1193859538435936, 0.11942094305287236, 0.11874353910269944, 0.11915509056785832, 0.11888921587363534, 0.11829189262960269, 0.11785859019859977, 0.1187081328034401, 0.11843226969242096, 0.1189937620577605, 0.11831651145997255, 0.11829467155363249, 0.1183653649687767], "dist": [0.015002609047147892, 0.008995737385247712, 0.009065346054165908, 0.00909332258262388, 0.009107857881842749, 0.009096542533649051, 0.00816226573822939, 0.007063350983611915, 0.005718436240340056, 0.005051957285436599, 0.004860028729409627, 0.004584044831319024, 0.004438127967852937, 0.0043277027093521925, 0.0041630500949838235, 0.004088400502122291, 0.004117762418463827, 0.004011799255993379, 0.003962872815318406, 0.0038684890168192592, 0.003819665797662152, 0.0038244319583653754, 0.0036701398431930854, 0.003685163209700714, 0.0035876315004070816, 0.0035768554987304886, 0.0035173218796515594, 0.0035063046549001467, 0.003540448546409607, 0.0034557973060999874, 0.003446647361042383, 0.0033902250386207648, 0.0033476468582597117, 0.003326702071758716, 0.0033265713709609017, 0.0032734164974206814, 0.00327651999850312, 0.0032242896128445863, 0.003200013552306463, 0.0031745857874984325, 0.003201420241156998, 0.003136193047925506, 0.0031890911058239314, 0.0031060815011353595, 0.003089349775818055, 0.0031075030723181755, 0.0031646806357995324, 0.0030807044583818187, 0.0030793272837510576, 0.0030466795603380256, 0.003043648766191757, 0.0030032049822013664, 0.003027168424881023, 0.003017787188898934, 0.002990101734176278, 0.0030058862208186283, 0.00297747075031309, 0.002984799134909459, 0.002950777610278, 0.002975636583995884, 0.0029418418386384197, 0.0029683290128393667, 0.002950893130922771, 0.002934068629072736, 0.002922572306073878, 0.002940610420242276, 0.002932371936293076, 0.002911902169454033, 0.002882872247137129, 0.002948395767168182, 0.002923709610072167, 0.0029254955743722943, 0.0028943553089123704, 0.002869460309815148, 0.002902579321525991, 0.002889044170429849, 0.002878409065913571, 0.002917246189697281, 0.00291751426037239, 0.002888772806517132, 0.0028541467966430862, 0.0029128064705139915, 0.002892043693800983, 0.0028805053264469556, 0.002875602354862444, 0.0028548679474498266, 0.0028662037744146326, 0.002886957682709655, 0.0028828625014537704, 0.002854362458355077, 0.0028742638019763904, 0.002869338332877859, 0.002844774247876004, 0.0028244192519670595, 0.002855532006967975, 0.002847112018574515, 0.0028718501965150885, 0.002845014229659801, 0.002837154792986162, 0.002852943313470029], "mse": [0.06281052741019622, 0.05303469480379768, 0.05053991486196933, 0.049110406021709026, 0.047998703297065654, 0.04708238473405009, 0.047603308875923574, 0.04763306321009346, 0.04755631150758785, 0.0475272924096688, 0.04771591898539792, 0.04826124345478804, 0.04903657393610996, 0.049720436548409255, 0.05043618763918462, 0.0509372462267461, 0.0515965408605078, 0.05200258998767189, 0.05245207649858102, 0.05268428935952808, 0.053093504413314487, 0.0535568173488845, 0.053607423985781874, 0.053860256542330204, 0.05397241823051287, 0.0542232827194359, 0.054234395357577694, 0.05440789392460947, 0.05479452779111655, 0.05477446374685868, 0.05502286765238513, 0.05523540782539741, 0.05524771016577016, 0.055402045781197756, 0.05567825695094855, 0.055599510533654174, 0.055774448041034784, 0.0559348410303178, 0.056027294144682264, 0.056126116378151854, 0.05617976329896761, 0.05630412258531736, 0.056459027561156644, 0.05643312027272971, 0.056423018160073654, 0.056652857097594635, 0.056817060138868246, 0.056853162886007974, 0.05692868849505549, 0.056904942522878234, 0.05697972742759663, 0.05693135249873866, 0.05705549396250559, 0.05718401814284532, 0.05713837967618652, 0.05720835554211036, 0.057258049573587336, 0.05737271623766941, 0.05726562179948973, 0.05731917233570762, 0.0573911159777123, 0.05736686218044032, 0.05736092345222183, 0.057360229258951935, 0.05742044623779214, 0.05741616455109223, 0.05750360707226007, 0.057502623958432156, 0.05743669938781987, 0.0575018812003343, 0.057522921601067416, 0.05747387990355492, 0.057541286070709644, 0.057637248576983165, 0.05759759328935457, 0.05760854837039243, 0.05758294088684994, 0.0575308360742486, 0.057617027267165805, 0.05764484922523084, 0.05763401917141417, 0.05770202603029168, 0.057664808611507, 0.0577253525412601, 0.05772961379393287, 0.05769281959404116, 0.05762814059205677, 0.05766102343149807, 0.057753800134296006, 0.05771878063678741, 0.05767866536327031, 0.057684743747763015, 0.057738727700451145, 0.057767012734775955, 0.05778071268745091, 0.05775640483783639, 0.057809736255718315, 0.05775212285311326, 0.05784090377066446, 0.057811299121898155],