{"loss": [0.06287794957990232, 0.0530852057169313, 0.050592751775098886, 0.04916289639213811, 0.04805212487345156, 0.047134656698807426, 0.051387357465598894, 0.054143276020236636, 0.055456857389729955, 0.05682339102029801, 0.05889214638782584, 0.07434294188152189, 0.07473483392077944, 0.07639293681020322, 0.07856141851000163, 0.08055653614842373, 0.0825214583588683, 0.0842937243891799, 0.08594693706087445, 0.0873980297860892, 0.08861825169428535, 0.09115727773179179, 0.09241435587406159, 0.09444117029076037, 0.09524928378022235, 0.0970526693307835, 0.09817903872417368, 0.09950138782677444, 0.10180516806633576, 0.10260737759911495, 0.10416529939226482, 0.10501806926468145, 0.1060598147822463, 0.10803916112236354, 0.11035705984934517, 0.11136865595112676, 0.11251723301151524, 0.11360126418911892, 0.11493824844774993, 0.11634920813467192, 0.11810390002053717, 0.11926936077034991, 0.12026529897814212, 0.12153169467397358, 0.12325902253389359, 0.12481877238854118, 0.12672642373520396, 0.12682131715442824, 0.12867558183877364, 0.12984896092311196, 0.12914516828630282, 0.12868421045334444, 0.12916320474251458, 0.12837474749140118, 0.12812966138124465, 0.12913364942954933, 0.1277561417222023, 0.1283321966295657, 0.12723683532165445, 0.1282422374383263, 0.12667584969945575, 0.12758084980042084, 0.1267269092020781, 0.126563622718272, 0.12614148033701855, 0.1261761302015056, 0.12586174766654554, 0.1254545166829358, 0.12453598225894182, 0.12622513723114262, 0.12569089566883834, 0.12511379944241566, 0.12463728194651397, 0.1235854360849961, 0.12433768527663272, 0.12397567666095236, 0.12384301031413286, 0.1236889598162278, 0.12421103976342988, 0.12374223832202995, 0.12270792187555976, 0.12404775153035703, 0.12346603240655817, 0.12255243017621663, 0.1224821128534234, 0.12205194202454193, 0.12236272073310354, 0.12273175089255624, 0.12263649921054426, 0.12191128564917524, 0.12212058340725691, 0.12154462885597478, 0.12151353190774503, 0.12083513144565665, 0.1216976664636446, 0.12138148114733074, 0.12144803056250447, 0.12093747181736905, 0.12042723379705263, 0.1206518917368806], "dist": [0.015002609047147892, 0.008995737385247712, 0.009065346054165908, 0.00909332258262388, 0.009107857881842749, 0.009096542533649051, 0.00816226573822939, 0.007063350983611915, 0.005718436240340056, 0.005051957285436599, 0.004860028729409627, 0.004695237651467323, 0.004573052240252171, 0.0044748477445429435, 0.00443201647038855, 0.004399538779347811, 0.004395014527051345, 0.0043249012780902174, 0.0042737331287935375, 0.004216538866495956, 0.004117407683971459, 0.004161403745453319, 0.004090273193407642, 0.0041052273731759705, 0.003994215887809253, 0.003977902163751423, 0.003919903604192254, 0.0038851872244444878, 0.003911933254086129, 0.003828877447092015, 0.003798911669291556, 0.0037368751744456265, 0.0037022483622169366, 0.0037139065296429657, 0.0037386478024089465, 0.0037116445552395736, 0.0036873405060285458, 0.003641953917787127, 0.0036211582423066315, 0.003593688460228884, 0.003608585513682793, 0.003571306380402783, 0.0035390792776951972, 0.00351739750749877, 0.0035177910718661937, 0.003512361206357246, 0.0035336226603502165, 0.003462050612813429, 0.0034626138963453146, 0.0034530410567379516, 0.003421606429366638, 0.003399960660456639, 0.0034187155231104596, 0.003386670933712436, 0.0033720073581713695, 0.0034069770193942213, 0.003352780210502122, 0.0033786739143745405, 0.0033353732350160895, 0.0033740391288681524, 0.003303330944162672, 0.0033446381858590504, 0.0033025865694103033, 0.0033022795797771087, 0.003279704562307376, 0.0032768818250168926, 0.0032682077345721748, 0.0032454204571473856, 0.0032091627972524453, 0.003280913575106989, 0.0032523658219724893, 0.003234853970453791, 0.003206165056756657, 0.0031590242817512025, 0.0031963586201891304, 0.0031771471021372986, 0.0031764156545471887, 0.0031685378505726873, 0.0031900367744105017, 0.003161071832899166, 0.0031357418672870035, 0.003182065285053914, 0.003156426387798527, 0.0031207726650830845, 0.0031179333901356744, 0.0030978484028626393, 0.003109186601055705, 0.003130115556085239, 0.003115852942852222, 0.0030895053637821387, 0.003105014231177452, 0.003085848598983949, 0.003074162844568491, 0.003049623066680911, 0.003075212532978343, 0.003079200211264517, 0.0030747231177013852, 0.003048951786780811, 0.003034241577083974, 0.003042069864864259], "mse": [0.06281052741019622, 0.05303469480379768, 0.05053991486196933, 0.049110406021709026, 0.047998703297065654, 0.04708238473405009, 0.047603308875923574, 0.04763306321009346, 0.04755631150758785, 0.0475272924096688, 0.04771591898539792, 0.05557118616674257, 0.05637624351226765, 0.057284081630084825, 0.058027135470639105, 0.05846832352487937, 0.05871602838454039, 0.05900353841159655, 0.0590654312916424, 0.05911056341684383, 0.05918398012933524, 0.05940730278906615, 0.05947034460047017, 0.05942045719727226, 0.059469832661359204, 0.0595440195630426, 0.059538944655138516, 0.05945402179075324, 0.0595516878625621, 0.05960944811287133, 0.05965638172367345, 0.05956935411562091, 0.05948267643866332, 0.05956518009952877, 0.059633954763412475, 0.05955661026679951, 0.059478427093961964, 0.059537365242190984, 0.05948293208428051, 0.0595503772859988, 0.05950482895840769, 0.059588425949863764, 0.05953692116815111, 0.05954545294461043, 0.05952811709564665, 0.05962035666989243, 0.05960276871919632, 0.05951163685840109, 0.05966344815881356, 0.05954256147146225, 0.05952550619192745, 0.05948799619856088, 0.05957835334150687, 0.0595004468443601, 0.05949081451996513, 0.05957118114051611, 0.05951672807335853, 0.05951985749861469, 0.05943686691315278, 0.059508329318917315, 0.05953733740941338, 0.05946942050171935, 0.059484868976085084, 0.059431929562402806, 0.05946848413866499, 0.059434416754090266, 0.05946409007777338, 0.05944091318094212, 0.05935449110425037, 0.059397441712410556, 0.05941290392823841, 0.05936530658084413, 0.05939173890196759, 0.059390955146240154, 0.0593422683360784, 0.059347059895163, 0.05932296774957491, 0.0593361896470837, 0.05926738618508629, 0.05933034098666647, 0.05921644298278767, 0.05927249204853307, 0.05925720363207485, 0.05921410374019457, 0.05922108132554137, 0.059148749948843664, 0.059187360425358236, 0.05912725119487099, 0.059119222889775815, 0.059198480397462845, 0.05914200265122497, 0.059002060786537504, 0.05916083820488142, 0.05901231418485227, 0.059098045139209084, 0.059041236639022825, 0.05902463227510452, 0.0590399223242117, 0.05895703975273215, 0.059056666188913844],