{"loss": [0.06139881559475662, 0.05208919182463798, 0.049893125049780884, 0.04847807808059709, 0.04733531391096784, 0.04648392429049821, 0.055939309530103225, 0.06016342344651194, 0.06380912339097464, 0.06725392400932277, 0.07089741202277658, 0.08835319134694258, 0.0922201672566166, 0.09590165681333626, 0.10049688787456805, 0.10393584627476542, 0.1071845251334999, 0.1112869032376626, 0.11405887609922727, 0.11701073757258616, 0.12043623263057612, 0.12382129809793024, 0.127033928692605, 0.1296600544030064, 0.132408951429796, 0.13672682066259567, 0.1393374853397402, 0.1426236741740031, 0.14572251796106117, 0.14865222205703685, 0.1520944397065629, 0.15526583985572728, 0.15885432933951057, 0.1601096265997457, 0.16310958273741835, 0.1678610342490092, 0.1695777808413724, 0.17209732643654638, 0.1757099033942779, 0.1778124407638123, 0.17923305438971765, 0.18437097793887955, 0.1855722875327444, 0.18905992296412918, 0.19282554244097086, 0.19480955738304637, 0.1981289785470885, 0.2022910832566384, 0.20291579735948204, 0.20557607574996428, 0.2042995992514196, 0.2031902297780996, 0.20212233365902696, 0.20335394196883613, 0.20246754683543167, 0.20147475066486104, 0.19885327175061496, 0.19920296181251942, 0.19860483965722286, 0.19808587732352043, 0.19882492712276548, 0.1971842075424321, 0.1971947277292191, 0.19654953783512819, 0.19558257406007945, 0.19528217917443025, 0.1942838643136898, 0.19471590661139748, 0.1945010562987236, 0.19280638520439408, 0.1926844643107017, 0.19394066142939043, 0.19283800474209833, 0.19228974501966903, 0.18898139618876414, 0.1911408437231619, 0.1907299314371064, 0.1897793319984236, 0.18864091621103807, 0.18965536446215658, 0.18934020791835587, 0.18750298512959235, 0.18844874775480133, 0.18870560633379035, 0.1867312598241661, 0.18607093389400528, 0.1862210114562177, 0.18587542236115415, 0.18626624550477794, 0.18501919428742267, 0.18439105039729325, 0.1853720717451245, 0.18473981861217686, 0.18354401150869654, 0.18378948792264943, 0.183695692343409, 0.18317867687833186, 0.18207144486323065, 0.18283009685388873, 0.18193771284035073], "dist": [0.014799115128685862, 0.009984446530597645, 0.00993659873658095, 0.010033591355690994, 0.010035142963862204, 0.01006986041714271, 0.008371982576622678, 0.0065601283365907355, 0.005619231661357965, 0.005159230525515962, 0.0049135681606988744, 0.004786743616693526, 0.004723270711567434, 0.004641835354928868, 0.0046494627654128755, 0.0045634737586330186, 0.004476629471869938, 0.004455979121092327, 0.004355494228213685, 0.0042760459712377725, 0.0042481145546723435, 0.00419601662365783, 0.00417660948069989, 0.004100190948294627, 0.004041843022910418, 0.00407837755566097, 0.004008438529314658, 0.00400446743588823, 0.003970161428230717, 0.003945481223521955, 0.0039321078115488175, 0.0039197823166519825, 0.003917002304666228, 0.0038278575637893672, 0.003804658597542944, 0.003848135621291056, 0.0037841052274347627, 0.0037582237029274816, 0.003757565702549684, 0.0037201784547360576, 0.003666531923605319, 0.003710376162032433, 0.0036457220912309834, 0.003653364510865582, 0.0036576707540300056, 0.003625223365477513, 0.003630250245449649, 0.0036459011541599712, 0.0035787970610059237, 0.003556741238021439, 0.0035348219138073515, 0.0034999667087011314, 0.0034797579585540174, 0.003508917845825512, 0.003482999575346367, 0.0034711409681387234, 0.0034031792586130065, 0.0034128728415885805, 0.003403309509302579, 0.0033922297235212374, 0.0033965786670347017, 0.0033661015990342907, 0.0033672848706748585, 0.0033498406382704063, 0.0033239839162451917, 0.003326502383756761, 0.0033013416621682718, 0.0033130671635017, 0.0033044367290942472, 0.00326573206342212, 0.0032621408068812955, 0.0032939510007266456, 0.003270622247904319, 0.003259290970464346, 0.0031804639555134176, 0.003225441282151468, 0.003224247951160957, 0.0031965644521146264, 0.003172060819528447, 0.003198046499981574, 0.0031937571392742646, 0.003151018813560597, 0.003169051232744982, 0.003181494631600928, 0.0031276403531154268, 0.0031133982752885895, 0.0031216816023677215, 0.0031117101483998967, 0.003119837698365728, 0.0030873298245733894, 0.003075467840633582, 0.0030993337698619226, 0.0030821889488953694, 0.003063257011733509, 0.00305927587563703, 0.0030609779758034947, 0.003045903222684912, 0.003023680923898681, 0.003041493735122089, 0.0030224833983454736], "mse": [0.06133390725913569, 0.052038392307927374, 0.04984077116807419, 0.04842499466929337, 0.04728252205728076, 0.046431664036286985, 0.04823378422345685, 0.04812709639396414, 0.048359946417931794, 0.04836280891008708, 0.04843159751798765, 0.05576469811392147, 0.057231993451604464, 0.05830100527035961, 0.05913082270317627, 0.0594720756098562, 0.059867426389869596, 0.06008602043220353, 0.06019354491677559, 0.060229348313156926, 0.06030396828799339, 0.06046953927753067, 0.06031429120497654, 0.0603390397281115, 0.060388889879076306, 0.06041596473319844, 0.060514414647217164, 0.0603602319581646, 0.06048714886233761, 0.06043088225375426, 0.06042813969723759, 0.06041967645947831, 0.060367776386362766, 0.06043380233108381, 0.060461421737906855, 0.060508974364228224, 0.06050441905503963, 0.060460799917072455, 0.06053760454630922, 0.06049728291205501, 0.06040246264687141, 0.060551756687539364, 0.06046162822464016, 0.060447561693552504, 0.06061429404921863, 0.06049868801782015, 0.06040530059172977, 0.06043581874763244, 0.060429467089155045, 0.06050846933702246, 0.06048760416764804, 0.06055556030247905, 0.06050059930084375, 0.06048273262698506, 0.06036435754933949, 0.06034707808468155, 0.060420325688984755, 0.0603691788178427, 0.060271977679460055, 0.060236650267327024, 0.060300454425802966, 0.06030917854943867, 0.06025190373533233, 0.06017274648347316, 0.06015038922803265, 0.06013569392627064, 0.06017857224321436, 0.0601616990387968, 0.06002631024120477, 0.06000843561602484, 0.05999338833210739, 0.060019446957850914, 0.0599917070266063, 0.05997382688227397, 0.05996928693096606, 0.060006157873388234, 0.05993131367679537, 0.05989164830442722, 0.05986166217720667, 0.059871313859608186, 0.059727772509065656, 0.05976155471260298, 0.059823805188410746, 0.059789797701106644, 0.059714793317030945, 0.059792275343811145, 0.05970086734549333, 0.05975775045935653, 0.059755251714010534, 0.0597242810591461, 0.05972471127790045, 0.05975108298210309, 0.05966872315265051, 0.059529078901474373, 0.05965715515230572, 0.05961916398152467, 0.05960807466722662, 0.05966775649759583, 0.05961974208384884, 0.05956267676091969],