{"loss": [0.06139881559475662, 0.05208919182463798, 0.049893125049780884, 0.04847807808059709, 0.04733531391096784, 0.04648392429049821, 0.28356794665183765, 0.3718830593579629, 0.47946264063237864, 0.5937247263099805, 0.7041208311761323, 0.8176516486411609, 0.9316216774141771, 1.041395061653509, 1.1569836850180408, 1.2689564596074723, 1.3776833347238853, 1.487297707153388, 1.5940569195472682, 1.7016711324849545, 1.8273533948943392, 1.9247116963303423, 2.03840090622754, 2.143555810743808, 2.2536130037758517, 2.3681098136451078, 2.4532472203365985, 2.550341098312085, 2.65325111546932, 2.7698744914028106, 2.8763054470191856, 2.979926772800823, 3.089410001805473, 3.1778140159618204, 3.2728494418072382, 3.3788266932066295, 3.479703347475173, 3.586703192712285, 3.6897618351517965, 3.767548982642778, 3.863640849312088, 3.9795942778425344, 4.049737884515849, 4.161114423630685, 4.271925246521852, 4.3634640864114465, 4.440208147688489, 4.547555700538782, 4.633785359088216, 4.7337719580623565, 4.694625077959001, 4.690286474354687, 4.678766663352707, 4.689280414510865, 4.66117154548228, 4.67479815440833, 4.641269748284863, 4.641042039172512, 4.647090603717145, 4.621675804411467, 4.622823310919667, 4.606187643997778, 4.626166944489698, 4.607514593062408, 4.592181629409114, 4.599928910834398, 4.591251813150403, 4.619761235604786, 4.593397785676987, 4.603576857723197, 4.572607439765197, 4.557863706323914, 4.579142572608621, 4.54960039517728, 4.562684455685637, 4.5559549581705205, 4.567420007911355, 4.561284958347788, 4.5479128624875225, 4.546687094464436, 4.548737873883156, 4.536170433331804, 4.537483997147756, 4.541677439054323, 4.545653081891103, 4.4959364286025485, 4.512895926414952, 4.498741744011861, 4.529164565718861, 4.503816009800403, 4.497534904381373, 4.523115942361964, 4.49326858175382, 4.521208133796117, 4.51611315059521, 4.530889049766687, 4.510460119303784, 4.509825214501498, 4.493495281549113, 4.512880299609028], "mmd": [2.262756583785729, 1.7522136175474001, 1.5418954772470268, 1.427637541487791, 1.3366135064749105, 1.2726355898503539, 0.39806239656894915, 0.3009643424384879, 0.27992593896529877, 0.27307481804045475, 0.2670768955653668, 0.26374720895396025, 0.2613782572781494, 0.25861324277462955, 0.25760612747958, 0.25617138915963505, 0.2543450799527161, 0.2532124343263522, 0.25166653911067255, 0.2503029146125785, 0.2518972645085883, 0.2493680426782132, 0.24923414126192625, 0.24804916108464561, 0.24765317989416982, 0.24774497676987414, 0.24472354605595859, 0.2431854025475912, 0.24242543698765856, 0.24292817454306379, 0.24249411560319903, 0.24184422930111033, 0.24170887906054803, 0.23990515966182974, 0.23876933090972055, 0.2385548740801466, 0.23796751767264862, 0.2378258445194236, 0.23742832214828785, 0.23540810853286895, 0.2346947422275867, 0.23518524887906925, 0.23298086267806578, 0.2332227037039254, 0.2334290732529174, 0.23260680494755726, 0.23101395976067998, 0.23107723876327674, 0.23008336329301668, 0.22984137492834905, 0.2278803205736631, 0.22763999094815163, 0.22703000379277824, 0.22753734316572305, 0.22613690234445574, 0.22678166852391804, 0.22509406845978128, 0.22511089118844121, 0.22539049895422497, 0.22406420362576776, 0.22411421139448046, 0.22330436654157793, 0.2242402859593424, 0.223303865602837, 0.22254304774930944, 0.22291788819797634, 0.22245193648109407, 0.2238546338708221, 0.22253828252524005, 0.2229908936308969, 0.2214548544218128, 0.2207578024668743, 0.22174707961927664, 0.2202990417158234, 0.22098325738790645, 0.22063859051404358, 0.2212105067873283, 0.22085066579909585, 0.2202333520487105, 0.22020697435212805, 0.220254708450161, 0.2196295700053873, 0.21968420827142246, 0.21990898848020168, 0.2200777629717766, 0.21758061812494495, 0.21842728048959195, 0.21774320916287832, 0.2192489713034214, 0.2179661818630058, 0.21765036218451608, 0.21890521254197887, 0.21740030971640498, 0.2188593212575645, 0.2185422441147631, 0.21927531206625428, 0.21825879154124322, 0.2181858164388989, 0.21740766981151644, 0.2183865734446172], "mse": [0.06133390725913569, 0.052038392307927374, 0.04984077116807419, 0.04842499466929337, 0.04728252205728076, 0.046431664036286985, 0.10143746016890999, 0.0970235823748559, 0.09638421683182921, 0.0955817812676796, 0.09527768269511411, 0.09558451067837866, 0.09626716070504449, 0.0964944568109125, 0.09773970099284343, 0.09831989818476856, 0.09896492602598016, 0.09852206776334052, 0.09876471725973456, 0.09960930621694426, 0.10014232617845563, 0.10086010241305987, 0.10151731792941932, 0.10230556203044147, 0.10249015474293045, 0.10326702405246005, 0.10394867653772785, 0.10454775873940311, 0.10458996445160673, 0.10518179227497589, 0.10506626853562528, 0.10575126851062831, 0.10626633699702724, 0.1065280386184836, 0.10754830934976721, 0.10741906757280781, 0.10726332649082342, 0.1080304740142611, 0.10793944516465442, 0.1091395773576845, 0.10878166610284253, 0.10917261738104517, 0.10989737580014472, 0.11009490700160734, 0.1103849072598108, 0.11023547282467212, 0.10996999520054596, 0.11068816061518216, 0.11117268850039168, 0.11111666609916941, 0.11070992016237631, 0.11091779278071276, 0.11071952866002412, 0.11121116470727117, 0.11084448488943686, 0.11121919606998013, 0.11141786111334402, 0.11126740244898169, 0.11137502907914285, 0.11145390759454696, 0.1113240310545334, 0.11139344170887679, 0.11189470448953538, 0.11170514929417845, 0.11150578282872542, 0.11141732069863175, 0.11208323554371097, 0.11210549792255574, 0.11144643786474732, 0.11151181307773998, 0.11197069945416387, 0.11167383242392998, 0.11203369929660194, 0.11167853829647625, 0.11145682998298719, 0.11229012008519786, 0.11243715864692869, 0.11269909801564153, 0.11253445424920876, 0.11209371983124551, 0.11202046982778932, 0.11223685644578019, 0.11226790126528663, 0.11199076023596605, 0.11211037327655134, 0.11200218589390398, 0.11209811297750191, 0.11200128319608584, 0.112053413136671, 0.11218444307498425, 0.11192118333572827, 0.11209039502341074, 0.11258006356711578, 0.11186436713402169, 0.11274212504155175, 0.11233411937335745, 0.1125223112555339, 0.11213220138669543, 0.11225240839372885, 0.11241873448365196],