{"loss": [0.06139881559475662, 0.05208919182463798, 0.049893125049780884, 0.04847807808059709, 0.04733531391096784, 0.04648392429049821, 0.05097132318679304, 0.05327309923937085, 0.055494483510799913, 0.05746797160788864, 0.058912764640423186, 0.0632222951768156, 0.06651008179193937, 0.06947110650546441, 0.0722519172358284, 0.07389332902132144, 0.07645137289448185, 0.07852642120383514, 0.08012901663097885, 0.08190592080134584, 0.08392561912712705, 0.08586663567905412, 0.08756265551556161, 0.08884543904613709, 0.09024680534617059, 0.09296287855950557, 0.09404625396960947, 0.09566481862673908, 0.09728018650055988, 0.09968538124504962, 0.10008674459408094, 0.10229064101570642, 0.1037259337931123, 0.10493689670916674, 0.10566321488585395, 0.10810676017883433, 0.10860424939999729, 0.11053903885130692, 0.11122496510846223, 0.11288774681540324, 0.11306364613102317, 0.11518124517389026, 0.11589711210092025, 0.11684904060432443, 0.11945100609581791, 0.12086186554706607, 0.12112745017561638, 0.12315687801320233, 0.12384791333266869, 0.1253023000442295, 0.12458289295787121, 0.12395665745087177, 0.1243050823777782, 0.1241874589393551, 0.12454814529885569, 0.12432101108078766, 0.1230335913961712, 0.12388428067307, 0.12342145270839928, 0.12331304995224782, 0.12350478214782662, 0.12285352364028398, 0.1233170603235504, 0.123084515498255, 0.12370791367669225, 0.12318652905688857, 0.12255659338466526, 0.12285763909008514, 0.12224787840154709, 0.12206379071076125, 0.12232064725377183, 0.12266460400036201, 0.12229568529956626, 0.12187260776714173, 0.12141168947321977, 0.12183887793227172, 0.12173217889389223, 0.12207374340982521, 0.12193658765256846, 0.12135858328647064, 0.12152378327121058, 0.12085561897809255, 0.12178545219595359, 0.1213653231455093, 0.12186187678505082, 0.1208651758939512, 0.12077460019812097, 0.12125423895071318, 0.12128763081316053, 0.12048635255418817, 0.1203870495982149, 0.12061324581349794, 0.12079704051047696, 0.12070284430570405, 0.11997973654787861, 0.12081761243292288, 0.11988194684114202, 0.1195109292006387, 0.1209260206917188, 0.11989380357624685], "dist": [0.014799115128685862, 0.009984446530597645, 0.00993659873658095, 0.010033591355690994, 0.010035142963862204, 0.01006986041714271, 0.008310657128708182, 0.006756925710547094, 0.005991630019906199, 0.005535654892850574, 0.005088052416269831, 0.00485273506980736, 0.004735283553600311, 0.004632701798434337, 0.004542633941661198, 0.004347060285673712, 0.004310810439284489, 0.004248863979596287, 0.00414129237536385, 0.004067293441189973, 0.004018762931152023, 0.003983210873730932, 0.003933581438134294, 0.0038466440206613704, 0.003782787520859385, 0.0038487652980102064, 0.0037732485458571215, 0.0037452173864667027, 0.0037124304199230855, 0.0037505713427656686, 0.003635915374401214, 0.0036539932204949694, 0.0036290024549588892, 0.0035687601766404608, 0.0034907231582988994, 0.0035335494484270936, 0.00344383628076655, 0.0034460230055368304, 0.0033862064974286223, 0.003373244498234567, 0.0032943083608572535, 0.0033111665920633683, 0.003261996345612409, 0.00322547882222371, 0.003275931148034585, 0.003269142733317314, 0.0032043349029815464, 0.003221658521890365, 0.0031885772006671484, 0.003176877737159468, 0.003143458173024238, 0.0031059525015955155, 0.003127627327496205, 0.0031183571136863338, 0.003130014897757478, 0.003120257172175027, 0.0030562776614440003, 0.003104194890407837, 0.003078597781944475, 0.0030778009286961975, 0.003079037421054181, 0.003049965118342788, 0.003073643576773365, 0.0030668889479491548, 0.003090073313788295, 0.003066379193455927, 0.0030379174433667845, 0.0030500691233098266, 0.003026330800234523, 0.003014075380483122, 0.003028299045601813, 0.00304083889326221, 0.0030269560358037228, 0.0030070886059225354, 0.0029827303327399925, 0.003005352906265091, 0.0030012651810221694, 0.0030178784914149668, 0.0030143431990037354, 0.0029893521024491995, 0.0030015954475071244, 0.0029625140623694376, 0.003003886049651875, 0.002991114587260292, 0.0030152538870055466, 0.0029707243497534334, 0.002971516156388912, 0.0029864305725934718, 0.0029908128526746854, 0.0029516914137879846, 0.002949370179281321, 0.0029567087391058487, 0.002971396358660319, 0.0029708620027035057, 0.0029360885538251597, 0.0029801563466410738, 0.0029341960136683733, 0.002918201867536404, 0.0029851257459891953, 0.00293833989666519], "mse": [0.06133390725913569, 0.052038392307927374, 0.04984077116807419, 0.04842499466929337, 0.04728252205728076, 0.046431664036286985, 0.047117707279663495, 0.047047265022552874, 0.04722866386263198, 0.0473026605254174, 0.047252358706390135, 0.04798066628164167, 0.048666798123096607, 0.0495006889710134, 0.05043882638920357, 0.05078455549905536, 0.051514918295504246, 0.05192791055915451, 0.052209918110726325, 0.052544460817621236, 0.05301471989453279, 0.0533804003055726, 0.053592460573908145, 0.05372526042130356, 0.05388465468693343, 0.054218419193341076, 0.054182667901500114, 0.05430063164546712, 0.05455237026690909, 0.05466589895647949, 0.054645627687521486, 0.0548927738239089, 0.054947291587533066, 0.05526568829749148, 0.055306128981458556, 0.05540602151827235, 0.05553945078565416, 0.05570052751784311, 0.05575805868364683, 0.055953065057228725, 0.05589015803890003, 0.05606714603071551, 0.05605565297638824, 0.0562389208391815, 0.056338839612604066, 0.05645536464615622, 0.05637069094370352, 0.05661168041882522, 0.05650143635677975, 0.05662292365309407, 0.056633274853669736, 0.056749479622309106, 0.056717081306339893, 0.05683372421754164, 0.056918750749557025, 0.05692351845531907, 0.05693041409422235, 0.05697835527327423, 0.05699517322563879, 0.057000675738033905, 0.05706842892433199, 0.056976327427733064, 0.05714434107966402, 0.05709723980775436, 0.05719627436123888, 0.05723476951922588, 0.057246198649332475, 0.057357501079007826, 0.05723988058449951, 0.05731476347018556, 0.05730178131222549, 0.05743790230269446, 0.057461392866279735, 0.057386461095100316, 0.05743768228495843, 0.057535135224351504, 0.05754951539516801, 0.05755646458580716, 0.057482512632007966, 0.05752602726925423, 0.05752796580137319, 0.05755370630273263, 0.05763743605954432, 0.05761531327728683, 0.057598465500589315, 0.05760375500561744, 0.05761032583992626, 0.05764435102923758, 0.05762122336505435, 0.05768823008461576, 0.05777106650360754, 0.05779434670659781, 0.0576456228939698, 0.05765469977563382, 0.05770039669564062, 0.0577504015919729, 0.057743941459865306, 0.05774092677006693, 0.0578197629866431, 0.05776220237618887],