{"loss": [0.0626417597263303, 0.05300208621354364, 0.050831012790981386, 0.050006970135905014, 0.04961140610090563, 0.049393251307165605, 0.0535876365045589, 0.05638194974495354, 0.058509026184964216, 0.06037503535387435, 0.061818496102640515, 0.06600410396032355, 0.06893114379691057, 0.0715881176513002, 0.07422584781706597, 0.07623841353256029, 0.07858814547826128, 0.08102569414338474, 0.08278416370095319, 0.08466704756549753, 0.08662145252461975, 0.08846392130349905, 0.09023525433799189, 0.09209653787986215, 0.09318680017966463, 0.09513625359517609, 0.09707358948325125, 0.09841714322875134, 0.10018573954503328, 0.10251273586795813, 0.10317168390293065, 0.10529701455745247, 0.10678353826439715, 0.1079690150333296, 0.10940189623278036, 0.11132161048525721, 0.11243606424798289, 0.11388715155191577, 0.11589076317175452, 0.11690492592366794, 0.1179843499288073, 0.11973380909316472, 0.120935453831093, 0.12338247230521333, 0.12493737969696081, 0.1268520216557969, 0.12777223297156823, 0.1297210607804259, 0.13058627566303424, 0.13212882092379397, 0.1313652062851886, 0.13046411571245603, 0.13174561356115905, 0.1309141307915155, 0.13045132231721146, 0.13087239840578294, 0.1292330691896302, 0.13019281199843, 0.1296218525029532, 0.1296516797193044, 0.12939474047154761, 0.1287909409628309, 0.12980700240221474, 0.12858863027444442, 0.12922429054579318, 0.1288001095680754, 0.12828954915616503, 0.1285608774450012, 0.1282017790936649, 0.1270489437695444, 0.12761671514287481, 0.1283977378814576, 0.12823572408193323, 0.12699956650483907, 0.12697969096405995, 0.12701391540962978, 0.12657624793457667, 0.12682928741418453, 0.1261878803900637, 0.12637897019592312, 0.12625574870819178, 0.12563834118173958, 0.12605684231884196, 0.12639407354628493, 0.1260004632912323, 0.1254525869380424, 0.12521650212950333, 0.12522748085165306, 0.12539010246227905, 0.12495382849891921, 0.12475532894208477, 0.1252001021029854, 0.12447812517161207, 0.12421154130684925, 0.1244613669229399, 0.12412453386684992, 0.12434655378408939, 0.12355464193942452, 0.12438873678137669, 0.12351116425793844], "dist": [0.015355592649952787, 0.009767626394329255, 0.009704856911847476, 0.009819315232961071, 0.00979160433573211, 0.009761720236481622, 0.008171359934476775, 0.006906634985236795, 0.006119619420436562, 0.005621101282828623, 0.0050848484399729854, 0.004713349766373095, 0.0045534925357517035, 0.004452944975146856, 0.0043873471494054244, 0.004265966850808894, 0.0042337385483259445, 0.004234993391487324, 0.004170196837101798, 0.004109578137836272, 0.00408032557107178, 0.004050089911821861, 0.0040222094074425395, 0.003994329849002192, 0.003907415099329201, 0.003911620834973012, 0.0039155720660883925, 0.003870555228915511, 0.0038595686410794494, 0.0038980337580668697, 0.0038071782292077314, 0.0038314933659566604, 0.0038106554090506237, 0.0037667083052197467, 0.00374609120829826, 0.0037598086168860226, 0.0037122434651701984, 0.0036951432878459685, 0.0037121113882904963, 0.003670716955377397, 0.0036347006154253507, 0.0036352460095149903, 0.0036097042514644066, 0.003641749558691073, 0.0036369604994013266, 0.0036558477521669037, 0.0036177661978712573, 0.003624386379723623, 0.003589667286311154, 0.003577693926955971, 0.0035471757387252664, 0.0035046515117937277, 0.003563178070900656, 0.0035252787212000686, 0.003503838415426839, 0.0035227257686156776, 0.0034453183690435424, 0.003494520878358751, 0.003470945215517135, 0.003473151770098468, 0.003460469453642351, 0.0034356138920356443, 0.003480418723494783, 0.0034283281220026875, 0.0034586334237526207, 0.00344204939344686, 0.003415830859135798, 0.0034294931793742247, 0.003417210958649073, 0.0033628178357684563, 0.0033887797939774074, 0.0034276589474735706, 0.0034172657254376232, 0.00336289312501343, 0.0033583120529593535, 0.0033604679245741124, 0.0033452850849019634, 0.0033573308141772776, 0.003330670670809794, 0.0033361567641736352, 0.0033336100299213977, 0.00329923039894452, 0.0033262045175302085, 0.0033388925049773126, 0.0033248447181321297, 0.0032953357250406303, 0.003289358242087484, 0.0032930221386938915, 0.003296502270017705, 0.0032713821287125217, 0.0032670332127122796, 0.0032841383797313295, 0.0032564935336670832, 0.0032467844045172105, 0.003256092569034167, 0.003243538332302426, 0.003248236135736471, 0.0032109002012861245, 0.003251976709457959, 0.003210807030854067], "mse": [0.06263429577981, 0.052999056270414825, 0.05082761298210265, 0.05000333687183248, 0.04960753316365105, 0.049389402823663005, 0.0498635812471325, 0.05008770766471302, 0.05014551489818924, 0.05013539457756976, 0.0502418662576855, 0.05102713439652099, 0.05170409812796944, 0.05230273792253287, 0.05298506799793666, 0.0534472993548899, 0.05400295095020242, 0.05451661916215804, 0.05482214161000893, 0.05526768440377941, 0.055696175333272056, 0.05597786685696733, 0.05623761590355608, 0.056539311961021875, 0.05671330945816667, 0.056959684294382966, 0.05695663654469669, 0.057164022349580526, 0.057325728518263806, 0.05746631256608702, 0.057468358889508284, 0.05759022018956117, 0.05754728488172879, 0.057644133449173046, 0.057698005862655104, 0.05769872285722806, 0.057754031064723405, 0.05781092197033116, 0.057898669015269515, 0.057898662962360604, 0.05792021384377423, 0.05799158769859169, 0.05792860078186545, 0.05804917173930602, 0.05808871704397209, 0.058014376075220246, 0.05809572318698138, 0.058137327872844, 0.0580390768849251, 0.058190244009258825, 0.058142236050113795, 0.05815579851695847, 0.058222436124632244, 0.05821690541668692, 0.05822022041880926, 0.05823002155853691, 0.05827917323132738, 0.058260302192791526, 0.05819490033599439, 0.05817375321662056, 0.05823349448105257, 0.058212810244130594, 0.05833402262832777, 0.05819626344557703, 0.058205108847496606, 0.05825281438680484, 0.0583078381846187, 0.05833555800920047, 0.05824125040889314, 0.05826560930077927, 0.05827731915929821, 0.05828681503432188, 0.05826646108262824, 0.05824230316932832, 0.0582988386481252, 0.05839038509297758, 0.05831810604764404, 0.05830814426921671, 0.05823161046363226, 0.05831189372712964, 0.058275280875240504, 0.05833734459679799, 0.058249420487766254, 0.05832838662177808, 0.05826109496428132, 0.05829009471496944, 0.058276456581260815, 0.05828307056730748, 0.058271906499584455, 0.05834240923626032, 0.05828106391795277, 0.05838595571731007, 0.05826930079933812, 0.058257625728537446, 0.058263382523635644, 0.05825332174713185, 0.058304860285501185, 0.058332660410173535, 0.05831759841768745, 0.05831649810339887],