{
  "loss": [
    1.0179070505502588,
    1.0032239882039151,
    1.0004781132523854,
    0.9991688745965192,
    0.9973045968625208,
    0.9864902971368775,
    0.9796609696813607,
    0.9748979975198865,
    0.9722043643180471,
    0.970209466907865,
    0.9684930671578816,
    0.9667780985931416,
    0.9651897124509781,
    0.9637530533427461,
    0.9622524234437845,
    0.9609401902106165,
    0.9598186907273388,
    0.9581769550807606,
    0.9570725502201172,
    0.9560449506068901,
    0.955784996478033,
    0.955002136623166,
    0.953491877959038,
    0.9522711757825707,
    0.9515717494233068,
    0.9507542420791644,
    0.9495248157366314,
    0.9488956157910865,
    0.9483104941648735,
    0.947942205171535,
    0.9470971520116115,
    0.9467085691479283,
    0.9463198073723514,
    0.9459053225668655,
    0.9453178209718895,
    0.9449679900201026,
    0.9443330069044508,
    0.9449123162905401,
    0.944235450135217,
    0.943377544940887,
    0.9430858316620103,
    0.9428549675051328,
    0.9428168062805943,
    0.9420978034570489,
    0.9421423241270899,
    0.9421598274072158,
    0.9421312751098927,
    0.9418732547165564,
    0.9420496641875183,
    0.9415819642538727,
    0.9413885175405287,
    0.9409954257444728,
    0.941503841086046,
    0.941526199512961,
    0.9407294591299761,
    0.9406794488666559,
    0.9404076997701566,
    0.9403371782289859,
    0.9405037876039811,
    0.9407865237190035,
    0.940792133577621,
    0.9402047588040883,
    0.9400401507182967,
    0.9397385682606499,
    0.9399035543498426,
    0.9403453879200223,
    0.9403581525460701,
    0.9399197672026695,
    0.9402587677489475,
    0.9399365983673741,
    0.9392626142484628,
    0.9394438543214384,
    0.939713183472227,
    0.9395024221531302,
    0.9395176594317659,
    0.9398988850007685,
    0.9403008306036493,
    0.9396169944416761,
    0.9390619697348888,
    0.9387366852765284,
    0.93890095519729,
    0.9390643149663314,
    0.9401289484957424,
    0.9414576447004784,
    0.9405087829902472,
    0.9397256553003428,
    0.9394513361988343,
    0.9394652439715815,
    0.9395677564440115,
    0.9389079841515409,
    0.9388179485939422,
    0.9385112273495733,
    0.9385070835138679,
    0.9385428696699972,
    0.9386086771281472,
    0.9384367087730574,
    0.9384455232002474,
    0.9383906904010251,
    0.9387154554481635,
    0.9383671047425
  ],
  "val_loss": [
    1.0193286945311355,
    1.0128233499451262,
    1.0105453279637033,
    1.009227303295349,
    1.003899824313849,
    0.9887276908113224,
    0.9842735936778497,
    0.9818382817285236,
    0.9793667872431303,
    0.9782445206189577,
    0.9773509068981228,
    0.976266400730597,
    0.9755714377613542,
    0.9746207757703409,
    0.9737161813510191,
    0.9728341464616038,
    0.971788151197079,
    0.9708147646932557,
    0.9697748130084547,
    0.9693613861795368,
    0.9688372239873797,
    0.9680693410269752,
    0.9671116570022209,
    0.9664978569098561,
    0.9657356657090491,
    0.9653104979481691,
    0.9641120933058115,
    0.9641275925569179,
    0.9633368999895229,
    0.9631936517444942,
    0.9621234385169658,
    0.9615724176243727,
    0.961450593431088,
    0.9610245815256105,
    0.9605173699823969,
    0.9602873065935408,
    0.9598009200226912,
    0.9595632821547344,
    0.958977820726131,
    0.9587271188794814,
    0.958436608572636,
    0.9585915178178838,
    0.9583749321986088,
    0.9579179669192275,
    0.9578462133808542,
    0.9577958356254327,
    0.9575154066559038,
    0.9574792373700935,
    0.9577542841326928,
    0.9572928451708791,
    0.9571235550521127,
    0.9568441936316708,
    0.9570436378714411,
    0.956703868036191,
    0.9567070724687952,
    0.9564233721915844,
    0.9564271787795209,
    0.9563441211804721,
    0.9564758435735975,
    0.9562945741042899,
    0.9566695956450771,
    0.9561754479945158,
    0.9560782560068363,
    0.9559246482981624,
    0.956150266785176,
    0.9558832659397861,
    0.9560193100460855,
    0.9557999901847262,
    0.9559210009068971,
    0.955898278416042,
    0.955591045833589,
    0.9559065935758855,
    0.955632798317235,
    0.9554869140239882,
    0.9554426814837819,
    0.9555030086117073,
    0.9557968374195188,
    0.9557005145927493,
    0.955360856201622,
    0.9552780367415203,
    0.9552051161910945,
    0.9551732088202218,
    0.9553300593356199,
    0.9561876660862885,
    0.9560516064066356,
    0.955421735194133,
    0.9552004060905275,
    0.955155796799923,
    0.9553688184873415,
    0.9550175143682066,
    0.9551391288159514,
    0.9550532254661648,
    0.9549360552319376,
    0.9550903732705228,
    0.9549474252642642,
    0.9549794973814285,
    0.9548572702598848,
    0.9551874018670505,
    0.9549550819551845,
    0.9547075183328761
  ]
}