{"loss": [0.08455586365177853, 0.05635118370042066, 0.056260060915170426], "mmd": [2.523059870502973, 2.259343889650601, 2.2764987794123863], "mse": [0.08450279835518038, 0.05634556919270287, 0.05625458780340465], "kld": [17.09725934192208, 19.08049511874268, 17.798395607636987], "l1": [0.05306529017073134, 0.005614519714236128, 0.0054730835550931035], "mcc": [0.0, 0.0, 0.0], "epoch": [0, 1, 2], "beta": [0.0, 0.0, 0.0], "alpha": [0.0, 0.0, 0.0]}