{"loss": [0.1851685122866046, 0.06537103598477921, 0.06148865314935124], "dist": [0.027865840735992464, 0.00959996012606255, 0.010279393898656088], "mse": [0.07907923525598236, 0.05711692813756371, 0.05682168234046136], "kld": [0.19439666276519768, 1.1114022988864556, 2.4174541541357337], "l1": [0.01218370435500801, 0.004084978257808037, 0.003980096508686925], "mcc": [0.021215418769126453, 0.0016500045665081705, 0.0009325981316221342], "epoch": [0, 1, 2], "beta": [0.0, 0.0, 0.0], "alpha": [0.0, 0.0, 0.0]}