{"loss": [0.10010972136474783, 0.05886151910686598, 0.05816671786007184, 0.057474991859678325, 0.057090596184464645, 0.05665816053021782, 0.062197221594379785, 0.06603094089110458, 0.06930138672010057, 0.07276842521401769, 0.07609644008902186, 0.09007290776054123, 0.09048480937804922, 0.09419813388999843, 0.09742533036974015, 0.10008197793932398, 0.10305837052083262, 0.10678695189591877, 0.10923304594778063, 0.11213587024187231, 0.1144937764484562, 0.1172832606946348, 0.1199260443625105, 0.12250282018936544, 0.12549886200989718, 0.12782656734856052, 0.1311452458096748, 0.13280938838662212, 0.1358607994774948, 0.1386177502627563, 0.14141511811463484, 0.1441928717573249, 0.1469108038520003, 0.14915257060633452, 0.15125407933352442, 0.15617052690185154, 0.1567827267806146, 0.15955722547704396, 0.16309114167001787, 0.16472991225770517, 0.16724609846642663, 0.17053760232698265, 0.1737142843104888, 0.17618179606326045, 0.17963674298021254, 0.1817272594707579, 0.18397068007790005, 0.19001442389879128, 0.19113647395213915, 0.19352024496482076, 0.19122115820866392, 0.1912695878959829, 0.19015239590732175, 0.1904321735727558, 0.19137034893167953, 0.18968714848490903, 0.18836780849904747, 0.18834327517883465, 0.18894329471197227, 0.19029888889285979, 0.18753871152196713, 0.1882038186338663, 0.18728478225374504, 0.18661831822273825, 0.18717198269758126, 0.18759960992649705, 0.18680225387545774, 0.1869837429534033, 0.18638580896653664, 0.18686723090609209, 0.18630643051387288, 0.18648779812644467, 0.1870645728385959, 0.1853993786292555, 0.18624717733400434, 0.18514589599967884, 0.18462119193161608, 0.18531897486884977, 0.1834513027677684, 0.18325588779532223, 0.1841485374655294, 0.18355922344824413, 0.18338123064053463, 0.18261468126555488, 0.1839970297440116, 0.18427007775230986, 0.18287317964359787, 0.18188788626271477, 0.18245106227861022, 0.18211377550747404, 0.181733121261815, 0.18216804818881668, 0.18174520349528978, 0.18196814233214323, 0.1803375548150726, 0.18098686566160913, 0.17952260120800714, 0.17994345856646138, 0.1803927887423704, 0.18033632689996168], "dist": [0.027636530828363697, 0.009614602205215608, 0.009521406636734326, 0.00953532655983393, 0.01086659170652807, 0.014872581547709453, 0.0074577218312302405, 0.00648474198610603, 0.005920438787540864, 0.005682253005723173, 0.005483217062800022, 0.006044396059140508, 0.005962039992636953, 0.005896654234170099, 0.005779521802558593, 0.0055882581200126, 0.005454399267712297, 0.005415909256073516, 0.005276390599661907, 0.005196637577346995, 0.00508137039569904, 0.00500331069184591, 0.004948537696312502, 0.004886034197735282, 0.004850974365961538, 0.004795021735003804, 0.004787124966978311, 0.004700570764842731, 0.004701667518404476, 0.0046798456032062985, 0.004648061279012124, 0.004642090489854004, 0.004616893298113705, 0.004576069775396515, 0.0045298410901466885, 0.0046169450590827195, 0.004500318769650311, 0.004490476847589126, 0.004511996339339394, 0.004453921024763249, 0.004440958482698927, 0.004440267526295636, 0.004455132289731839, 0.004430737009717693, 0.0044404029756085605, 0.004414043877792422, 0.004381301646888465, 0.004494671159743041, 0.004428217160182577, 0.0044029106044154095, 0.004331479577809858, 0.004334473264014329, 0.004305310520526445, 0.0043114619477455296, 0.004346684386961966, 0.004289374266685079, 0.004248780731635891, 0.004251969714602249, 0.004271228780709978, 0.00431973767085785, 0.0042227140691081825, 0.004254014608023779, 0.004223039864522557, 0.004198939598301643, 0.004217961480830036, 0.004224662256648591, 0.00420726734307076, 0.0042159279897476115, 0.004199653836909511, 0.004210525682915492, 0.004197702157253363, 0.004201550917435806, 0.0042207561847045355, 0.0041660120923270195, 0.004192368999746748, 0.004155581808948898, 0.00413913966519029, 0.00416324146802467, 0.004108861973474801, 0.004095884423635548, 0.004127333011888132, 0.004112028951022053, 0.004101530581532511, 0.00407488614649538, 0.004124557806806229, 0.004133222220903001, 0.004086791147186285, 0.004055176889269366, 0.004067820366857191, 0.004061793855857792, 0.0040457779675738634, 0.004068381478047023, 0.0040492062191059336, 0.004058998267261237, 0.004006499465674635, 0.004028786597649623, 0.003980063802000009, 0.003993358372943132, 0.0040109687477234675, 0.00400519923824938], "mse": [0.07927221572645658, 0.05717724424125173, 0.057091067309877896, 0.056939546095875905, 0.05659111037278105, 0.05624303393385083, 0.05650425148217153, 0.05660971117094489, 0.056680144623824376, 0.05669789593474199, 0.056804870677619426, 0.06099621444786493, 0.06048062700156447, 0.06060520676205394, 0.06063662326318298, 0.06081434070755847, 0.06091136261930846, 0.06118931020974585, 0.06118121865360916, 0.06140327765613222, 0.0613998716732864, 0.061654125338907254, 0.06157186301081184, 0.06152070553057127, 0.0616655703056246, 0.061484775017600295, 0.061568563812284385, 0.061310211320351284, 0.061320370192497836, 0.06122761328692274, 0.061263761280910656, 0.06111669412193658, 0.06113130226181036, 0.06103196033610903, 0.06090878233577687, 0.06091710054033616, 0.0609071408749243, 0.06081815549836905, 0.0608337949108514, 0.06076073657550699, 0.06059947336970263, 0.060869984548852576, 0.060594246182123, 0.060668947860224386, 0.06081344207619459, 0.06059947403552261, 0.06073692311124224, 0.060637038619294654, 0.06054900778647364, 0.06070461785049347, 0.06052175641301992, 0.06056528107608439, 0.06036345096115171, 0.06035997990403253, 0.060379681819871044, 0.06038278276912395, 0.060288142633006706, 0.06012174685209153, 0.060176591038087625, 0.06008855507680197, 0.0601493405670676, 0.06011124409217954, 0.060058349504120416, 0.06006799950821537, 0.06005281346961526, 0.06010253193679553, 0.06007962376209446, 0.06003142579113363, 0.059882926965129604, 0.05992698555528853, 0.059836022528314874, 0.05992104574223565, 0.05988118960969205, 0.059912114130385344, 0.059939780392225944, 0.05998365637162587, 0.059923359670262216, 0.05989580565686592, 0.05973866433345409, 0.059841248103619675, 0.059796266565911, 0.05977116666040885, 0.0597751204039973, 0.0598627012800783, 0.05980004183672908, 0.05981374579857336, 0.05982165996045798, 0.059739147647224815, 0.05976220915861637, 0.059767758878198296, 0.05980549427505962, 0.05967872107244665, 0.05976032057400116, 0.0597391551583345, 0.0596639570976818, 0.05968347771789334, 0.059660579178322716, 0.05965753940196826, 0.05962859555264519, 0.05974832995405401],