{"loss": [0.06381016403436661, 0.05391429776730745, 0.0512535973476327, 0.05025583748584208, 0.04976342255006666, 0.04948773543471875, 0.053534931540489196, 0.05661343967137129, 0.05874437749385834, 0.06007855831928875, 0.062100339356971825, 0.06628066710803819, 0.0687423213214978, 0.07119450578223104, 0.07350722064142642, 0.0760441043584243, 0.0784446356996246, 0.080747543670561, 0.08253096222877503, 0.08405052129341209, 0.08616302371025085, 0.08880727401246195, 0.08961494526137477, 0.09184169642303301, 0.09304926321558331, 0.09429138451814652, 0.09503828844298487, 0.09726736609054648, 0.0988629080031229, 0.10026879415563915, 0.10210348568532777, 0.10353111421284468, 0.10412573014912398, 0.10646359306314718, 0.10825990143029586, 0.10953662453786187, 0.11104811218769654, 0.11269408398348352, 0.11365079563596975, 0.11458840841832368, 0.11661867279073466, 0.1171827302030895, 0.11851369104955507, 0.1203399317290472, 0.12181118025727894, 0.1232805407565573, 0.12533044964075088, 0.12569539990114129, 0.12713396432607071, 0.1276638936607734, 0.1277245008168013, 0.12710262485172438, 0.12787924497023873, 0.12667761631633925, 0.12621735172427218, 0.12665052666612295, 0.12570298223391824, 0.12583515068759088, 0.1252411465022875, 0.12580840893413708, 0.1252755193606667, 0.12557730976654136, 0.125274519868519, 0.1244329279013302, 0.12455691021421682, 0.12445643778728402, 0.12475518807120946, 0.12377237069865932, 0.1236950851134632, 0.12461875147145728, 0.12322530819022137, 0.12350290246631788, 0.12294469567744629, 0.12260776201020117, 0.12304903855790263, 0.12231839887473894, 0.12273241780374361, 0.12277739921341772, 0.12242737906134647, 0.12173554791056591, 0.12170848250389099, 0.12173350522051687, 0.12248222555803216, 0.12206865037265031, 0.12091162597355636, 0.1212161172732063, 0.12088839489480724, 0.12075805172972057, 0.12078733603591504, 0.12082320000814355, 0.12062251068975614, 0.11984233295140059, 0.12089326687481092, 0.12018612150264824, 0.11987658674302308, 0.12007323258596918, 0.12034472190815469, 0.11965767522221026, 0.11940531957408657, 0.11949592301379079], "dist": [0.015657406162227626, 0.008824348991088892, 0.008842168176222754, 0.008859342576368995, 0.008822403199079893, 0.008774272897483214, 0.007777582652785856, 0.0070890016517723385, 0.0062541490056268545, 0.0054618094873655106, 0.005172228310662119, 0.00481605746904793, 0.00455418756859296, 0.004429494704160353, 0.004318362396898801, 0.00429658318930508, 0.004291265996011055, 0.004238184973921465, 0.004154451599182642, 0.00406465760047507, 0.0040525365543916175, 0.0040998876509864045, 0.003963145188096425, 0.00398578509344193, 0.0038908766815438866, 0.003816575895306533, 0.003706974318736921, 0.00373862209689358, 0.003722813250699445, 0.0036962509436694823, 0.003691077065937545, 0.0036723071273983172, 0.0035930938101576076, 0.0036375222972634693, 0.0036385360578803914, 0.003611385002732277, 0.003599946436310268, 0.00359203247555896, 0.0035489871583717024, 0.0035040483032555683, 0.0035327766888329517, 0.0034690623517836566, 0.0034500353878525935, 0.003457881070309035, 0.003451174598835085, 0.0034412248643196147, 0.003464731070941881, 0.003393115860045604, 0.0033884667346011036, 0.003342171862276028, 0.003344966360246358, 0.0033144114828547056, 0.0033473086662833456, 0.0032964880434472278, 0.003277983779857016, 0.0032971091457116215, 0.003249965358687484, 0.0032625854734088418, 0.003236141415393871, 0.003264096489419108, 0.0032348808941795775, 0.003255009287563355, 0.003230439660179874, 0.0032015537563711404, 0.0032038999869204734, 0.0032022399799493343, 0.0032149801134010374, 0.003172056206461528, 0.0031757600973967627, 0.00321200019882425, 0.0031425594497957957, 0.003163446768834863, 0.0031362311884193966, 0.0031225800054633748, 0.0031447386010752423, 0.003109778760244017, 0.0031275433044799642, 0.003131859733156212, 0.0031186639138942826, 0.0030813386054385616, 0.0030837250057526903, 0.003090782623495097, 0.0031202953948598843, 0.003103836755997137, 0.0030489495676010846, 0.003065156530102958, 0.003050498954101425, 0.0030441416644126826, 0.0030470064978884615, 0.003047759069494255, 0.0030410575597425516, 0.0030129189987707396, 0.0030499854860017482, 0.0030209563941816274, 0.0030100641438089637, 0.0030198123451808225, 0.003032463602721691, 0.0029986324124848065, 0.0029911903186660748, 0.0029956405802184474], "mse": [0.0638016379268273, 0.05391128947553427, 0.05125037099356237, 0.050252329895029896, 0.049759928007488664, 0.0494840630111487, 0.0499903379380703, 0.05015590626908385, 0.05020010798521664, 0.050132579771072966, 0.05032516195722248, 0.05103909776910492, 0.051734703993019854, 0.05220459457324899, 0.052761899453142413, 0.053361301610003346, 0.053849125498014946, 0.05441823853098828, 0.05481299242247706, 0.055120717487905334, 0.05562638356633808, 0.05612391900757085, 0.056243837482255435, 0.05647044497339622, 0.05684270127311997, 0.057039099588342336, 0.05710190701095954, 0.05738341941133789, 0.05746129554898843, 0.05759228030624597, 0.057724271358355235, 0.05779931330810423, 0.057745123661082726, 0.057903333468281706, 0.05797722021522729, 0.057982961658550346, 0.05809491782732632, 0.05813275017168211, 0.058107356947401295, 0.05818405322406603, 0.058149645820907925, 0.05830189193072526, 0.05828315852128941, 0.05843986116025759, 0.05838429988726326, 0.05851332443563834, 0.058467037321432776, 0.05851424632513005, 0.058549808995879214, 0.058498368988866394, 0.05847317749391431, 0.058504880303921904, 0.0585783277451992, 0.05850240654271582, 0.058575484778570094, 0.058519095033407215, 0.05861511076274126, 0.0585576345220856, 0.05851243486223014, 0.05854116798095081, 0.05856997364241144, 0.05854675351925518, 0.05862545208438583, 0.058465225430934326, 0.0585465662829254, 0.05856947863879411, 0.058511389396760774, 0.05856571624460428, 0.05845152087185694, 0.0585781179368496, 0.05859739468149517, 0.05855202808976173, 0.058531089619449944, 0.058613264100707094, 0.058597516845101894, 0.05856827383456023, 0.058569470015556915, 0.05855069347049879, 0.05857001530735389, 0.058604405444601305, 0.05855972068465274, 0.05851839920748835, 0.05860548673764519, 0.05853421058991681, 0.0585906782940678, 0.05855591735762099, 0.0585545092108457, 0.05849451571702957, 0.058467401531727414, 0.058495168342538505, 0.058482511730297754, 0.05840955088967862, 0.05855285402225412, 0.05847589928818785, 0.05850195656004159, 0.058472402691841126, 0.058488422768271486, 0.058465374306492186, 0.058444503338440604, 0.0585036431900833],