{"loss": [0.1851685122866046, 0.06537103598477921, 0.06148865314935124, 0.05913145859977519, 0.05811366118611754, 0.05705005763596587, 0.39647731471096925, 0.4505346060855702, 0.5880292196657668, 0.7085533518910936, 0.8465851269761427, 0.96071125247806, 1.0857236317552879, 1.214295831089358, 1.3376781655203116, 1.4419430693284094, 1.554783587793832, 1.686710727091554, 1.8120852393625053, 1.922361233914092, 2.036453898231247, 2.136283732411428, 2.25912710324348, 2.3648668885054933, 2.4711020373171153, 2.583744539291855, 2.689685551067223, 2.8079671261053494, 2.908699896698336, 3.0301988477016657, 3.13303384400541, 3.2439706674178557, 3.34957144918963, 3.457091971021283, 3.5963065145286888, 3.6684756638204328, 3.775757240932132, 3.899454292905912, 4.0163407998387886, 4.1325173226557945, 4.213580467148052, 4.334525020295091, 4.444469933319655, 4.544276167758283, 4.65183147299413, 4.794261479131228, 4.862224116107034, 5.020523669272441, 5.107575794442542, 5.225385679980325, 5.202488002960227, 5.209730102885597, 5.186986104072108, 5.215738652551896, 5.201423285806901, 5.212006250195524, 5.187608236752373, 5.1514888528178675, 5.207170576605522, 5.189857694916042, 5.160182650719647, 5.178271854293575, 5.163519205687845, 5.152767773040816, 5.184383359934414, 5.170670159282149, 5.168091321097167, 5.160144001201478, 5.160648428354869, 5.1352421934530685, 5.165936759162689, 5.146853534298422, 5.148695548845007, 5.136672376001603, 5.117908389388723, 5.138532527616492, 5.129212036794891, 5.149379671764515, 5.140042294427598, 5.115044265589298, 5.114652956958359, 5.121083957229795, 5.110173665966558, 5.121754455073369, 5.138593430357107, 5.097650317356893, 5.135142501735265, 5.101105594212407, 5.121957589111441, 5.086299219370945, 5.094996236099626, 5.094748641398668, 5.082651670785563, 5.111614496704394, 5.084523425320579, 5.1038782269070735, 5.065582478944449, 5.080620749134081, 5.094213131083343, 5.093740212864502], "mmd": [2.4475535110321496, 2.4420876048692395, 2.438602951816125, 2.5110762450332302, 2.574983500659554, 2.5933687211491683, 0.6069167340435693, 0.36183513133089157, 0.3405265775529814, 0.32047906157009004, 0.31623781156592745, 0.3039005824654986, 0.29878212130756465, 0.2965815733331345, 0.29351335616460406, 0.2869074229299582, 0.2833586621759913, 0.2837487756105434, 0.2831363481864267, 0.28018100674166463, 0.2781653786119365, 0.2744642476519594, 0.2742338361689048, 0.27189361589081706, 0.26990545982360137, 0.2687671045212837, 0.26700248405271304, 0.2666731147285402, 0.26480831857357984, 0.2648288573040744, 0.26328699841016856, 0.2625247007194615, 0.26138200255405253, 0.2605478989408851, 0.262164805144996, 0.258709177727009, 0.25790092842089374, 0.258326814811198, 0.25833824175675474, 0.2582203442096006, 0.25597026858319205, 0.25623083893798476, 0.25579758494696203, 0.25479350469049006, 0.254368698469293, 0.2558018671048797, 0.2531747342564683, 0.2554342058683956, 0.253935783903391, 0.2540033035519556, 0.25289644186482646, 0.25324535796878256, 0.2521833888360986, 0.2535781433126247, 0.252863005353922, 0.25342512727223965, 0.25214483059579545, 0.2503871712365918, 0.2531642373238568, 0.25225074604659875, 0.25078719323899934, 0.2517463301406125, 0.2509234385837304, 0.25039649368477007, 0.25192660084503266, 0.2512969859329601, 0.25117865275244944, 0.25082624812598064, 0.25086222296275273, 0.24951331306419486, 0.25103512811343814, 0.2501592937433209, 0.2501868265330175, 0.24962707640853554, 0.2487092756142116, 0.2497109080743226, 0.24923014682628203, 0.25024297034458715, 0.24975637028453268, 0.2485783934108968, 0.2485245838211065, 0.24885727473956973, 0.24826672521352416, 0.2488972742325094, 0.24971247450111536, 0.24763440079932023, 0.24952428945322333, 0.24783455999774454, 0.24889249674854813, 0.24709435544654926, 0.2475914558948759, 0.24753036606435058, 0.24694680722988868, 0.24836713286939366, 0.24703398511980273, 0.24801671443344747, 0.24607598907045988, 0.24688952828879898, 0.247583064340066, 0.24754191287951421], "mse": [0.07907923525598236, 0.05711692813756371, 0.05682168234046136, 0.05643792851020526, 0.056026693356486156, 0.05576092077961172, 0.11257040720196383, 0.11741861347741883, 0.12021885088134551, 0.12269357019592424, 0.12448457939938216, 0.1251726782546438, 0.1258480424278772, 0.1257519368494983, 0.1261656112979927, 0.126585085137556, 0.12671148838637675, 0.12731524472134503, 0.12714687728239127, 0.12734178330424617, 0.12778747790497197, 0.12823194382021663, 0.12800558946993715, 0.12813065241763652, 0.12872699730681528, 0.1290070865319786, 0.12873646422142115, 0.12914975464035877, 0.12850805529375373, 0.12886718498815286, 0.1289626613281326, 0.12908786550670465, 0.1290273559190322, 0.12893268085212792, 0.12874230450814372, 0.1285943428447891, 0.1290576613812186, 0.1289926900513239, 0.1289127502959095, 0.1285208966500474, 0.12877215248046986, 0.1289962168172156, 0.12909739912436666, 0.12907888818438684, 0.12888245284557343, 0.12882282397815714, 0.1290077703125896, 0.12912000350356984, 0.1288382934964918, 0.12933499293410092, 0.12898423665779557, 0.12922127366594233, 0.12867751140890304, 0.12851899301019695, 0.12892325095931395, 0.1280840745132466, 0.12870673828674384, 0.12825453490503078, 0.1281785341736309, 0.12858068630473476, 0.128573913187713, 0.12804674367080587, 0.12844831555905686, 0.12847013495301216, 0.1282557859642643, 0.12839837545086044, 0.12816073748790707, 0.1279591038559001, 0.1279479626186489, 0.12796506919572062, 0.1282881261943186, 0.12818847772729977, 0.12810508631709056, 0.12815063060474535, 0.12801772853472385, 0.12826559722335512, 0.12811634297781188, 0.12815412390355346, 0.1278550483869661, 0.12777805503353235, 0.12768953698556568, 0.12803003141323607, 0.12774740190326375, 0.12822903005992292, 0.12815233214347013, 0.12827608824612646, 0.12800163906645387, 0.12766767276706864, 0.1278762876481214, 0.12792842802172044, 0.12776312689837535, 0.12763439691137177, 0.1279425913883453, 0.12802118668263912, 0.12781599260855636, 0.12773561435841035, 0.1279223858429727, 0.1277671597644885, 0.12797306173177025, 0.1277714324358471],