{"loss": [0.10010972136474783, 0.05886151910686598, 0.05816671786007184, 0.057474991859678325, 0.057090596184464645, 0.05665816053021782, 0.06031119839963744, 0.0628620017501505, 0.06505324972168909, 0.06734245539019695, 0.0695092166984451, 0.08092911190393229, 0.08051860227938769, 0.08295597586136977, 0.08509153904643686, 0.08699655997810371, 0.0889071648282878, 0.09154518728902457, 0.09327119666989481, 0.09535296077522253, 0.09689541706922664, 0.0985023353133279, 0.10038819055085345, 0.10185010406564222, 0.10381644264281764, 0.10569257786610278, 0.10759858268710676, 0.10864026644205237, 0.1107476589708772, 0.11260412466138646, 0.11405652938644502, 0.11620050117351456, 0.1179448951096267, 0.11908834089732769, 0.12082550464475877, 0.12365128190161735, 0.12418853490444194, 0.12582882361670894, 0.12791107627982756, 0.12941827150708288, 0.13085042035958264, 0.13295396631982515, 0.13506889147367576, 0.13651326100618483, 0.13858281498557531, 0.14022630080030446, 0.14178551994319152, 0.14502257716180303, 0.14625547090036303, 0.14755379847708974, 0.14601936891256795, 0.14614484403034786, 0.14513936042345432, 0.14516920926519827, 0.14594989066374003, 0.14489366334245335, 0.14423274334679678, 0.14432317017408383, 0.1447865563600243, 0.1455595527433046, 0.1440476798720691, 0.14417132793580412, 0.1436471319599201, 0.14308547044786427, 0.14330929524349145, 0.14367957385683341, 0.14311039245287108, 0.1436231650048908, 0.14279623033597164, 0.1431101854653971, 0.14243209028569775, 0.14296186475449157, 0.14292797749996888, 0.14213497390863286, 0.14285656338780459, 0.14230471328891361, 0.14122159922140565, 0.14252308594335306, 0.14104768481969482, 0.1410319103888254, 0.14171656969510998, 0.141534249178592, 0.14106242639319408, 0.14076996124741598, 0.1415393255001685, 0.1414786985851109, 0.14070551879869078, 0.13999972336181332, 0.14065123616856698, 0.14002786921213436, 0.139938121125036, 0.14015691641558572, 0.1399430689708697, 0.1398484546201444, 0.139375625896313, 0.13971599971702214, 0.13889022777888765, 0.13884867753068664, 0.13919389010180047, 0.13884828546726896], "dist": [0.027636530828363697, 0.009614602205215608, 0.009521406636734326, 0.00953532655983393, 0.01086659170652807, 0.014872581547709453, 0.007572989249491908, 0.006517387073324716, 0.005977525685307194, 0.005725612280617964, 0.00551245945293946, 0.0062752625773601686, 0.006197800532057662, 0.006046391356711659, 0.005906173562496196, 0.005732818926234717, 0.005589501122686808, 0.005538092960192213, 0.005417990717318795, 0.00533187610545695, 0.005203764070756733, 0.0050813700835959244, 0.005018695357339553, 0.004925085783645818, 0.004864796268563866, 0.004839356052874969, 0.004794532305731588, 0.00471337068863103, 0.004709086271533894, 0.004681479445303703, 0.004625264466485693, 0.004643398423388908, 0.004604620337823304, 0.0045437561772816, 0.004525307521390477, 0.00458372755273984, 0.004481369738351482, 0.004452953141759063, 0.004458600476878025, 0.004433895812054857, 0.004403342559082128, 0.004395614521910864, 0.004416309568605921, 0.004382869823350182, 0.004375843330357978, 0.004368686602324347, 0.0043387890568462525, 0.0044115064727579915, 0.004372820773153693, 0.0043344932747248184, 0.0042672375451974255, 0.00426826617774035, 0.004231345129097527, 0.004230666117559695, 0.004273016414669737, 0.004218058566909498, 0.0041887756313941545, 0.0042015247783270095, 0.004216708187350902, 0.0042662317608379964, 0.004169773666547168, 0.004197155298256595, 0.004173811668175186, 0.004141791308046961, 0.004156553867772398, 0.004168813422073279, 0.004140485237501121, 0.00417224639951715, 0.00414140969294741, 0.00414805075269264, 0.0041230743966908625, 0.0041419515792731655, 0.004137092035578803, 0.00410540549612798, 0.004134213692024405, 0.004104307251693502, 0.004060396162326691, 0.004115219563459001, 0.0040560344370299374, 0.004053045967676329, 0.004086962737696056, 0.004078512733624739, 0.00405673732419816, 0.004036218642932603, 0.004077892205739831, 0.004077633553765098, 0.0040401121820880315, 0.004008617992904945, 0.004033208881096263, 0.004007572339479007, 0.003996220535455627, 0.004018993752126746, 0.0040011223303456755, 0.00400068500183077, 0.003975613062659298, 0.003992435570869545, 0.003948767024657773, 0.003952364517242388, 0.003968606337917311, 0.003950646578917552], "mse": [0.07927221572645658, 0.05717724424125173, 0.057091067309877896, 0.056939546095875905, 0.05659111037278105, 0.05624303393385083, 0.056342806457988975, 0.056407403806155686, 0.05642962304426789, 0.05642213311426044, 0.056472710736833256, 0.06032139282436984, 0.05974196696012904, 0.059895611639124956, 0.059941084551978496, 0.06002543102317054, 0.06008550760775056, 0.060353215706797435, 0.060313540600251236, 0.06052443792319896, 0.060555725524881567, 0.060705076556438184, 0.06072672269413003, 0.060821732602452244, 0.06097752988844714, 0.06089536929874512, 0.06098227404839355, 0.06082676085842941, 0.06081500973007704, 0.060749009587255855, 0.06077174660770368, 0.06062833443724246, 0.06071453584988149, 0.060598561377918, 0.060552474292905854, 0.060504816252424584, 0.0604642683329223, 0.060422065206961584, 0.06040535851256534, 0.060327176015653496, 0.06022857834462577, 0.060466209825463975, 0.06020922989115405, 0.06024116263938091, 0.060395160780743626, 0.0601719449902919, 0.06032903538122663, 0.060243916448805494, 0.06017519119285058, 0.06030898042672494, 0.06010452325028014, 0.06015300285208701, 0.0600249287968108, 0.060021597044638726, 0.0599845227905091, 0.060021330914742134, 0.059928215935584186, 0.059821868912376015, 0.059824511414308494, 0.05979009731459477, 0.05986878433797173, 0.05979457713850668, 0.05975606628147503, 0.05973571715560058, 0.05973947324420008, 0.05977283493014523, 0.05977817209357701, 0.05973971391886341, 0.05958259446846329, 0.05962282077490491, 0.05956664721053671, 0.059679994048713055, 0.05965335141080521, 0.05964090608533587, 0.05965548960637835, 0.05971192757281278, 0.05960106517310685, 0.05964524204260842, 0.059503425281368295, 0.05957594863861315, 0.05952704692344722, 0.059549358892123844, 0.0595123909545878, 0.05961509778039142, 0.05954979233542785, 0.059519495242763655, 0.059529680956809876, 0.05946949423129837, 0.05953470875056491, 0.059497205257151645, 0.059522445727706486, 0.05943755746614105, 0.059490681916167146, 0.05944492901225562, 0.05944885743267427, 0.05945841512990843, 0.059480666233834696, 0.059439124646796085, 0.05938130674369226, 0.05946098580582279],