{"loss": [0.06263798428493025, 0.05305227851343824, 0.05083149960993664], "dist": [0.015346701668253502, 0.009765472262409933, 0.009704569459547518], "mse": [0.0626348249085985, 0.053052011816769266, 0.05083101804600685], "kld": [34.4077166794487, 22.407664861073346, 17.532231768970124], "l1": [0.03159280189516248, 0.002667294810883745, 0.004816358187132717], "mcc": [0.0, 0.0, 0.0], "epoch": [0, 1, 2], "beta": [0.0, 0.0, 0.0], "alpha": [0.0, 0.0, 0.0]}