{"loss": [0.10529811492432718, 0.08677964220876279, 0.08330735639385554, 0.0820417764912481, 0.0811480174764343, 0.08060446870067846, 0.08738066046134285, 0.09193058619032736, 0.0953823194037313, 0.09794366113517596, 0.10139130447221839, 0.10672824514948803, 0.11074332981005959, 0.11403697394806406, 0.11769295158593551, 0.12136285070491874, 0.12497010558843613, 0.12836755327556446, 0.13159422056830447, 0.13407325315734614, 0.13715718560892604, 0.14040644260852234, 0.1434246608355771, 0.1468498037820277, 0.1491722898379616, 0.1522395108834557, 0.15392192870378493, 0.15739139165567315, 0.16086889966674472, 0.16244922333437464, 0.1658340419245803, 0.16794809325881627, 0.169883940971416, 0.17275150161722433, 0.17552004964455314, 0.1769598944809126, 0.17963541956051537, 0.18266824908878493, 0.1846456396838893, 0.18564164436381797, 0.18850591732108074, 0.19073479590208633, 0.19355352049288543, 0.1938449895641078, 0.19616040374921717, 0.19846631195234216, 0.20141080154025037, 0.20274150850980177, 0.20573063311369522, 0.20647588530312413, 0.2056545083678287, 0.20576034416323122, 0.20636321111865666, 0.2049898802197498, 0.2043151142027067, 0.20511006376017696, 0.20470088754011237, 0.20481513583141825, 0.2019610316597897, 0.20330373398635698, 0.20240430266960807, 0.20413288795429727, 0.20298328936100007, 0.2021397105248078, 0.2014778016442838, 0.20218513066354005, 0.20328237170758454, 0.20141200811966606, 0.20082204642503157, 0.20159687316935995, 0.20083687344323034, 0.2011141635801481, 0.19997372476950936, 0.19934105326300083, 0.19969950028087782, 0.199631707486899, 0.19878996527713277, 0.2003582639797874, 0.20014536370401798, 0.19893937675849252, 0.19742256426292917, 0.19877145153024922, 0.1990081021837566, 0.19904724318048228, 0.19804650498473125, 0.1975454238705013, 0.1972900523569273, 0.198486049408498, 0.19780480568823608, 0.19857533869536026, 0.19782864891964455, 0.196270360013713, 0.19695206649925398, 0.19578507203122844, 0.196323737476183, 0.19687255346256755, 0.19783743241558904, 0.19619641060414522, 0.19558947322161302, 0.19601278999577398], "dist": [0.026641600544199995, 0.014646772497698017, 0.014699581167863116, 0.014690620201923276, 0.014605555286550003, 0.014536369328751512, 0.012697444106249706, 0.011090126583838593, 0.009919346252699262, 0.008828422519094919, 0.008344541876779302, 0.007707572637692742, 0.007325598218113832, 0.007020864137650832, 0.006838289421132725, 0.00672796827700475, 0.00668072402841695, 0.006569234031131086, 0.006500802723609883, 0.006365287832348891, 0.006301149308438534, 0.00629603397830025, 0.006252485773242686, 0.006275953837548909, 0.006169645754701417, 0.006159772273638974, 0.006027645981749115, 0.006052794337839536, 0.006092834846804971, 0.005966890129544165, 0.005987556725740433, 0.005918198100736608, 0.005859189856311549, 0.005842470139993922, 0.00582839328309764, 0.005736267874017358, 0.0057340136097501155, 0.005736362260725835, 0.0056844339325376175, 0.0055691506292509, 0.0055957024844120375, 0.005550970361041634, 0.005557738505708783, 0.005423092087730765, 0.005410758976055228, 0.005395274173225398, 0.0054199977360827765, 0.005349140241337211, 0.0053779166746560645, 0.005294159431334423, 0.005255712847346845, 0.0052596865481008654, 0.0052791872725862525, 0.005224977457167014, 0.005191746251657605, 0.005224582271488465, 0.005202337845997966, 0.005210946786581822, 0.005079598674631637, 0.005144989775574726, 0.00510080104774755, 0.0051968263907601, 0.005129007353325901, 0.005100057133594933, 0.005067604801658055, 0.005096262456930202, 0.005171716239951227, 0.0050682313145016845, 0.005051974867996962, 0.005092433536344248, 0.0050490025928972854, 0.005067635405727702, 0.00501752739691216, 0.004991762656718492, 0.005014774477433251, 0.005009864548464184, 0.004978751758437441, 0.005046616859896028, 0.00504050739797885, 0.004982543309097705, 0.004927159133974624, 0.00499532743924014, 0.004998495529770203, 0.005011207362555939, 0.004958889312718226, 0.004943150360461162, 0.004937468986229404, 0.004996312141985349, 0.004961346105631927, 0.004992259036263694, 0.004966735089926616, 0.004901649473315996, 0.004931674187436052, 0.004882116769642933, 0.004907259498925312, 0.004935798003216801, 0.004980765380694166, 0.004913940253141133, 0.004871990323147696, 0.004906427354916283], "mse": [0.10528445913739827, 0.08677603091882623, 0.08330319019763366, 0.08203741393659426, 0.0811431541779767, 0.08059955031975456, 0.08159496701282004, 0.08182838610980822, 0.0818330127130384, 0.08186736183321994, 0.08239532659883085, 0.08312016374391058, 0.08398237281519434, 0.08451479613780975, 0.08525489606287169, 0.08600239587866741, 0.08655687095030494, 0.08721312894769337, 0.08777481611656106, 0.08802658534568289, 0.08865880495828131, 0.08906203590009523, 0.0895524201185807, 0.08990917191557263, 0.09045984668576199, 0.09069261927967485, 0.09088559034078017, 0.0915915412099465, 0.09174703960833343, 0.09202840950178064, 0.09246908511804498, 0.09281955091849617, 0.09267923855263253, 0.09297589120657547, 0.09335463014633759, 0.0934382563440696, 0.09350563169821449, 0.09372407630733821, 0.09388252696265345, 0.09417365896960964, 0.09404693525770436, 0.09417481242314629, 0.09445325672626495, 0.09458650439977646, 0.09455849159023036, 0.09473886737357015, 0.09486871526293132, 0.09481871288755665, 0.0949561453902203, 0.09499202352503072, 0.09495947924645051, 0.09494502925354502, 0.09506492921839589, 0.09508392839328103, 0.09518201751553494, 0.09514021128416061, 0.09533961043409679, 0.095125074516172, 0.09507118454445963, 0.0951976673628973, 0.09541326842878176, 0.09528249868880148, 0.09533908562815707, 0.0952755433709725, 0.09533393389504889, 0.09541541266700496, 0.09528517408215481, 0.09546475440263748, 0.09536102008560429, 0.09541917807382086, 0.09552106153705846, 0.09555016665355019, 0.09547471201938132, 0.09564462078654248, 0.09555462168610614, 0.09558913350105286, 0.09534504014512767, 0.09553228511758473, 0.09555993764296822, 0.09558377587276956, 0.09547989285510519, 0.09543625270542891, 0.09563009683204733, 0.09560656646023626, 0.09563205982032029, 0.09552981699290483, 0.0954948288720587, 0.09546500598606857, 0.0955489491250204, 0.09565488325512927, 0.09558401403219803, 0.09545420436755471, 0.09563253537468289, 0.09551536527664765, 0.09554577012424884, 0.09554930856694346, 0.09556699019411335, 0.09549723170373751, 0.09562402016442755, 0.09558774129204128],