{"loss": [0.06864983774721622, 0.05592342260425076, 0.05370185488800695, 0.05169333254724193, 0.05086902411300346, 0.05011733208834394, 0.27870489711776103, 0.3388460557793547, 0.41316568120125613, 0.4840460840178414, 0.5608921010801398, 0.6620720299475032, 0.7413580591327573, 0.8237512848494243, 0.8939934157155043, 0.9615534765223053, 1.0259044080789834, 1.091688539352885, 1.1671736657253804, 1.2256475822325865, 1.2841932927172608, 1.3529512330066937, 1.43358575200742, 1.494754282974758, 1.548850994168615, 1.6203423255791694, 1.673309711956539, 1.7577947550024724, 1.816222290319899, 1.8845333040126262, 1.9495874369071304, 2.0219434240113006, 2.056872925875377, 2.1515794418340812, 2.185083660245673, 2.255856260931565, 2.3211549717955795, 2.3977905756856766, 2.438800796774999, 2.5137696094308164, 2.572665144329422, 2.6329162632760825, 2.6968311949010277, 2.75182608373326, 2.837840644859829, 2.8822913879265815, 2.9311035257175657, 2.982876924649338, 3.0701581195819596, 3.1189746798181828, 3.1282132651908268, 3.1180965600569555, 3.090256933785655, 3.0963837537297443, 3.0914063578003024, 3.0902914211062567, 3.1054623814448257, 3.0758847517469907, 3.069041369151484, 3.0882576148202814, 3.076759812290683, 3.0403955384997503, 3.0392654841662914, 3.0280660098315746, 3.0481213689581748, 3.0077110514319014, 3.0305171298103097, 3.0262323391218127, 3.0170754172319283, 3.0009951298953563, 2.996956417165651, 3.0154671924977214, 3.002822646334127, 2.9769823339087833, 2.9914235169170826, 3.0030104653235594, 2.97767613489935, 2.965584692779494, 2.9571174405103813, 2.9518079092166176, 2.97585210624648, 2.972181718773637, 2.961863230342514, 2.9680036650113535, 2.920726544286576, 2.9490530205650565, 2.924783678142571, 2.9732047919115407, 2.9442920085111277, 2.9204897500254625, 2.9343712044639823, 2.9351236110815973, 2.9017773435159695, 2.921253472018096, 2.9422358691326678, 2.931593418121338, 2.903621235508129, 2.896111519058789, 2.9099936412155993, 2.9224418277389432], "mmd": [2.3394111577718535, 2.157504376458244, 1.8843103376634283, 1.6514398854203018, 1.5694608348278911, 1.4933304369815288, 0.396156065943051, 0.2641996385678192, 0.22917383168738312, 0.2107202614103358, 0.20160064764000887, 0.19687765617312097, 0.1909821001024334, 0.18899132868994964, 0.18518423535889644, 0.1814319464875145, 0.17778975589692228, 0.17482153906778325, 0.17395135097525602, 0.1707471346288371, 0.16786026278156443, 0.16678011636792517, 0.1673716619336532, 0.16551740513257454, 0.16298253148611339, 0.16276685201043, 0.1606321098522906, 0.16163342096414302, 0.16024791309895692, 0.15992036146437463, 0.1590602426258333, 0.15898104955905054, 0.1559000277171837, 0.1578410890844702, 0.15499332064956975, 0.15504123083104385, 0.15459855881296783, 0.15507128885004418, 0.15309879259189213, 0.1534839691422834, 0.15281136893878686, 0.15217378833816828, 0.15186316115450274, 0.1511368116398165, 0.15208243087299764, 0.1507397703597882, 0.14964748164810285, 0.14878381484765216, 0.14985381818713586, 0.1488944242017035, 0.14930065255040773, 0.14883976886791686, 0.14739251223627042, 0.1477251944640663, 0.14749177641298142, 0.1474777144705591, 0.14825189774113198, 0.14679245829033705, 0.14643456759445506, 0.14741679660381715, 0.14677470849335558, 0.14496986334857764, 0.1450190938597808, 0.14450062276578388, 0.14545924899859664, 0.1434796609304434, 0.14459874124431904, 0.14436602779875504, 0.14388244823078436, 0.14306988484837527, 0.1429486023547825, 0.14384892123517085, 0.1432827434565392, 0.1420135924969714, 0.1427298435495675, 0.14328885078430176, 0.14204399854493288, 0.1414750983561475, 0.1410147033266129, 0.1408357032420445, 0.14197860173652507, 0.14174005693178968, 0.14123147358100838, 0.1415399164189956, 0.13918731414193025, 0.14066015314196517, 0.13944036179890662, 0.14186917887600653, 0.14034989869302036, 0.139244301644571, 0.13990274489931534, 0.13994979764694818, 0.1383145832073835, 0.13926040525176775, 0.14027124122242254, 0.13977619342825895, 0.13835342660363467, 0.13799010457162478, 0.1386554740323611, 0.13931752755049548], "mse": [0.06863717573689171, 0.05592088785273897, 0.053699058166310834, 0.05169020571454537, 0.05086578264192569, 0.050114072333632805, 0.09847524610170923, 0.0985739505592665, 0.10054484299995417, 0.10081759255173747, 0.10260907839412338, 0.10417679754411516, 0.10589459974981524, 0.10739853623911647, 0.1092328909853119, 0.10980768108660457, 0.11154666264181488, 0.11273986606235885, 0.11436293504995071, 0.1139872788560171, 0.11573207748631027, 0.11617171384988387, 0.11605196843849369, 0.11679372152576417, 0.11693189087455258, 0.11760915927817485, 0.11861102168728238, 0.11894023402428335, 0.11864348900921505, 0.11931238440008252, 0.11894442605003258, 0.12031162765585572, 0.1207900670774144, 0.12026378372969802, 0.12061773128579, 0.12047835903390786, 0.12148056069583249, 0.12151347898358217, 0.12167617946040411, 0.12252000682741586, 0.12164123927705858, 0.12196876805709915, 0.12263872673266504, 0.12258611962290629, 0.12312752751210716, 0.12316289784078217, 0.12383004879019012, 0.12381742819229517, 0.12334761117225045, 0.12343324528881378, 0.12314677078482564, 0.1228773009283411, 0.12360320759057267, 0.1238375274590188, 0.12327677671986123, 0.12281019702279494, 0.1230654320193946, 0.12369484237275241, 0.12396324188248511, 0.12338336127484503, 0.12367454399726142, 0.12411064302628758, 0.12415057969239592, 0.12375847366781323, 0.12424467743997193, 0.1240159676987335, 0.12415928528444167, 0.12427890899539726, 0.1243980096116022, 0.12434885157215084, 0.12400367442358491, 0.12446083539834052, 0.12419028689890552, 0.1238105669160562, 0.12348212710827407, 0.12376351636245939, 0.12443176103881531, 0.1240632305710228, 0.12404380978707887, 0.12395576005972968, 0.12413882539590444, 0.12437798882737482, 0.12471726843001653, 0.12467281705488456, 0.12392772247363454, 0.1236027624983729, 0.12417512684146319, 0.12390898259505173, 0.12445581185580032, 0.12404546125626272, 0.12367262321015808, 0.12454680376257633, 0.12393598194502614, 0.12458631645408144, 0.12499215193321368, 0.12461894092384292, 0.12425976907091638, 0.12442679246144792, 0.1244353076523067, 0.12398995584779722],