{"loss": [0.0626417597263303, 0.05300208621354364, 0.050831012790981386, 0.050006970135905014, 0.04961140610090563, 0.049393251307165605, 0.2865633433643437, 0.396606515174074, 0.515465589006331, 0.6321904094479813, 0.7526498828716081, 0.894228317008589, 1.0138758058209891, 1.1270278964296225, 1.2368062862265232, 1.3453245687696043, 1.4557315181594128, 1.5739562914677878, 1.6928865610232557, 1.784290106116933, 1.9137125450187806, 2.012526392584537, 2.134654671085814, 2.2439344012050544, 2.3493223678062023, 2.4571825647988033, 2.573711684042453, 2.6887284621178136, 2.775371046502974, 2.9038971805149907, 2.976286567296376, 3.0946876171596647, 3.231485776041952, 3.3153629246631438, 3.4229885126674544, 3.522733240043043, 3.621789156422129, 3.7474191643110584, 3.8487973963316295, 3.9376104170321713, 4.037064871020296, 4.156961936189998, 4.253582637102248, 4.345019879686252, 4.45680852443464, 4.592886336973182, 4.6884678663848245, 4.797972163562409, 4.881107058447609, 5.026872846541412, 4.9778235412947005, 4.978659165662712, 4.970202777727316, 4.978752635254289, 4.9703616148612, 4.969654819285676, 4.94609616179586, 4.940090229803562, 4.959256743398692, 4.952050423164311, 4.927568409256252, 4.909014753259972, 4.922457194222657, 4.925841506510048, 4.914363220135958, 4.894484384373337, 4.899634720831889, 4.924047607790948, 4.900123060189815, 4.902629674449453, 4.9076954346463815, 4.9005054374565225, 4.906415201888655, 4.874651071063877, 4.876349479796439, 4.879107147059025, 4.8694452640753205, 4.862476562643685, 4.873530392456618, 4.865466932074182, 4.847017835831184, 4.8481186344845435, 4.825583309331356, 4.852862808165558, 4.840897481585888, 4.826047064458602, 4.8396381437338265, 4.833325651230805, 4.832865927032741, 4.835089429970858, 4.835698080203734, 4.804396203560878, 4.813063912764962, 4.800346885861463, 4.823999540140217, 4.8188889308377245, 4.775696874545279, 4.803808985996105, 4.793022956946752, 4.8030391457866175], "mmd": [2.3457401658090564, 1.8689987266785637, 1.6335677327574445, 1.5535041637927778, 1.5156109778532425, 1.4973950923105463, 0.4281956857645353, 0.3349078754554647, 0.30932307274161974, 0.295195662926888, 0.28843363355762675, 0.28429207401666545, 0.27889708512114636, 0.2742064859129301, 0.2702689066287158, 0.2669600609530374, 0.26441640650063886, 0.26409525011543683, 0.2639871840550945, 0.25934984230132363, 0.26095269257244014, 0.2581708387002635, 0.25878952170668534, 0.25771189779263304, 0.2562784936878847, 0.2553320158619648, 0.2554920751551934, 0.2552034028611824, 0.25234889948913936, 0.253625177606346, 0.2499839184995592, 0.25037606335637136, 0.252221089764395, 0.24984198502723012, 0.24940099412000338, 0.24835428199352508, 0.24733894372268125, 0.24825551601861393, 0.24751901965549813, 0.24599297120176708, 0.24513015806939084, 0.2456946209887458, 0.24480709807735426, 0.24367277357215544, 0.24369661694879546, 0.24514104454520885, 0.24426822252076344, 0.24417746190306355, 0.24272005259990692, 0.24448815569215546, 0.24207591455831484, 0.24203543549890533, 0.24165081645484512, 0.24202451468658587, 0.24170144861962983, 0.24161319698769726, 0.24046722422058156, 0.24016122530975229, 0.24109743097508146, 0.24069588779962925, 0.23941755567730968, 0.23854840591968074, 0.2392471335399098, 0.23937840407584934, 0.2387769412430914, 0.23782353642420015, 0.23803510289072463, 0.23933893290280944, 0.2381052313210165, 0.23818597516686033, 0.23839101525494055, 0.2380703824353535, 0.2383292255760824, 0.23678895602198083, 0.23687812853246884, 0.23693839954748816, 0.23659986473256764, 0.23619535787683119, 0.23674090217628366, 0.23639074674473204, 0.23544117608045723, 0.23551273988656138, 0.2344331568329866, 0.23569562203598868, 0.23514561898775255, 0.23430875685489688, 0.23505664140294186, 0.23470133848961558, 0.23474437557435987, 0.23478044710360038, 0.23479842208600996, 0.23332302976658284, 0.2337231308750071, 0.23306837094675315, 0.2342718913821033, 0.23403934727215167, 0.23178679549975797, 0.2332270873966386, 0.23267538962195156, 0.23316088633576032], "mse": [0.06263429577981, 0.052999056270414825, 0.05082761298210265, 0.05000333687183248, 0.04960753316365105, 0.049389402823663005, 0.09180382448778195, 0.09204720060837673, 0.09355624045411805, 0.09536558238891238, 0.09698167891190711, 0.0984954450670162, 0.10001517419580871, 0.10150237895405274, 0.10333372282752963, 0.10523906963130396, 0.10654843673440167, 0.10717697259990644, 0.10722929705897322, 0.10952165699735879, 0.10970182013608504, 0.11199023838717617, 0.11240636763139525, 0.11183898891576811, 0.11296372841961098, 0.1141789522313649, 0.1148095392296022, 0.11529641381658867, 0.11515992899677074, 0.11576658925330445, 0.11626255545253415, 0.11621124202734963, 0.11639787064125126, 0.11628528771319453, 0.11673546691412763, 0.11675542276049998, 0.11753313394161588, 0.11771481650354591, 0.11820333698651639, 0.117688013650642, 0.11831221649178374, 0.11844966432940837, 0.11856250665212488, 0.11874642343077385, 0.1182379261693715, 0.11869624943817736, 0.11905056916100236, 0.11934130637737285, 0.11915308166641957, 0.11939051664782416, 0.11918196824972176, 0.11972709588893583, 0.11947514158584166, 0.11988776183771066, 0.11982361165644323, 0.12021131615430954, 0.12007650695576097, 0.12005604302821518, 0.11939794974101699, 0.11993663692007742, 0.11959164517008572, 0.11997083860670975, 0.12041613618063257, 0.12056570846802023, 0.12037656123872345, 0.1206056488735637, 0.11995073555359284, 0.12044538614756951, 0.12013127548039576, 0.12115553260245739, 0.12117599924830953, 0.12066555199277983, 0.12114783322529392, 0.12063666669709644, 0.12028072371616673, 0.12060593417467359, 0.12040452204611664, 0.12119384322375984, 0.12107037021015032, 0.12136710453861045, 0.12087656338554717, 0.1214431366791049, 0.12100920208799962, 0.1209021951656574, 0.12075446142183625, 0.12117107142109639, 0.12105710597563, 0.12121076367938537, 0.12115393509672875, 0.12189430814990265, 0.12155486269134538, 0.12121180283178079, 0.12157213781441684, 0.12158546688109416, 0.12166634834807592, 0.12195395555022548, 0.12186211654627517, 0.1220339627240398, 0.1219172989027891, 0.12214258877750338],