{"loss": [0.1005964404470019, 0.05920769854213498, 0.058438344062079005], "mmd": [2.3792922496795654, 2.435803478542424, 2.4412287943824533], "mse": [0.07937312816741547, 0.05718559634210088, 0.05709539776450598], "kld": [0.11453674303125617, 0.32579348532364677, 0.8283593237312012], "l1": [0.004137290822736853, 0.003316111452024612, 0.0029756372347075157], "mcc": [0.02080958342094365, 0.0016904910875035883, 0.0010453825335030719], "epoch": [0, 1, 2], "beta": [0.0, 0.0, 0.0], "alpha": [0.0, 0.0, 0.0]}