{"loss": [0.10010972136474783, 0.05886151910686598, 0.05816671786007184, 0.057474991859678325, 0.057090596184464645, 0.05665816053021782, 0.062197221594379785, 0.06603094089110458, 0.06930138672010057, 0.07276842521401769, 0.07609644008902186, 0.08176354048127085, 0.0859633939591081, 0.09024098880886151, 0.09333052474075441, 0.09618769119462023, 0.09965542388015167, 0.1033392758321903, 0.10560662709891884, 0.10931001302058446, 0.11185976353362533, 0.1146975938819536, 0.11833565586426761, 0.12057154253675455, 0.12329029773899865, 0.12570909942270558, 0.12965883820852817, 0.13101548773059113, 0.13422246018708017, 0.1371222892157084, 0.1391946617156223, 0.1429187684722982, 0.14526517361270447, 0.1474438773102211, 0.14974395884544847, 0.1542965149399625, 0.1560008517594422, 0.15830617624732557, 0.16136025686912028, 0.16341498256434014, 0.16629009375808157, 0.16907208520737496, 0.17224136241429666, 0.17496283866322024, 0.17870120054861996, 0.18118786582918603, 0.18332013827879284, 0.18890894566452132, 0.19006063761616035, 0.19340094297772145, 0.1910383591051468, 0.19126277701981487, 0.1895545579195903, 0.19067872170375405, 0.1912754144591102, 0.18977598477281532, 0.1886089913425981, 0.1887113986704691, 0.1888383525138944, 0.19014119941251492, 0.18751325228277654, 0.18840467753755466, 0.18762131333571241, 0.1864537173549217, 0.1874411983121093, 0.18752952296413383, 0.18676896361383766, 0.18721607646614621, 0.18633982993695372, 0.18673263687194713, 0.18535336408560527, 0.18614963527928427, 0.1865468771366108, 0.18461260354721387, 0.18516621310566517, 0.18440528145745022, 0.18386559130037905, 0.18467006407557068, 0.18269040107594986, 0.1832692605199807, 0.18355303462402156, 0.18350983144745692, 0.18257312140973667, 0.18250904631755552, 0.18334957390495382, 0.18352727900139515, 0.18223813924514737, 0.18133056591893582, 0.18165734197883873, 0.18154141403723678, 0.18066827311253442, 0.18185990423712456, 0.18103095003165734, 0.18089460426366488, 0.17996940166418451, 0.18090835501999764, 0.17996829682121954, 0.179629846493902, 0.18075208631144668, 0.17984777466673266], "dist": [0.027636530828363697, 0.009614602205215608, 0.009521406636734326, 0.00953532655983393, 0.01086659170652807, 0.014872581547709453, 0.0074577218312302405, 0.00648474198610603, 0.005920438787540864, 0.005682253005723173, 0.005483217062800022, 0.0053366572988884, 0.00521878781762838, 0.0051803812566880506, 0.005044879487397884, 0.00490280218969926, 0.004888867335689792, 0.0049024196360549135, 0.0047931735612936266, 0.0048197025897124424, 0.004737784640665443, 0.004685049645631592, 0.004713530515346736, 0.004639908126101415, 0.004588909668502628, 0.004540620671937372, 0.00457655098303008, 0.004484847023948323, 0.0044878073926723425, 0.004473209445243715, 0.0044132376719400995, 0.004457028885853464, 0.004418350371671084, 0.0043802083402176, 0.0043436484717443435, 0.0044207744879174865, 0.004354093848360342, 0.004324894914667685, 0.004339174487685821, 0.0043021931859459645, 0.004306878318509398, 0.004288195108615159, 0.004304677862577702, 0.004293658503570609, 0.004323804443578292, 0.004311181542785506, 0.004283854598076285, 0.00437806966539852, 0.004316865023400254, 0.004326018161742922, 0.0042577548536500915, 0.004264012191126858, 0.004220227238363098, 0.004253021823833841, 0.004278629424292566, 0.0042245011792849734, 0.004191088151431572, 0.004209117166714487, 0.004213178165613274, 0.004255666439641581, 0.004168057977256298, 0.004203443486481476, 0.004179592534591564, 0.0041419289991716296, 0.004177104759283166, 0.004180275411737128, 0.004156853121009269, 0.004172149330289536, 0.004152068392644627, 0.004162747814269128, 0.004123853263857897, 0.004147446619249066, 0.0041621980844395706, 0.004101869443492025, 0.004117325385599129, 0.004091994640206921, 0.004078821869783015, 0.00410886189850127, 0.004050797408486564, 0.004066220409184573, 0.0040779399241567035, 0.004074667837330452, 0.0040454055841921376, 0.0040433201312941765, 0.00407332794976722, 0.004080861634567952, 0.004039518322253619, 0.004016015392678626, 0.004022360901263002, 0.004018351646137466, 0.0039890181899835606, 0.004037997984063249, 0.004007119761760645, 0.004005296732900194, 0.003974869816345293, 0.004007489716068758, 0.0039744699809581945, 0.0039660889195193, 0.004005198067905687, 0.003973606809494987], "mse": [0.07927221572645658, 0.05717724424125173, 0.057091067309877896, 0.056939546095875905, 0.05659111037278105, 0.05624303393385083, 0.05650425148217153, 0.05660971117094489, 0.056680144623824376, 0.05669789593474199, 0.056804870677619426, 0.05727657630621418, 0.05778261226776608, 0.05821324552531785, 0.058571586767803094, 0.0589199398191676, 0.05923936205147112, 0.05937237405882628, 0.05954326012418048, 0.059762185739361554, 0.05978994506742789, 0.059985414879228725, 0.060075743616375646, 0.06013781464544498, 0.060247781071564296, 0.060197927052240426, 0.06034164954433589, 0.06024244827723221, 0.06033522891021021, 0.06033967938851923, 0.060395134401066086, 0.06038643818134043, 0.06037281307789388, 0.06040737932572689, 0.060357925563258294, 0.06044578158807015, 0.060475655466846384, 0.06041634878476578, 0.060421478003263474, 0.06037444832075822, 0.06029632345304179, 0.06046552800379441, 0.06028923519957189, 0.0603670420749677, 0.06051651104470299, 0.060287944856959576, 0.06045935135692402, 0.060348880123704714, 0.06033511933054846, 0.06046686466216513, 0.060316220179002074, 0.0603905939820334, 0.060302012328999434, 0.060323412179330606, 0.06033983150912529, 0.060325218680998424, 0.060261562053923065, 0.06018429797038194, 0.06018088328785523, 0.060081444878785965, 0.06019484257240239, 0.060148412138883965, 0.06007347669744069, 0.06013516264594816, 0.06009707513486793, 0.06014772608017816, 0.06013662180418982, 0.06012072212212723, 0.059966444407907514, 0.06003029067261885, 0.059962923992067534, 0.06003378465925749, 0.05999640702783093, 0.05999450673358831, 0.059980765970057894, 0.06008946591303126, 0.060000532552974085, 0.05998221837105216, 0.05988169821361671, 0.059944877788930734, 0.05989911838089346, 0.05986274046991213, 0.05982798993851621, 0.059933570905573434, 0.05987389207414545, 0.05985334535381114, 0.059860465274999906, 0.05983259530526144, 0.05985708427415993, 0.059816666926908, 0.05983754221014293, 0.059723687896084045, 0.05973988778041772, 0.059742932789787054, 0.059685816154698326, 0.0596938412829111, 0.05972281486852483, 0.05968892708024563, 0.05968968610401696, 0.05975648062510011],