{"loss": [0.0626417597263303, 0.05300208621354364, 0.050831012790981386, 0.050006970135905014, 0.04961140610090563, 0.049393251307165605, 0.2865633433643437, 0.396606515174074, 0.515465589006331, 0.6321904094479813, 0.7526498828716081, 0.8738146628551681, 0.9895227943248551, 1.1023062204328562, 1.2231323579037383, 1.3351305270652827, 1.4389207305020737, 1.5533071911317382, 1.6752834466218596, 1.7782779139641294, 1.896371682778419, 2.0140776822626854, 2.124496748563634, 2.226055193686943, 2.328462901108374, 2.443817456856788, 2.5621060022047035, 2.660474236641888, 2.7790212117058486, 2.8902089303494205, 2.975445699480471, 3.106351521730071, 3.2263491604493675, 3.3153609708281704, 3.4197213854007917, 3.5041522141573522, 3.6200069423264205, 3.7500735537164145, 3.8487959239120144, 3.9232626295864494, 4.035022177759618, 4.16464629377537, 4.261400592908197, 4.346442789235531, 4.454073368886725, 4.587364202412052, 4.684359383195683, 4.801719412669826, 4.889186721080515, 5.017534905381534, 4.981636714724001, 4.973297200139552, 4.958983329057341, 4.962888233770824, 4.969191406114767, 4.956483345440255, 4.947969913130497, 4.942357373906732, 4.9504199975350405, 4.971164040586621, 4.923816703799204, 4.910081305919405, 4.928329860442146, 4.913445333258264, 4.914995809073286, 4.899624626252641, 4.888617713483081, 4.913743512140948, 4.915762322692082, 4.90826775333906, 4.920071025718791, 4.899744936775422, 4.900628919967696, 4.863369494104315, 4.870413927771316, 4.87972478570755, 4.888651055458554, 4.850968352096648, 4.8776221969103, 4.846817021884101, 4.865492790101022, 4.851326653665066, 4.836793058908144, 4.83869733063826, 4.84004949819038, 4.833783331790738, 4.825344268469197, 4.842219630231534, 4.85102800498861, 4.808620791315504, 4.81669494320406, 4.797465437448183, 4.799222798960248, 4.7953971552179695, 4.806804325591162, 4.807718513283103, 4.77240001433357, 4.788324713178716, 4.806158241176183, 4.788545048571407], "mmd": [2.3457401658090564, 1.8689987266785637, 1.6335677327574445, 1.5535041637927778, 1.5156109778532425, 1.4973950923105463, 0.4281956857645353, 0.3349078754554647, 0.30932307274161974, 0.295195662926888, 0.28843363355762675, 0.28236386109490164, 0.27713293204719597, 0.2725603012822051, 0.2712243599940966, 0.2683448807791734, 0.2642492966690655, 0.2629377589488135, 0.2632924935270095, 0.26028337412165753, 0.260209930678238, 0.2598039709482799, 0.2587571557682761, 0.2567067454669465, 0.25497165804335425, 0.254841826118782, 0.2549792860952403, 0.2532379462588661, 0.2534208560976003, 0.2529788015512103, 0.2503152713509747, 0.2517294978593618, 0.25213300673348865, 0.2501703349535011, 0.249344510883313, 0.24718970051544278, 0.24736654982961262, 0.24858859011922665, 0.2475820422348631, 0.24508089247535214, 0.24503879119233507, 0.24610303679104217, 0.24521079472372065, 0.24363850959558783, 0.24349331353932752, 0.24467570993889734, 0.24382682683901033, 0.2440845427520166, 0.2428827013275648, 0.24384704830903597, 0.24206049694092271, 0.24154991754488897, 0.24086240757163202, 0.24103427329478974, 0.2413179310289056, 0.24060180142763973, 0.24015241801914824, 0.23995776459068457, 0.24031540284832964, 0.24121319365025976, 0.23891473421758175, 0.23833056646048406, 0.2391368943752179, 0.23831031281099363, 0.23845403801039014, 0.23764359755125145, 0.23708105881862132, 0.23836998366358714, 0.23845034320474198, 0.23797995472764336, 0.23857428441635792, 0.23748858957558297, 0.2376005659031199, 0.23579988196118015, 0.23610040758966166, 0.2365013560393008, 0.23707367594256182, 0.2351720399791416, 0.2364469905943779, 0.23478383226443958, 0.23570072239311618, 0.23499617086203448, 0.2343679014345744, 0.23441898488223642, 0.23439324806764875, 0.2339630273103362, 0.2335225596605763, 0.23450821387186713, 0.2349671953670031, 0.2328523703832922, 0.2331395618716582, 0.23211898356455996, 0.23229929729965976, 0.23217118220015853, 0.23270911680454692, 0.2327409483481369, 0.23090097673534465, 0.231727944739284, 0.23246921521874264, 0.23167894807048528], "mse": [0.06263429577981, 0.052999056270414825, 0.05082761298210265, 0.05000333687183248, 0.04960753316365105, 0.049389402823663005, 0.09180382448778195, 0.09204720060837673, 0.09355624045411805, 0.09536558238891238, 0.09698167891190711, 0.09802463317243176, 0.0989503375580603, 0.09972793870829762, 0.10055022071524244, 0.1014201699300742, 0.10245961802660802, 0.1025217507733376, 0.10214046995255936, 0.10463568567129146, 0.10421834496486838, 0.10667982799836065, 0.10634072197592945, 0.10581115720191066, 0.1068618110156834, 0.10690622425678034, 0.10728095954991161, 0.10719303744934511, 0.10841749085765469, 0.10739477082228555, 0.10903186086933933, 0.10939245466335486, 0.10893451076886855, 0.10928643196601107, 0.10987026508528866, 0.10997394730984901, 0.11064433644317982, 0.11074822960611284, 0.11200553101750209, 0.11117406760616176, 0.11114563165642487, 0.11179126248842151, 0.11177357666997825, 0.11215997454290728, 0.11222358009443678, 0.11198678031629791, 0.11320453859106301, 0.1127595374996236, 0.11301017253270354, 0.11341316927571064, 0.1129389380708755, 0.11338354587731016, 0.11408400490461812, 0.11355085158101565, 0.11370320363930445, 0.11348160381595353, 0.11303693071513972, 0.11407283596705475, 0.11365263549228538, 0.11361708851913582, 0.11395317623102859, 0.11472106343093968, 0.11422466250078717, 0.11481593658203916, 0.11476700053037181, 0.11481973376989013, 0.11428434443570662, 0.11470318878374917, 0.11357548785570629, 0.11520663605923138, 0.11543240588560062, 0.11460069427197934, 0.11538324829746736, 0.11535952601202129, 0.11476664218715939, 0.11461011753960938, 0.11524309650437695, 0.1148989207525373, 0.11490485367077669, 0.11521953210080568, 0.11466210753694067, 0.1154614686305625, 0.11582476000798153, 0.11513445694742386, 0.1153918511428192, 0.11659721282903694, 0.11582136193793845, 0.11665808441367777, 0.1164916362420847, 0.11734115534862352, 0.11657181970962217, 0.11645721900586363, 0.11638494650317435, 0.11666216235745429, 0.1160642005822331, 0.11671621782740955, 0.11645702512568878, 0.11643855689723523, 0.11656869010259693, 0.1174416069045905],