{"loss": [0.08016161484151331, 0.057972477140947845, 0.056927702919287025], "dist": [0.017688705863780515, 0.013685704687296617, 0.01715276829287564], "mse": [0.0661958520805554, 0.05645588755695647, 0.05590942898212191], "kld": [1.119621142180997, 3.599038360390036, 4.607672580059734], "l1": [0.01814372528707567, 0.014412649473838475, 0.014523405592030181], "mcc": [0.013947619205035346, 0.0015021769475725589, 0.0010037504939948438], "epoch": [0, 1, 2], "beta": [0.0, 0.0, 0.0], "alpha": [0.0, 0.0, 0.0]}