community,avg_in_degree,avg_out_degree,n_tfs
0,2.5,3.5,20
1,2.8666666666666667,3.533333333333333,15
2,3.2,3.2,15
3,3.25,2.7,20
4,3.588235294117647,2.4705882352941178,17
