{"loss": [0.06263798428493025, 0.05305227851343824, 0.05083149960993664, 0.04999332191034645, 0.049605091398188424, 0.049377317756326373, 0.05356245857706098, 0.056327179558520124, 0.05842561449751016, 0.06023084403647102, 0.061713189172779966, 0.07544944904183355, 0.07553846827065751, 0.07756423310788027, 0.07927651126130293, 0.08118190336284645, 0.08262805835491092, 0.08485466098767792, 0.08589600548258208, 0.08816668253661611, 0.08940207852570661, 0.09126066399994065, 0.09260402232452544, 0.09438184398932153, 0.09549301864917732, 0.09713345398490855, 0.09943791619739997, 0.10084496426397448, 0.10191141088744915, 0.10417904558438847, 0.10529558353973456, 0.10678586849125661, 0.10867784069947337, 0.10952155564965314, 0.11112079797986692, 0.11294528682395662, 0.11424360626777483, 0.11535251078964864, 0.11746984590367693, 0.1182455182779839, 0.11985305441403142, 0.12150850537696653, 0.12267713565682027, 0.12459696649932792, 0.1264964006015786, 0.12766338975073843, 0.12873239480674356, 0.13056047149607844, 0.13182663491636823, 0.13308820073414412, 0.13185515550778218, 0.13117873886575374, 0.13161058605069423, 0.13163376360735476, 0.13060813630481238, 0.13065534153268116, 0.1296565829717074, 0.12970664181596595, 0.12979119607801803, 0.12919957493397474, 0.12871909417773278, 0.12835465964793807, 0.12906198388452544, 0.12777343259208135, 0.12824168497561705, 0.12701415832937205, 0.12688622215385803, 0.1267959332448517, 0.12659116853111074, 0.12564833145285992, 0.1258595278115181, 0.12707440345995183, 0.12684019226883503, 0.12563888692301167, 0.1251642138008001, 0.12507995809022573, 0.12444241888590014, 0.12495613329255599, 0.12437383482780202, 0.12408515188067139, 0.12388800782326229, 0.12298311667304976, 0.12410610138357478, 0.12395272833161727, 0.12321703641110016, 0.12275871903012386, 0.12260003658658117, 0.12242362009941915, 0.12243617455883604, 0.12185515461151146, 0.12113442084857949, 0.12196444964347244, 0.12157139164482297, 0.12149796301452237, 0.12123842725593548, 0.12062858879302066, 0.12095809366933705, 0.1203796381194095, 0.12115439595420745, 0.12017363587193511], "dist": [0.015346701668253502, 0.009765472262409933, 0.009704569459547518, 0.009809880417343807, 0.009763961351453224, 0.009743151541089465, 0.008150629543780489, 0.006866893235819642, 0.0060693942927968645, 0.005548068126897428, 0.005016388678015313, 0.005087134090941427, 0.00497129128556671, 0.004924002316906949, 0.004783117680423831, 0.004708614299229265, 0.00455682836246004, 0.004564336700532778, 0.00443256802618245, 0.004419901042157286, 0.004359957020753167, 0.004319854097872796, 0.004262591608486343, 0.00423029567678342, 0.004135704506635721, 0.004115719124303368, 0.004149446680218785, 0.004095510626418112, 0.004033562329190575, 0.004053179170534653, 0.003999958493185548, 0.003982418052201466, 0.0039844489776759105, 0.003911449798854671, 0.0038955723113645877, 0.0039024075377660982, 0.0038664867147800556, 0.0038211702759841258, 0.003842247648135741, 0.003785616886751118, 0.003777563965540968, 0.003769630593924537, 0.0037370371995796414, 0.003733477302437629, 0.003745603652676482, 0.0037236191835144376, 0.0036923246684469053, 0.003697595401031503, 0.003676499447481297, 0.003648833768921003, 0.0035964385542724187, 0.0035676025388971457, 0.003587725442631976, 0.003585096076543565, 0.0035339449209049675, 0.0035418525299998316, 0.003484995296277227, 0.0034947487497440865, 0.003509692619884857, 0.0034775320692276763, 0.003449217759229606, 0.003435480144587476, 0.003467485799586216, 0.0034094420177421835, 0.0034306725795605003, 0.003377580783774243, 0.0033661904394010323, 0.0033668018181077816, 0.0033602543602363265, 0.003316201860129151, 0.0033304562846864496, 0.0033838962735415626, 0.003375071042425039, 0.003317914701973472, 0.0032877268036139613, 0.0032878237842833913, 0.0032532480555659427, 0.00328489306776274, 0.003256308203913888, 0.0032480485989069747, 0.0032397401133934627, 0.003190279727116601, 0.003242231827391589, 0.0032380249401474676, 0.003206369211722545, 0.003180718131258842, 0.003176608209723835, 0.0031694226136136706, 0.0031709531590375538, 0.0031351002469380967, 0.0031066948129758348, 0.003143161578080514, 0.0031307974503206383, 0.003122491126830526, 0.003109505163275938, 0.0030911308149236256, 0.0031004519845968443, 0.003074311872598945, 0.003108064720043954, 0.003062703606481368], "mse": [0.0626348249085985, 0.053052011816769266, 0.05083101804600685, 0.04999272968273395, 0.049604426552177006, 0.049376528490021096, 0.04985517140703504, 0.050080709506040835, 0.050144307755561134, 0.05013823057449199, 0.050306864396464, 0.05777675683226332, 0.05833733708568831, 0.05866721697822984, 0.058896394779402186, 0.05898449925411399, 0.05915841436566595, 0.059234279847567683, 0.05915820573840395, 0.0593487068493486, 0.05914893500958095, 0.05924584709405019, 0.059200049772792585, 0.05921107635144117, 0.0592669738261263, 0.05919365047792212, 0.059276287189438566, 0.05918361807305316, 0.05920743503699979, 0.05926164575306316, 0.059209657500070165, 0.05922264885845177, 0.05918790373615535, 0.059165073495407755, 0.05920415685307152, 0.05921325562425519, 0.059176955949872774, 0.059188992076689595, 0.05923306223340718, 0.059202060064897935, 0.059173286626971106, 0.05927783259062683, 0.059207690689861335, 0.05933082670501627, 0.059360375663642516, 0.05927532303258447, 0.059316635225380894, 0.05928894081751388, 0.059292040732269624, 0.059350513048370974, 0.059296674327580935, 0.05925510969546732, 0.05928517113187993, 0.0593026182346013, 0.05926075799492472, 0.05916620468503439, 0.05924176800022097, 0.05921024491286876, 0.059091673440339824, 0.059075029476090404, 0.059141522419241366, 0.05903726930632373, 0.05909265821560271, 0.05896550260121044, 0.05899266812790796, 0.05892628092357292, 0.059015695187242555, 0.05896289534371572, 0.05885783677021017, 0.05888109975542592, 0.05877860846270311, 0.058854186816616985, 0.05883124547747777, 0.0588126389950822, 0.05887204421301712, 0.05886147082116086, 0.05880281366022686, 0.058777856245702975, 0.05872139751228835, 0.05875199462563636, 0.05869349875821673, 0.05874775120633568, 0.05869043714736906, 0.05874334712632474, 0.05864592677909479, 0.05872281455328933, 0.05867939496872344, 0.05862722193692953, 0.05862645969961383, 0.058650842511495424, 0.05858092824962854, 0.0587056978348439, 0.05858018635558941, 0.058571465247402865, 0.05860807153463716, 0.05852380251316588, 0.058553212155839716, 0.05858078250108477, 0.05856364928571125, 0.05853723515061719],