{"loss": [0.06760373825858706, 0.05524162864712484, 0.052460957558517075], "mmd": [2.3279727368267036, 2.0649963247995435, 1.7293356737476184], "mse": [0.06752404126058692, 0.05519464191483574, 0.05241273586963949], "kld": [8.560462434267613, 7.879878918817438, 7.373301643535403], "l1": [0.07969698185341124, 0.04698684242514013, 0.04822163959176628], "mcc": [0.0, 0.0, 0.0], "epoch": [0, 1, 2], "beta": [0.0, 0.0, 0.0], "alpha": [0.0, 0.0, 0.0]}