{"loss": [0.05676015098874995, 0.04984897971043206, 0.047733291185720984, 0.046768985644665216, 0.04632349957215381, 0.046153142151355395, 0.05266563733558183, 0.054301560574391394, 0.057306605067923996, 0.05940312471246262, 0.06229730116057607, 0.08197280550526903, 0.07566964249931375, 0.07814429759803164, 0.08114146833009522, 0.0831086927724994, 0.08546060630762771, 0.087452213182231, 0.08987775299714622, 0.09172230021287983, 0.0940037761296268, 0.09632021227254473, 0.09785843317010379, 0.09943611649149806, 0.10143666801371638, 0.10400404345293693, 0.10571179153780114, 0.10748258638065006, 0.10936118641447282, 0.11189919933566667, 0.11248843300333755, 0.11560202125828586, 0.11762810133100436, 0.11858871212694107, 0.11977052277000827, 0.1232510153506848, 0.12440930746022497, 0.12644677460633846, 0.1280262590533169, 0.13122191332951957, 0.13192570453820587, 0.1343913497059349, 0.13534295914400277, 0.13860194151739602, 0.13970375570580032, 0.1425453612534123, 0.14441255354590746, 0.14791355816925295, 0.14793342563215, 0.1495433869927109, 0.14827227066415452, 0.1482930057730245, 0.14877644268193307, 0.14855278265749158, 0.15037643862131603, 0.14828258117817705, 0.14774738376522698, 0.14869941133824197, 0.14721019840090807, 0.14882051628880874, 0.14753650670301616, 0.14743491053097005, 0.14785618107199142, 0.14743697110624046, 0.14794335288698598, 0.1473548824581121, 0.14623825464458198, 0.14762316462604474, 0.14666461042146386, 0.14637284308804016, 0.14643940725742097, 0.14678130123868827, 0.1451450780452266, 0.14628329046587824, 0.14552132377024063, 0.1459402110719258, 0.1455708457655005, 0.14772253636507376, 0.14606193306703158, 0.14576983757790293, 0.14514554419624928, 0.14500163788281303, 0.14634961845075362, 0.14625432406121555, 0.14661164059024442, 0.14575674001848327, 0.14465943247387997, 0.14659865284159757, 0.14620184283180815, 0.1450036896648576, 0.1450501505169946, 0.14700472515566135, 0.1451945622043032, 0.1431318620547234, 0.14515204135565146, 0.14518924343621184, 0.14381885825707255, 0.14321454968771166, 0.14395015958581048, 0.14311783197315264], "dist": [0.012799696917363622, 0.010312468186295984, 0.010219685703053785, 0.010281315556227985, 0.010226063661764278, 0.010200041524743995, 0.008333158259729866, 0.006724654729897638, 0.006149712474700311, 0.0056759617796946354, 0.0055315626452936955, 0.005994928369994662, 0.005050731844514982, 0.0049844838631032595, 0.005015245857001991, 0.004935663950077892, 0.004926411227627136, 0.004865639653377389, 0.004865881550487576, 0.004802286221495825, 0.004778858939181611, 0.00478578810810498, 0.004716188800927015, 0.0046541870633921584, 0.00461421422371462, 0.004644145996672991, 0.004587232654720292, 0.004545414084506715, 0.004524220960273887, 0.004518179587663551, 0.004447160789260209, 0.004494439268847886, 0.004475597164764219, 0.0044243982711055785, 0.0043763439098794005, 0.004409018236087248, 0.004395957610245239, 0.004391366422267155, 0.004345036855316893, 0.0043797422228986325, 0.004348608058673691, 0.004361789187958444, 0.004326013748622066, 0.00434033099601136, 0.0043173648088213, 0.0043528838374788156, 0.0043254396245378775, 0.004378484119592369, 0.004318651395362899, 0.004299764696644837, 0.004267449651162472, 0.004243476569798377, 0.004262998771332369, 0.00426208015866275, 0.004291255865005316, 0.004260651361777762, 0.004212357125491278, 0.004246011106063511, 0.004232608899783667, 0.004270256887309727, 0.0042294485319441565, 0.0042182598249268675, 0.004233528687611794, 0.004212888010655099, 0.004210788114863053, 0.004227370360592432, 0.004171445374232628, 0.004222159132057391, 0.004180256451515858, 0.004164812563811229, 0.004173177312832585, 0.0041897469415140935, 0.00414471253405354, 0.004170096762914436, 0.0041321828489176695, 0.004145474973591416, 0.004133356831922434, 0.004191322984521936, 0.004174674743342116, 0.004142277435044671, 0.004149215784958362, 0.0041413810707703015, 0.004161721528088192, 0.004174945895089609, 0.00416444964222665, 0.004159513321165903, 0.004112679518358933, 0.004160890600917809, 0.004170762716676968, 0.0041355920619877435, 0.004134681060335199, 0.00416260350759016, 0.00414421142249518, 0.004039873953006248, 0.004114552202739064, 0.004118007327467093, 0.0040693402944127184, 0.004031158785612227, 0.004065016756608719, 0.004030349162445738], "mse": [0.0566050222520462, 0.04969374284126206, 0.04757203061018068, 0.046607773288798296, 0.046162867772790495, 0.045991970630613, 0.048654825018066776, 0.04799105322739575, 0.04869415287473177, 0.04884679408047893, 0.049466649535355574, 0.05810465274084266, 0.05645737928535068, 0.057391181180977226, 0.05812901822489685, 0.05838345799545594, 0.05855479797945417, 0.05872866623598857, 0.05884217755371041, 0.05900703287481205, 0.0590147937385247, 0.059136385926247696, 0.05913037769331361, 0.05921193639826211, 0.05925636368761034, 0.0592691759569254, 0.05933555823089101, 0.059329078102173444, 0.05940210420852926, 0.05947190325602647, 0.05938992467179256, 0.05944816450666818, 0.05950754681159157, 0.05952996474469254, 0.059556169564694034, 0.05965840379037568, 0.05961556390390086, 0.05966747086082463, 0.059724884237021075, 0.05977510369246608, 0.05965620463650723, 0.059798885538535775, 0.05980228684963645, 0.05977027113803909, 0.05997135072528347, 0.05982995586830193, 0.06007018048134653, 0.060043860419462136, 0.06003090612689361, 0.060060330098453615, 0.05995077041130475, 0.05996065986847596, 0.05999783557486147, 0.06000997715435669, 0.060201555518006995, 0.060003764938392525, 0.06002177946280517, 0.06001918585737136, 0.05987372756158407, 0.060005394519035714, 0.05987687467802399, 0.05989502138145917, 0.05990985970795595, 0.059919051429809814, 0.0599726739792123, 0.05991853831921934, 0.0600001411938949, 0.05992264235653588, 0.059897857350868174, 0.05984355953894831, 0.059789128210863296, 0.05988325792168057, 0.05981202585900552, 0.059798357812921615, 0.059843269334982206, 0.05981288455767857, 0.05987966279093413, 0.05988471217156337, 0.05974680934778168, 0.0597764128486198, 0.059657543699533584, 0.0596426533015123, 0.05965896962730536, 0.05979748111509854, 0.05976312219590345, 0.05976454574653282, 0.05972757975143027, 0.05977139596110609, 0.05970358470540103, 0.059742422507555834, 0.059785469183409407, 0.05982445984902727, 0.05979198677963309, 0.05972107244515173, 0.05964189634123264, 0.05969053326914722, 0.05977978691612776, 0.05973211426612546, 0.05978063074115284, 0.05975643266955366],