{"loss": [0.06760373825858706, 0.05524162864712484, 0.052460957558517075, 0.05093672801883308, 0.049687864258885384, 0.04894125423868375, 0.3648349279823479, 0.415937692932556, 0.5172854310895768, 0.6228292959233734, 0.720043587355526, 0.82300189027757, 0.9164930764882843, 1.014533022064373, 1.123441402349004, 1.215735516116663, 1.3077207741561843, 1.4077428136866517, 1.4797868633562803, 1.5724251098428035, 1.6586319807848315, 1.7557057811438672, 1.84597038637641, 1.924674872240406, 2.0227577159741172, 2.1228946110953584, 2.2141634788981244, 2.2914829455270356, 2.368419834806875, 2.4692219704206737, 2.545220372135654, 2.6338697247709963, 2.704461973868996, 2.810175366928241, 2.8942166237743354, 2.945614536115728, 3.063873472389268, 3.142743724255474, 3.2038167437161404, 3.285091508385594, 3.3550368847291163, 3.4558208939487947, 3.540715914562436, 3.598504223706532, 3.6756530005507675, 3.7895849826145755, 3.8651916037307927, 3.9471067819127277, 4.013029295242637, 4.096771420876673, 4.082267904574154, 4.128719323983222, 4.08974396963061, 4.10544241717988, 4.043013879857912, 4.039858619859613, 4.067070054861666, 4.044568598636089, 4.043138459416255, 4.016800044504412, 4.038355461658876, 4.01262516478088, 3.9974174579959705, 3.9510610622862363, 3.946858741023058, 3.9397714635345835, 3.937000905077882, 3.9581672267679786, 3.9338380317746497, 3.9062606125521513, 3.9185344090490983, 3.9086216315170006, 3.899448554940019, 3.8732869361807234, 3.8564165903746717, 3.864027487719717, 3.893393207912796, 3.854424660191214, 3.835910056997662, 3.8643629280336063, 3.8251215248751493, 3.841685647613432, 3.8111552416912615, 3.815015655353757, 3.798172385414685, 3.8113726991817263, 3.8306342977687624, 3.812253361830682, 3.8072853439424668, 3.7774815076699286, 3.781061970383112, 3.7695151830743425, 3.76207455828146, 3.756255176901086, 3.7598566789568566, 3.745369794178594, 3.765095373604195, 3.7328867159006784, 3.7159850158574392, 3.756175932708693], "mmd": [2.3279727368267036, 2.0649963247995435, 1.7293356737476184, 1.5731892033588666, 1.4531521212103908, 1.387290353058306, 0.37083158939162647, 0.22385569561295715, 0.1990977357044542, 0.18816329502254908, 0.17892040129453857, 0.17399106019296529, 0.1685293208739143, 0.1651868235114162, 0.164274777531441, 0.16131213455935198, 0.15880140696475112, 0.15765897074908566, 0.15354138137372725, 0.1522800521982228, 0.15047731940731682, 0.14990920850012932, 0.14886159980041117, 0.14697183993147925, 0.14676636430017787, 0.1466905097791388, 0.14610897614820603, 0.14457465625979418, 0.14319312247944757, 0.14333571957572838, 0.14204463991193683, 0.14157543580499163, 0.14009671390879375, 0.14063542464210943, 0.1400102780777618, 0.13778724944207565, 0.13888493168847693, 0.138147682042941, 0.1366694645464786, 0.13610275750237008, 0.13514370295259118, 0.13544460424890548, 0.13513962977045885, 0.1338054293229536, 0.13324987035861777, 0.13408681846286621, 0.1334873445652014, 0.13315270420598105, 0.1323313772038448, 0.1320562415007799, 0.13152511379013032, 0.13305613064875632, 0.1317339486276811, 0.13223937121819865, 0.13014493078176229, 0.1300331471156489, 0.13091032092739469, 0.13016123329203552, 0.1300684121763048, 0.12918822933559768, 0.12985899326808614, 0.1289919325910463, 0.12847721585832492, 0.12693234267958833, 0.12677113291310385, 0.12653984531668797, 0.12642264681542578, 0.1271116014318598, 0.1263002903640636, 0.12538582161983097, 0.1257775725762537, 0.12541997110459702, 0.1251203677405609, 0.12424377260581115, 0.12366379123249668, 0.12390516963473126, 0.12490606506817911, 0.12361001136478471, 0.12298339779025938, 0.12392868339284066, 0.12260475347927012, 0.12310637012581152, 0.12210421593277002, 0.12223335677769287, 0.1216515532803316, 0.12212176013029426, 0.12276404188728772, 0.12211487407973208, 0.12195662249085362, 0.12095346829733966, 0.1211074998179462, 0.12068786069842204, 0.12043200236705183, 0.12024395549498453, 0.12035124387843477, 0.11985462053787489, 0.12053851543302917, 0.11946035254221021, 0.11887444654033959, 0.12022914865448431], "mse": [0.06752404126058692, 0.05519464191483574, 0.05241273586963949, 0.05088708879986058, 0.04963803435304413, 0.04889099816420327, 0.11086526694793276, 0.10945047413004688, 0.10862149588443751, 0.10814434344783151, 0.1083458311901502, 0.1082961375545139, 0.10809329536063539, 0.1085645616100244, 0.10957131882203869, 0.10907150633587427, 0.10946282490722241, 0.11002705678160936, 0.11028406161106437, 0.1099118494822935, 0.11023233346412518, 0.11057250009723968, 0.11039534750525937, 0.1103625836913571, 0.11041271531143071, 0.11103243325934088, 0.11044706527623663, 0.11090185538939903, 0.1105660415180256, 0.11107288065589278, 0.1107122592536584, 0.11078469855196636, 0.11141192737075449, 0.11113760597501064, 0.11134047936533857, 0.11203375593559142, 0.11236216651241472, 0.11213697211965462, 0.11205043531725743, 0.11269373357570245, 0.11282655644727631, 0.11346477313549971, 0.11294281391278366, 0.11286961211840067, 0.11312237724753245, 0.11311331299916366, 0.11346195768450666, 0.11353614620087336, 0.11283215459870415, 0.11363255349130719, 0.11435896475896513, 0.11427870612202978, 0.11412197415448405, 0.11426612673087354, 0.11414359791055778, 0.11406148679874425, 0.11461687851354388, 0.11459203027874414, 0.11516826062754619, 0.11471820613540755, 0.1149698796630637, 0.11516713076756775, 0.11492943400345697, 0.11442042430120011, 0.11526836918815514, 0.11522061880563665, 0.11523609091899147, 0.11563820526735183, 0.11561426970582067, 0.11553580745871812, 0.11549038858227204, 0.11593171199955092, 0.11597596150051596, 0.115573978337225, 0.11592144336254319, 0.11597962373513386, 0.11591406411097094, 0.11549147533858481, 0.11555600324017139, 0.11543199305702573, 0.11550842246120693, 0.11612119178281971, 0.11611288621381748, 0.11621581447636423, 0.11636186971620548, 0.11550633138491333, 0.11525708144427808, 0.11589773367244773, 0.11568963817932124, 0.11591407014456995, 0.11516584515388757, 0.11541740708281657, 0.11544511231816619, 0.11558680985968538, 0.11558867239056189, 0.11620714684571225, 0.11592794253142333, 0.11630117075026401, 0.11615510408315191, 0.11616571658959418],