{"loss": [0.10222767583701922, 0.08644662127546641, 0.08266134190818537, 0.08029650943434757, 0.0784782572414564, 0.07708085663940596, 0.08406593399203342, 0.0883871143538019, 0.09175935679155847, 0.09469341046136359, 0.09800696849822998, 0.10291639423888663, 0.10710583322721978, 0.11078901320695878, 0.11415755590666896, 0.11766547840574514, 0.12202803397956102, 0.1252185862219852, 0.12806154433799827, 0.1311813533435697, 0.1345414112313934, 0.13701957206363263, 0.13935155313947925, 0.1426733312399491, 0.14415568169044413, 0.14746338572191156, 0.14799304105665373, 0.15066138047239055, 0.15375102052222128, 0.15580894706041917, 0.15748487801655478, 0.15952022780542788, 0.16101244761891986, 0.16372565056966698, 0.166222461928492, 0.16751676901527074, 0.17019842474356942, 0.17217871450859568, 0.17367139090662417, 0.1747123283147812, 0.17821462128473364, 0.17983635816885077, 0.1824050630175549, 0.1828116824834243, 0.1843800352189852, 0.187697146223939, 0.19130352380483046, 0.19149474175080008, 0.193380681924198, 0.19485942840576173, 0.1953195915273998, 0.19437570976174395, 0.19445952607237774, 0.19399327604667, 0.1937000210388847, 0.19370718595774278, 0.19352489409239396, 0.19448654415814773, 0.19206824649935184, 0.19259277711743894, 0.19177563099757486, 0.19314233305661574, 0.1918272949301678, 0.19245193372602049, 0.19160080300725024, 0.19121578203595202, 0.1919645578964897, 0.19197756241197172, 0.1911916410145552, 0.19146707208260247, 0.19059655085853908, 0.19147837830626446, 0.19034147029337675, 0.1901431737775388, 0.19115496739097262, 0.1899475506855094, 0.18999426621457804, 0.19047847454962524, 0.19098732339299243, 0.18939014922017636, 0.18950063943862916, 0.19050599803095278, 0.190375570214313, 0.18971104575240094, 0.18945898097494374, 0.18926434395105943, 0.18846968969573144, 0.18942462975564212, 0.18881422009157098, 0.1890796720204146, 0.18871824720631475, 0.1882118282629096, 0.18887777950452722, 0.18788757217966992, 0.18828860453937366, 0.1882335148686948, 0.18860195926997972, 0.1882031073777572, 0.18837717921837516, 0.18809207524942315], "dist": [0.023966371615457793, 0.014667610769443538, 0.014747706592973808, 0.014720926725346108, 0.014719859062005644, 0.01472840075502577, 0.013277015290020601, 0.011339423481536949, 0.009973135340310958, 0.009083492140407148, 0.008624027764991573, 0.007913635828653755, 0.007484428750189102, 0.007181397360223143, 0.006879675129590475, 0.006750168642029166, 0.006782609756388094, 0.006641355131793281, 0.006507052986923119, 0.006427297685700266, 0.006373306769958657, 0.006270491119231219, 0.006139559468416416, 0.006139228525369063, 0.005937743884632769, 0.005919572371260628, 0.005684057008070142, 0.005635579368909416, 0.005622513226192931, 0.005545828510885653, 0.005438885870592102, 0.005376037446701008, 0.005294471006516529, 0.005279734166258055, 0.005255441547816863, 0.005173710600027572, 0.00517697976011297, 0.005129709582694847, 0.005064578347879907, 0.004971406831122611, 0.005039016771656663, 0.004975394618737957, 0.0049746949347140995, 0.004860739730217534, 0.004822171182250199, 0.004863786132115385, 0.004909179212687456, 0.004809150155633688, 0.004795478766622103, 0.004748553701716921, 0.004774109502525433, 0.004709739271632356, 0.004707458258566001, 0.004687195487077469, 0.004671708351891974, 0.004674390103748959, 0.004650269023993093, 0.004693037710031089, 0.004579137804229623, 0.004603692332444631, 0.004559022955515462, 0.004634618943395174, 0.0045616068622178355, 0.004590884105342885, 0.0045527738729572815, 0.004538052601577795, 0.004571131430161388, 0.00457076882376619, 0.004538529471939673, 0.004545010745363391, 0.004500576772767564, 0.004547794786808283, 0.0044928457725631156, 0.004478802611322507, 0.0045200274095101205, 0.004470369225853811, 0.004476841486909467, 0.004502681247161134, 0.004519230849716975, 0.004447579578617992, 0.004458052893371685, 0.004505175163807429, 0.004504409539715751, 0.004470071329370789, 0.004453563468692743, 0.004440256859702261, 0.0044163547326689185, 0.004467288578819969, 0.004433885949218403, 0.004447220390581566, 0.004435494365575521, 0.00441411583846354, 0.004441578299131083, 0.004398052885561533, 0.004414585059427697, 0.004413583184713903, 0.004431018017070449, 0.00442257453120597, 0.004421079908700093, 0.004415989853441715], "mse": [0.10214747628440028, 0.08639628446620444, 0.08260748229596926, 0.08024284570113473, 0.07842376924079397, 0.077025648355484, 0.07793775663427685, 0.07796422736800235, 0.07802706631629364, 0.0780386490666348, 0.07826212222161501, 0.07899143633635147, 0.07987389164126438, 0.08052493510038956, 0.08142621106427649, 0.08211772504060165, 0.08304020955510762, 0.08372594102569249, 0.08429980675811354, 0.08485618004332418, 0.08558292865753174, 0.08587071666251059, 0.08624600200549416, 0.08667181594216306, 0.08696284717839697, 0.08752160511586977, 0.08762290725241537, 0.08791802690080974, 0.08830294396566309, 0.08852010320062223, 0.0887182308798251, 0.0889895900565645, 0.08894444093756054, 0.08930436491966248, 0.08972274620895801, 0.0896075183412303, 0.08996488708516825, 0.09007523065027984, 0.09035564484803572, 0.09028739261886348, 0.09041643991418506, 0.09073619488788688, 0.090859780324542, 0.091042429416076, 0.09096938914578893, 0.09129026221192402, 0.0917435733390891, 0.09161809373161067, 0.0917553690335025, 0.09183389184267625, 0.09182556912950847, 0.09218856692314148, 0.09225726724966712, 0.09234602348959964, 0.09239530457102735, 0.09245316421208175, 0.09260893413554067, 0.09276430393042771, 0.09272337958864543, 0.09290342714475548, 0.0929612729989964, 0.09294690702272498, 0.0930255955328112, 0.09317742796047875, 0.09322588575922924, 0.09316022069557853, 0.09327588470085807, 0.09340134343375331, 0.09331471495006395, 0.0933595755825872, 0.0936274403333664, 0.09351610120223916, 0.09353057621613793, 0.09368283516686896, 0.09367785834747812, 0.09380401979322019, 0.09375420812679373, 0.09365094354619151, 0.09382792146309563, 0.0938318920524224, 0.09388667267301808, 0.0939969244469767, 0.09390718760697737, 0.09407680094242096, 0.09416306392006252, 0.09413283383068831, 0.09399926798499149, 0.09394476487584737, 0.09416289821915004, 0.09409453818331594, 0.09409820828748786, 0.09402578544357548, 0.09420645636060963, 0.0942445421996324, 0.09420032864031584, 0.09424642350362694, 0.0942640661674997, 0.09420233800359394, 0.09434393408505813, 0.09424243952917016],