{"loss": [0.10222767583701922, 0.08644662127546641, 0.08266134190818537, 0.08029650943434757, 0.0784782572414564, 0.07708085663940596, 0.08406593399203342, 0.0883871143538019, 0.09175935679155847, 0.09469341046136359, 0.09800696849822998, 0.11867737855600274, 0.12099430812441785, 0.12441372614839803, 0.1278211888930072, 0.1311540433375732, 0.13447989476763683, 0.13698017717703528, 0.13956061022437138, 0.14305316900429518, 0.14451108414193858, 0.14793110523534858, 0.15061810777239176, 0.15347745967947918, 0.1556719780875289, 0.1591233346254929, 0.1602032747864723, 0.16370393014472465, 0.16739728829135064, 0.16949018100033636, 0.17246903993513274, 0.1739995818811914, 0.1761347148211106, 0.17978011882823447, 0.1819645192053007, 0.1839079803487529, 0.1854726925621862, 0.1891343532697014, 0.19021625207818071, 0.1925859674681788, 0.19701741449210955, 0.19711050049118373, 0.20012185801630436, 0.20184178940627887, 0.20389198736004208, 0.20616239358549532, 0.21102805342363273, 0.21137509174968885, 0.21347244267878326, 0.21508983899717746, 0.21526591168797535, 0.21370002401911695, 0.21360825647478518, 0.21296357851961384, 0.2123257716583169, 0.2134006579025932, 0.21232315408146898, 0.21222746766131856, 0.20986703704232754, 0.21045750820118447, 0.21005356617595838, 0.21094728171825408, 0.20874804742958233, 0.20866648658462192, 0.20841088885846346, 0.2085067236164342, 0.20700758934020996, 0.20840145367643106, 0.20638230246046316, 0.20729182943053867, 0.2053168542229611, 0.20657517656036045, 0.20539501379365507, 0.20421894013881683, 0.20515387340732244, 0.2045511990008147, 0.20315896140492481, 0.2036781996488571, 0.20399830996990204, 0.20237736427265665, 0.20229697079762168, 0.20319957471412162, 0.2026340284295704, 0.2011865584746651, 0.2010122478267421, 0.2015922107126402, 0.20035294913727303, 0.20108759926713032, 0.19971373962319416, 0.2001002527838168, 0.2008185801298722, 0.19850633927013564, 0.19985048356263535, 0.19786588940931404, 0.19812528104885765, 0.19917819518110028, 0.19911652738633362, 0.19801939039126687, 0.19864389818647635, 0.19866194147130717], "dist": [0.023966371615457793, 0.014667610769443538, 0.014747706592973808, 0.014720926725346108, 0.014719859062005644, 0.01472840075502577, 0.013277015290020601, 0.011339423481536949, 0.009973135340310958, 0.009083492140407148, 0.008624027764991573, 0.008001040584691192, 0.0075447031414217275, 0.007390402848224925, 0.0072261237195166556, 0.007155620599084574, 0.007111035105569855, 0.006941528132833216, 0.006841366853888916, 0.006861332893452567, 0.006668158731544796, 0.006684589813179944, 0.006642231914903159, 0.006626319417163082, 0.006538006356390922, 0.006574610326358157, 0.006411608818351575, 0.006444273574034805, 0.00650260613826306, 0.006438465626181468, 0.006423140785292439, 0.00632237988119216, 0.006261461616858192, 0.006298634828999639, 0.00623007939764015, 0.00617675065751309, 0.006108116014739094, 0.006129658312496284, 0.006027151048183441, 0.006000820957529156, 0.006106428993136986, 0.005939009641499623, 0.005939571344820054, 0.005880755978514967, 0.005861807778153731, 0.005828960950121931, 0.005924111270629194, 0.005834066619205734, 0.00579511905696405, 0.0057552345469594, 0.0057591776084154845, 0.005688838110831769, 0.0056847058086777515, 0.0056579691892408805, 0.005629021593410036, 0.005675471038355128, 0.0056163147557526825, 0.0056311054912436265, 0.0055231809073492235, 0.005541330922152038, 0.00551392476843751, 0.0055753378626769, 0.005456869493684043, 0.005477977859504197, 0.005447288272578431, 0.00545425695164696, 0.005380163260371141, 0.005454883268507927, 0.005376518166664502, 0.005412806132403405, 0.0053091214030333185, 0.005377118629605874, 0.005329674379900098, 0.005270961436807461, 0.005301771583845434, 0.005276349343602424, 0.005230964827958657, 0.005250966129419597, 0.0052581041723327795, 0.005176590900544239, 0.00519121598492822, 0.005226108398207504, 0.0052135804250998345, 0.005136370240994122, 0.005126760744125299, 0.005147533218740769, 0.005092066269691871, 0.005144904689944309, 0.005078519698556351, 0.005096559663019751, 0.005120668214462373, 0.005033255241325368, 0.005082375245654713, 0.004996127245704765, 0.005001057952480472, 0.005060525888415135, 0.0050561867257499175, 0.005004185435726591, 0.005031107083043974, 0.005033037945547182], "mse": [0.10214747628440028, 0.08639628446620444, 0.08260748229596926, 0.08024284570113473, 0.07842376924079397, 0.077025648355484, 0.07793775663427685, 0.07796422736800235, 0.07802706631629364, 0.0780386490666348, 0.07826212222161501, 0.08810155784306319, 0.09049032996530118, 0.09215284690908764, 0.0935845815098804, 0.09459867546091909, 0.09536204040050507, 0.09595594561618308, 0.09616602977980739, 0.09647987895685693, 0.09652107928110205, 0.09680376788844233, 0.09679299512635106, 0.09686141778593478, 0.09694385167049326, 0.09703192042267841, 0.09697082787752151, 0.09707764470058938, 0.09715003097834794, 0.09716017650521319, 0.09725804082725359, 0.09723809106194455, 0.09729675217815068, 0.09738112680290056, 0.09775295314581497, 0.09750714277443678, 0.09740828008755394, 0.09769125728503518, 0.09769451136174409, 0.09767585701268652, 0.09771410592224287, 0.0977729646537615, 0.09776673543712368, 0.09791006924017616, 0.09780754960101584, 0.09783573026242463, 0.09799437046051025, 0.09771424073240031, 0.09789956800315691, 0.09776397988848064, 0.09787458041439885, 0.09771098442699598, 0.09779480031003122, 0.0976806359835293, 0.09761195724425109, 0.09773188172475152, 0.09774896740913391, 0.09775844334260277, 0.09750260183344717, 0.09760394501945246, 0.09758423790983532, 0.09753244726554207, 0.09750225822562757, 0.09735259718221168, 0.09755764291338298, 0.09739317177430443, 0.0974859026722286, 0.09750508707502614, 0.09723153846419376, 0.09735997453979824, 0.0972393571164297, 0.09730968248584997, 0.09727390979943068, 0.09720199337472087, 0.0972129664602487, 0.09721773143695749, 0.09710719419562298, 0.09704600264196811, 0.09715962374987809, 0.09713233539591665, 0.09699078374582788, 0.09706225769675296, 0.096863855784354, 0.09695036213035169, 0.09698845979960069, 0.09695355415344238, 0.09690821168215379, 0.09675015033587166, 0.09670304127361463, 0.09681667441907137, 0.0968292060105697, 0.096603427723698, 0.09679242829913678, 0.0966613792595656, 0.09663210622642351, 0.09666546550781831, 0.09660845703404883, 0.09655703784331031, 0.09660043655530266, 0.09662162366120712],