{"loss": [0.0626417597263303, 0.05300208621354364, 0.050831012790981386], "mmd": [2.3457401658090564, 1.8689987266785637, 1.6335677327574445], "mse": [0.06263429577981, 0.052999056270414825, 0.05082761298210265], "kld": [34.54268974428405, 22.50198638386353, 17.772637244693637], "l1": [0.007464125625200382, 0.003029919761828693, 0.0033998211668295293], "mcc": [0.0, 0.0, 0.0], "epoch": [0, 1, 2], "beta": [0.0, 0.0, 0.0], "alpha": [0.0, 0.0, 0.0]}