{"loss": [0.05764327572446806, 0.0506939895263979, 0.04982451133242914, 0.049573776684976575, 0.049388988986281204, 0.04923628528149829, 0.054758476602406056, 0.05621674497841556, 0.05881699597795922, 0.06125814372472784, 0.06351228174443964, 0.07717827161116474, 0.0758888238333881, 0.0783035740960648, 0.07969434569250006, 0.08187043069802676, 0.0829374771702765, 0.08579013693632016, 0.08682265157977799, 0.08886062110632525, 0.090254055355377, 0.09238563778437399, 0.09398748854414575, 0.0954662947702267, 0.09697517331144834, 0.09890726585067709, 0.1005560910023826, 0.10243713956992066, 0.10370908565324026, 0.10635868587601308, 0.10696478972714972, 0.10913050969294995, 0.11101801923450022, 0.11200511950773889, 0.11380029875823632, 0.11589436934080574, 0.11732881603159968, 0.11882906258546443, 0.12178124199061485, 0.12231651521900028, 0.12374805318992282, 0.12612165079247123, 0.1275637404032965, 0.13007301393692744, 0.13134695814050282, 0.133698987676879, 0.13491046830373465, 0.13758539689080226, 0.1382794931552963, 0.14048995226181415, 0.13960421374796764, 0.13881596314281974, 0.13880830875527736, 0.1402719909410533, 0.13877166119820963, 0.13925091453457863, 0.13745188341094966, 0.13806916535605004, 0.138958239330851, 0.1377462517013402, 0.13754496370143693, 0.13706744728579656, 0.13739604102323819, 0.13621990166967693, 0.13684738512141315, 0.13581053718946534, 0.13569438793150326, 0.13589148031908088, 0.13537763651223794, 0.13457230745953683, 0.134679642537584, 0.13573306702088395, 0.13508724161537922, 0.13485682776618743, 0.1334979407918506, 0.13488398909436722, 0.13394337296045689, 0.13415290359160045, 0.13380744092529598, 0.13350531131997595, 0.1328174557916523, 0.13275206616173116, 0.13303472705878747, 0.1331174111370674, 0.13286463495899692, 0.13292802887882052, 0.133621703068474, 0.13220641395542082, 0.13272490230233489, 0.13275401741046144, 0.13171499629712705, 0.13416728601850117, 0.1319428857641523, 0.13133248099108039, 0.1322370783110841, 0.13162419106398587, 0.1311454246456197, 0.13180736130986642, 0.13156086112891202, 0.1305778266496109], "dist": [0.012756280753379095, 0.009961043672974564, 0.009766835699055999, 0.009802532240960258, 0.009745591114780025, 0.009752747720723732, 0.007786673445191284, 0.006375706074704337, 0.005934505355083542, 0.005675220036978229, 0.005456297195129966, 0.005505749861540567, 0.005080491556143567, 0.0050363478944134765, 0.004889600436846991, 0.004860490675055404, 0.004663857378951512, 0.004688585011984608, 0.004616351804883114, 0.004565572832983422, 0.004499954014309466, 0.004452494097229759, 0.004409120617430255, 0.004346184191078036, 0.004298891523953368, 0.004274921492601922, 0.004265689390107571, 0.0042263216298125805, 0.004187480136930964, 0.004202094075044389, 0.004120026405919976, 0.004144645300852011, 0.004127351485469283, 0.004084694254118537, 0.0040609427652785355, 0.004068340920806041, 0.004047065255702632, 0.004033626009059445, 0.004051906831887175, 0.0040072893812919536, 0.004000560510174497, 0.004001656650191384, 0.003991515079906631, 0.004009696366430495, 0.003985571385081995, 0.004019576034569174, 0.003980168323355839, 0.004008554098604899, 0.003967881736626224, 0.003967080987677628, 0.003945517925816579, 0.0039019611212899536, 0.003913513054256843, 0.003957786017470337, 0.0039017857385983627, 0.003929278837204629, 0.0038322783042601086, 0.0038770354668261754, 0.003903709392598452, 0.0038560342213532378, 0.0038379370272737354, 0.003826766602276787, 0.003825597017088649, 0.0037958513684997245, 0.003796980107901962, 0.003761112529363489, 0.003737207135856922, 0.0037637236497146207, 0.0037493848188902682, 0.0037157261627898215, 0.0036951851318459657, 0.003762287808928853, 0.0037332980599848655, 0.003724556362966249, 0.0036621879204348324, 0.0037084754530279903, 0.003681413178982838, 0.0036893574859014266, 0.0036658078211633436, 0.003663393901832996, 0.0036313088328413876, 0.0036271887737157117, 0.0036345746549069223, 0.003644169950678923, 0.0036256517442851224, 0.00362775769178237, 0.0036593402940174632, 0.00359498691762986, 0.00363314885146052, 0.0036143936938021546, 0.0035805639933294, 0.003641666732198852, 0.003594985576360273, 0.003575939581243863, 0.0035857172745473935, 0.0035793110303528487, 0.0035508617982639764, 0.0035552425193772315, 0.0035693706339981787, 0.003528881348611751], "mse": [0.057632985724304066, 0.0506834814069102, 0.0498133443042834, 0.049561501930480166, 0.04937725282512176, 0.04922449789071893, 0.051178996493844546, 0.0503973584880769, 0.05069302779621, 0.05090085585963427, 0.051067568422288274, 0.058147818576461986, 0.05810432599931735, 0.05840275291369972, 0.05840568191631858, 0.0584724016509609, 0.05843738071961628, 0.058528281143003937, 0.05846444265903187, 0.058583341065678675, 0.058541353450788175, 0.05855398893114207, 0.058598091993673516, 0.05860301464289823, 0.05868004621219776, 0.05863261790712264, 0.058651559577602756, 0.05859567642630115, 0.05866568050783353, 0.05868740514074858, 0.05865472649255743, 0.0586873804889014, 0.05867225450066027, 0.05867120079377025, 0.05867529645606193, 0.05871940611626408, 0.05874680343085413, 0.058719895620509825, 0.05878898840359078, 0.058826996137331646, 0.05876721479714005, 0.05881706334683533, 0.058819848945036945, 0.058858002256739615, 0.0588861368871686, 0.05881298796729112, 0.05895801042062141, 0.05893270677970819, 0.05888282860927779, 0.05899880397266968, 0.05893088421582119, 0.058956615505753804, 0.05894452798423774, 0.058910893823846934, 0.05894393881609556, 0.0588892180324041, 0.058959432155378105, 0.05887385733986887, 0.05887714613289565, 0.058933412675447265, 0.05896311881711247, 0.05890484311049763, 0.05898727423771445, 0.05896086446071481, 0.05891797371879991, 0.058939591066655944, 0.058956789147202336, 0.05896511110456515, 0.05884600769139639, 0.05888564986461551, 0.05886615961349873, 0.05892433001600657, 0.05890983494447112, 0.05886027506350414, 0.05886951678238556, 0.05891484021039974, 0.05880208410311661, 0.058851564812035115, 0.058746926998238094, 0.058857233405245284, 0.05877019632800291, 0.05883794706012157, 0.058809805639429315, 0.05886182146067105, 0.05881483189794655, 0.05879711638173113, 0.058852599424748867, 0.058819658751633884, 0.05885335417296545, 0.05886502369159786, 0.05885957046088651, 0.058907697607310516, 0.05884388237201128, 0.058765754378792806, 0.058827164199098704, 0.05884976164496984, 0.05887229434122363, 0.058855823358105415, 0.058910200793290596, 0.05885015538119143],