{"loss": [0.10010972136474783, 0.05886151910686598, 0.05816671786007184, 0.057474991859678325, 0.057090596184464645, 0.05665816053021782, 0.06031119839963744, 0.0628620017501505, 0.06505324972168909, 0.06734245539019695, 0.0695092166984451, 0.07419413220869209, 0.07737896228250407, 0.08024704973577924, 0.08248147761319906, 0.08446034319159551, 0.08682869644381623, 0.08936871555214267, 0.09086607896242747, 0.09328790043138155, 0.0949469806744746, 0.09696669550818918, 0.09892461543553337, 0.10056575814721504, 0.10230222079171036, 0.10433954709213629, 0.10669358884654334, 0.10774361907863547, 0.10973152333383546, 0.11195940989863397, 0.11318470457323897, 0.11559128075662005, 0.11721280228176004, 0.11851950060229534, 0.12032896673177511, 0.1230706723305112, 0.12406337053199991, 0.12559967813807013, 0.1274169243575023, 0.12884520318914905, 0.1305458381045692, 0.13266902812034376, 0.13431457802103047, 0.13615439046432912, 0.13849858265023465, 0.14043052318441288, 0.14168252933500788, 0.14477583971782484, 0.1462893931847203, 0.1475719417853933, 0.1464205802015223, 0.1463177373063265, 0.14546669188727304, 0.14578300350217735, 0.14635090447379004, 0.14530782842873824, 0.14474370166593323, 0.14487574504828699, 0.14505020877899413, 0.14575023300934753, 0.1440851141091992, 0.14462266005080418, 0.1443014746556606, 0.1434022402129462, 0.14395849569597483, 0.14391030346977482, 0.14335272299398172, 0.14402435705660013, 0.1432443322225899, 0.14322223585852845, 0.14248271174233632, 0.14329045488219846, 0.1429570296028164, 0.14239774688396004, 0.14277181812896333, 0.14223717107950673, 0.14145151115238577, 0.14251755971456032, 0.1412667634304024, 0.1413740537829554, 0.1416253195181379, 0.14167385823485418, 0.14110065095313717, 0.14107502309090983, 0.14161463791677836, 0.14141768293023285, 0.14111123626922398, 0.14036803013552943, 0.14073938908305794, 0.14025729118765193, 0.1400281040429893, 0.14060094745683882, 0.14007232924771978, 0.13998695993397048, 0.13918931532425577, 0.14016485672053416, 0.13921239513194014, 0.13885992655373747, 0.13967100261233228, 0.13895138969405538], "dist": [0.027636530828363697, 0.009614602205215608, 0.009521406636734326, 0.00953532655983393, 0.01086659170652807, 0.014872581547709453, 0.007572989249491908, 0.006517387073324716, 0.005977525685307194, 0.005725612280617964, 0.00551245945293946, 0.005386265861750904, 0.0053086264896037355, 0.005259381003259644, 0.005156348059793035, 0.005023123124171395, 0.005009228765498159, 0.005017158208742319, 0.004899762182233737, 0.004909575505676009, 0.004815533409683389, 0.004761405657334432, 0.004738106984889996, 0.004668175615817363, 0.0046078025425634345, 0.004606558924968708, 0.004605565508834446, 0.004531880300196281, 0.004520040229506284, 0.004533964838107644, 0.004454038220084928, 0.004496781207226283, 0.004456239927180409, 0.004415874230328733, 0.004390475860875281, 0.004447310449840278, 0.004376926595906409, 0.00434631033473135, 0.004340542993299179, 0.004310312951733379, 0.004301772514795623, 0.004296842192992997, 0.00429318781114669, 0.00428453321239197, 0.004304981623684088, 0.004308452400856237, 0.004268888515479411, 0.004333398294046334, 0.004311996204310827, 0.004275614896994167, 0.0042312991603496355, 0.00422053678859537, 0.004193576365747824, 0.004208806032236484, 0.004239911944337156, 0.004186494642885146, 0.004165817027364031, 0.004185193051835811, 0.004192345426417887, 0.004227042975257725, 0.0041450880266013426, 0.0041776957909302834, 0.004164483559667305, 0.004122246060406231, 0.00415108445000063, 0.004148357797330149, 0.00411990233985886, 0.004157562802051864, 0.004128442435976575, 0.0041251344118952375, 0.004092580172992648, 0.004126152563448088, 0.004113811178633632, 0.004089963945671586, 0.004104425389515002, 0.0040798828594229754, 0.004045286483407857, 0.0040952715586989215, 0.004043500226828789, 0.004046713636033897, 0.0040617718303196425, 0.004063359434899366, 0.004035687959475094, 0.004030530638972151, 0.004059745942000328, 0.004054910366277608, 0.004036844717655083, 0.0040076087272631076, 0.004018294876902206, 0.004000671565404748, 0.003987756666095936, 0.004023182836080595, 0.003995017476821458, 0.003992689165226191, 0.003952432440853838, 0.004001083140855757, 0.003952392614260866, 0.003938780695494358, 0.003981375041764444, 0.003944395410593054], "mse": [0.07927221572645658, 0.05717724424125173, 0.057091067309877896, 0.056939546095875905, 0.05659111037278105, 0.05624303393385083, 0.056342806457988975, 0.056407403806155686, 0.05642962304426789, 0.05642213311426044, 0.056472710736833256, 0.05698931641997756, 0.057541166915058915, 0.057940873016150696, 0.058263543206356475, 0.05856572230796342, 0.058857783003871164, 0.05899379016663687, 0.05915870018952706, 0.05932638309400754, 0.059405662273462626, 0.059614837202663085, 0.05966066751227421, 0.059782082151671107, 0.05990801325708936, 0.05985965303515402, 0.060011984524557825, 0.05992672777840623, 0.05999643229047164, 0.06004625323339967, 0.06010495377167993, 0.060074297857073244, 0.06011980066579413, 0.06010922005446834, 0.060135219867947884, 0.06016008505815065, 0.060179906551955896, 0.0601497012709145, 0.06014885328589021, 0.060112290574097386, 0.06007328426996397, 0.06022662086690194, 0.060040023122835726, 0.06007117523290382, 0.06026246415195296, 0.060035723934233454, 0.060204728700473706, 0.0601020789591037, 0.06007887117641715, 0.06018062845488771, 0.06001296090278527, 0.060089969834205496, 0.06003171450388308, 0.06003764914445018, 0.06000973696942872, 0.05999592046749997, 0.05992941012498723, 0.05989979428722024, 0.05987675251381436, 0.0598155044162291, 0.05988319146624344, 0.05981711512830444, 0.05980163234859661, 0.05979308178386977, 0.05978763854596076, 0.05982786672330149, 0.05981561814488477, 0.059811912322942404, 0.05965579309923082, 0.05970887901423777, 0.05966106513886543, 0.059770521150690065, 0.059740732799516645, 0.05970171840649588, 0.05970253171385479, 0.05976413906258882, 0.05969855543143464, 0.05971757368221769, 0.059593062033461326, 0.05967482540376782, 0.059619409377456946, 0.059602658012592985, 0.05959998866876084, 0.059691605784076, 0.05961134839401287, 0.05959575832374339, 0.059633746137911316, 0.05956105915953349, 0.059643061828842193, 0.05957198145206429, 0.05958414212573578, 0.059514034489937334, 0.05951721814393645, 0.0595067912599889, 0.0595010107374878, 0.059488129057815545, 0.05953454939398139, 0.059484464170045305, 0.05945629810300852, 0.05950853803045112],