{
  "loss": [
    1.0099303726916564,
    0.9998218268571757,
    0.9969661758842729,
    0.9850766596049184,
    0.9730176307240205,
    0.965823496821082,
    0.9624631861699525,
    0.959985687697626,
    0.9581525167806966,
    0.9564818517828605,
    0.9543015949773873,
    0.9524144828243967,
    0.9512862065495677,
    0.9497186163491838,
    0.9479031398488035,
    0.9466300339617767,
    0.9455850523285475,
    0.9439481427879343,
    0.9430915017947914,
    0.9420748687534202,
    0.9413358687961462,
    0.9402521035255831,
    0.9397451077776151,
    0.9395572345268294,
    0.9391039569245478,
    0.938288545641777,
    0.9377602104030525,
    0.9372248939533026,
    0.9368795707931441,
    0.9368920662123148,
    0.9366608466740463,
    0.936470459068665,
    0.9357982488444031,
    0.935652774208063,
    0.9366294142863123,
    0.9363922089935407,
    0.935379661205847,
    0.9350338852136473,
    0.9347722800346973,
    0.9347976524606744,
    0.9344915746433191,
    0.9343143185020067,
    0.9338768092230918,
    0.93411869188568,
    0.9340965996954365,
    0.9334345652976678,
    0.9332567397604248,
    0.9331643406340473,
    0.9332078950011485,
    0.9330383325904993,
    0.9331430706492905,
    0.9328659896828818,
    0.9330893969312103,
    0.9334873982773436,
    0.9336688406056871,
    0.9337016780637044,
    0.9328978918483346,
    0.932596528935245,
    0.9324828334003422,
    0.9323891534316731,
    0.9325061217649558,
    0.9324317204900844,
    0.9327038381869437,
    0.9323439140958348,
    0.9326216490807462,
    0.9326276552426219,
    0.9326138007226644,
    0.932236934188898,
    0.9322977856939104,
    0.9321525572763009,
    0.9319047153132113,
    0.9319098875240236,
    0.9321884598007608,
    0.9322824647455025,
    0.9321263332431038,
    0.9320014372653173,
    0.931896193768813,
    0.9318962802507235,
    0.9318588972998669,
    0.9319890564902313,
    0.9317499894555257,
    0.9320073799224726,
    0.9322448359689464,
    0.9321332977805499,
    0.9319446835758539,
    0.9317151500493659,
    0.931935395606121,
    0.9317656993684568,
    0.9322540422638388,
    0.9318480274261873,
    0.9318191725803213,
    0.9318816579147066,
    0.9316809271726093,
    0.9317111714431062,
    0.9317739707486992,
    0.9317260006494157,
    0.9317049376105343,
    0.9319947783547309,
    0.9315868726152773,
    0.9316365806820004
  ],
  "val_loss": [
    1.0312848069352103,
    1.0274659035957023,
    1.023955827978648,
    1.0061698667534955,
    0.9984145148159707,
    0.9940655460096386,
    0.9921055664754894,
    0.9901076952616373,
    0.9889053658807658,
    0.9871895008435533,
    0.9860179867918633,
    0.9846551742183564,
    0.9837134466868013,
    0.9825882051633373,
    0.9819410312665652,
    0.980605180949381,
    0.9799534357301721,
    0.9793569666065581,
    0.9790348745372197,
    0.9780187242107304,
    0.9775215504376311,
    0.9766931721608932,
    0.9764305154482523,
    0.9758275948703017,
    0.975463995106144,
    0.9750113166086206,
    0.9748207376972181,
    0.9742457953762246,
    0.9741151754714582,
    0.9740527468184902,
    0.9738962696567518,
    0.9738078163639051,
    0.9736300921875592,
    0.9735936911683104,
    0.9736058246599485,
    0.9732089543451458,
    0.9729220927033795,
    0.9730340030095349,
    0.9725439281768451,
    0.9723009083369006,
    0.9719296533223156,
    0.9718602283360207,
    0.9718454477449531,
    0.9715758251817259,
    0.9715107469798223,
    0.9711935550110525,
    0.9717365293742315,
    0.9711450267600142,
    0.97092023587118,
    0.9709665922269429,
    0.9710230503452423,
    0.9709869925289938,
    0.9709897659140635,
    0.9712468265942787,
    0.9710239533964358,
    0.971157400031068,
    0.9709831821864054,
    0.9705957816616041,
    0.9704576561984406,
    0.970538935160528,
    0.9707087526038357,
    0.9705823289749285,
    0.9705124614445586,
    0.9705139945631158,
    0.970522193603864,
    0.97068956072472,
    0.9705124799519369,
    0.9701295503198284,
    0.970539406010005,
    0.9704353539911035,
    0.9702766232838914,
    0.9703260649284816,
    0.970366817086799,
    0.9706042623955365,
    0.9704872413313008,
    0.9706008826216607,
    0.9701514565237036,
    0.9702082749915449,
    0.9701307252661823,
    0.9700106855941145,
    0.9701468764919124,
    0.9701933547786382,
    0.9701933191247183,
    0.9702136685314788,
    0.9702649388683441,
    0.9706209418980498,
    0.9700908266246047,
    0.9704316729279958,
    0.9702097076803582,
    0.9701097683819462,
    0.9700287972411065,
    0.9699537775832224,
    0.9701947812076028,
    0.9703308025451556,
    0.9699302830108224,
    0.9699441393216451,
    0.9699029650318024,
    0.9700395641805919,
    0.9700830020860994,
    0.9699978504551056
  ]
}