{
  "loss": [
    1.019611544622588,
    1.00711955333717,
    1.0029102381892319,
    1.0011732572209124,
    1.0004286770974606,
    0.9998841714039105,
    0.9982594899826774,
    0.9931516505516106,
    0.9913246634149616,
    0.991156054039735,
    0.9910485232403874,
    0.9909394563956221,
    0.9907795670396021,
    0.990574238260063,
    0.9904053081085513,
    0.9903226305932105,
    0.9901893266734633,
    0.9904102440666773,
    0.990118674062028,
    0.9897531371308831,
    0.9897521756263398,
    0.989675066185456,
    0.9897947671145116,
    0.9899571506747568,
    0.9899290550112151,
    0.9895698884537639,
    0.9895079618227345,
    0.9890739531783277,
    0.988826501372415,
    0.9890792478898531,
    0.9890480386862607,
    0.9887046215053141,
    0.9883373273957398,
    0.9883838434188797,
    0.9884010789618604,
    0.9881500588235675,
    0.9885817539584661,
    0.9886661653907763,
    0.9882586638789046,
    0.9881070007999302,
    0.988969750417876,
    0.9883145804016126,
    0.9879764074919536,
    0.9876979694742024,
    0.9876342529861463,
    0.9877095312985806,
    0.9879635023215572,
    0.9881088242318647,
    0.987631092292819,
    0.9875735888157293,
    0.9878637962036857,
    0.9875228515171496,
    0.9882376990012084,
    0.9880561177348233,
    0.9875940004788623,
    0.9877353932242439,
    0.9876090021267429,
    0.9876675536273132,
    0.9875017447873048,
    0.9878280953445255,
    0.987537197234759,
    0.9873182948032672,
    0.9875984323049729,
    0.9875020888412129,
    0.9872166757796381,
    0.9870244970175307,
    0.9871080152441537,
    0.9873517276649189,
    0.987131655773105,
    0.9869294627239125,
    0.9869238043542592,
    0.9869533837510143,
    0.9873445821501949,
    0.9872919177474185,
    0.9871186854277147,
    0.9868532127771574,
    0.986655783205104,
    0.9867291246509047,
    0.9867745659699,
    0.9869012616954043,
    0.9867298662802095,
    0.9867241544258017,
    0.986925828564142,
    0.9867172658715283,
    0.9864630885957628,
    0.9866490449033183,
    0.9867544518436322,
    0.9868662672743438,
    0.9867434525010795,
    0.9865811594182314,
    0.9865776266047241,
    0.9867498070335882,
    0.9864903124254787,
    0.9865236609781125,
    0.9867465282094827,
    0.9873860357487435,
    0.9867299282475874,
    0.9863205182115937,
    0.986240786476375,
    0.9862484952076052
  ],
  "val_loss": [
    1.0099917356629897,
    1.0036223857688988,
    1.0010312712586638,
    0.9999528639142519,
    0.9994158875870816,
    0.9986581863202725,
    0.9949566361405301,
    0.990497377433506,
    0.9900986277424948,
    0.9900221586994461,
    0.9899540066401658,
    0.9899458594906216,
    0.9899009186464534,
    0.989817272209661,
    0.9897396137186977,
    0.989743777169921,
    0.9896821553436805,
    0.9899201253207951,
    0.9895752742440203,
    0.9895364140125873,
    0.9895539517833252,
    0.9896220378635568,
    0.989586018857391,
    0.9895306528474213,
    0.9894884634843178,
    0.9894543829846599,
    0.9895146857324714,
    0.9894290593290953,
    0.9894778099905395,
    0.9895434956051226,
    0.9893485484113708,
    0.9893362170078285,
    0.989260104838829,
    0.9891832294605882,
    0.9891380323706696,
    0.9891463460746615,
    0.9891976901266616,
    0.9890066423753637,
    0.9889741564553461,
    0.9888876735939269,
    0.9889947359673539,
    0.9888194032246506,
    0.988819340406354,
    0.988712460086963,
    0.9887511597283801,
    0.9886452892362503,
    0.9887218848548603,
    0.9886759184854692,
    0.9885107011284033,
    0.988586717694568,
    0.9885983863981436,
    0.9884822019881093,
    0.9886358909842866,
    0.9884179076996087,
    0.9884200118744958,
    0.9884116112432063,
    0.9884263676049203,
    0.9883736551323724,
    0.9884302435996185,
    0.9884150741315613,
    0.9883616230216449,
    0.9883378816597843,
    0.988320350170876,
    0.98829658533481,
    0.9882206539767053,
    0.9882293620341258,
    0.9881636835609912,
    0.9881445068410581,
    0.9881137273304738,
    0.9879768409987154,
    0.988091704068862,
    0.9879413647161822,
    0.9879523311244269,
    0.9879580680483431,
    0.9879588279778079,
    0.9879205525252039,
    0.9878099573565767,
    0.9878112305181371,
    0.9878696271869066,
    0.9878233752918265,
    0.9878191585442379,
    0.9877943998433704,
    0.9877975726434443,
    0.9877492436448565,
    0.9877055917263349,
    0.9877400642518381,
    0.9878328942739437,
    0.9877522605100809,
    0.9877592642476031,
    0.987686604096087,
    0.9876868342491008,
    0.9876421617514706,
    0.9876431849491102,
    0.987595666623946,
    0.9877760095027114,
    0.9877145182459535,
    0.9875190664559689,
    0.9875387059814363,
    0.9874599980017232,
    0.9874220943673107
  ]
}