{"loss": [0.08455586365177853, 0.05635118370042066, 0.056260060915170426, 0.05622896051895495, 0.05606872587295544, 0.05445772488126903, 0.37641233747255504, 0.5308842640947908, 0.6707666102505153, 0.8001266847332964, 0.949875294633947, 1.1411267184436409, 1.3024431759356747, 1.4545385094477823, 1.6088230995519122, 1.7361263228660144, 1.87150423583111, 1.9986559541750166, 2.1328133908121063, 2.2732701417790557, 2.426510174658309, 2.5531591872520956, 2.6820276743200013, 2.7847083192456243, 2.950594244538593, 3.0812754419740935, 3.197391289903987, 3.327529466310667, 3.4615108413921676, 3.588408261317446, 3.6888959921973496, 3.848104153637344, 3.965599293898973, 4.061195700700385, 4.1973601172910655, 4.329802356759414, 4.437555609989025, 4.550572081894079, 4.673487452671834, 4.797081039786515, 4.8921695012637745, 5.009021486454207, 5.106404815854138, 5.1905350794292096, 5.342988165653967, 5.441472822665464, 5.492775924448777, 5.6080586153083924, 5.6962073817739105, 5.834391627037014, 5.752832264808643, 5.74492319436686, 5.760816918518201, 5.728068943389937, 5.7117146346910665, 5.696760494564625, 5.6682869828081905, 5.6586258210671, 5.648051218232869, 5.6319207708451735, 5.603694906615084, 5.601576900200443, 5.575704406248062, 5.584406654098713, 5.570097990895304, 5.538492887375802, 5.518515782659128, 5.53516749687702, 5.467511235523083, 5.49976623780266, 5.471601593265505, 5.5163665219283, 5.484211270883129, 5.4560042695421584, 5.4213062325819905, 5.45659550606236, 5.435558974126593, 5.443472134661992, 5.409210257199173, 5.400565793278298, 5.40640220754784, 5.363908939558787, 5.384799321962072, 5.355686898421678, 5.336222157696677, 5.323540878436766, 5.304036345404396, 5.31482076363162, 5.295853201360435, 5.274202953237198, 5.270348243558424, 5.25161525453035, 5.252922390553237, 5.240315063665325, 5.219541753236441, 5.252247043339153, 5.199034454199201, 5.2003644379062175, 5.189142282111254, 5.168276606141377], "mmd": [2.523059870502973, 2.259343889650601, 2.2764987794123863, 2.2892337542693055, 2.28939587150754, 2.0789185383823456, 0.6243274091265578, 0.4694113671515506, 0.4116858035281983, 0.37834051053316237, 0.3678116087239109, 0.35876933686666335, 0.351900221237932, 0.347491511720146, 0.34517155840794833, 0.33789417840969616, 0.3340142904567578, 0.329330499054234, 0.32686168587102143, 0.3254929608837364, 0.32631749638866636, 0.3233344110727662, 0.3211630036506906, 0.31595142683127075, 0.3185100149324761, 0.31692709118964224, 0.31405003043097973, 0.31279042404986906, 0.3118843754073894, 0.3106312014415662, 0.30693134588452176, 0.30858031661418905, 0.3066383137132428, 0.30313155567892547, 0.3029749432862069, 0.3026443001438631, 0.3004837028649216, 0.2988495557972036, 0.2979249478795152, 0.29706158945708366, 0.29444449906687264, 0.2932973881327771, 0.2911210332170371, 0.2881885533670907, 0.28927276478296193, 0.2873489279822726, 0.2829602329470382, 0.28211713383081566, 0.2800358065694262, 0.2804665271209297, 0.27639386449641984, 0.27600268863328625, 0.27683857155955527, 0.27531754094529537, 0.27437275676730816, 0.27361954224778773, 0.2723112390259696, 0.2718860994765818, 0.27130529442953394, 0.27052108762975635, 0.26911984604165684, 0.26903626831190625, 0.2678284723878435, 0.2683360450288922, 0.26767148484683634, 0.26612711331340727, 0.265142363604802, 0.266137362582997, 0.26278773570870717, 0.26446427842891024, 0.26311766740314363, 0.2654590884683051, 0.2639387090149799, 0.2625300272572868, 0.2608219272893148, 0.2626944105725521, 0.2617399119159848, 0.2621771152209672, 0.2604701501183883, 0.26012420049005985, 0.26047273746181276, 0.25848787805090273, 0.2595679993511479, 0.25820313810069595, 0.2572679007907386, 0.2566977347765927, 0.2557985099414955, 0.25636948988479913, 0.2554472451988316, 0.25441249395050713, 0.254259732396423, 0.2533087751097658, 0.2534491533586863, 0.2528648265971743, 0.2518797036992218, 0.2535883408133353, 0.2509043082881009, 0.2510520952755098, 0.25054716680919753, 0.2495404681743864], "mse": [0.08450279835518038, 0.05634556919270287, 0.05625458780340465, 0.0562235703980729, 0.056063351588684134, 0.054452380250748715, 0.09221913245681293, 0.10388774736241012, 0.10916656591383359, 0.11203131917176254, 0.11372378663307102, 0.11482003550189637, 0.11499157188077797, 0.11477003942080051, 0.11522651886350119, 0.11541754249455834, 0.11515986087403234, 0.11584625684792393, 0.11555175926739919, 0.11657533744017166, 0.11675325965995803, 0.11731396055336013, 0.11720943675435629, 0.11796880533239162, 0.1183731005564222, 0.11907006868407505, 0.11898171397660648, 0.11943412405965599, 0.11959070493322707, 0.12002233008646367, 0.1203979600105363, 0.12048179705790966, 0.12091313412569826, 0.12146165774395054, 0.12178290000342196, 0.12148126807927734, 0.12146610283517063, 0.12178575700944072, 0.12217077659099106, 0.1226869798657461, 0.12271496342107148, 0.12311525990638987, 0.12326570965646817, 0.1233366258673513, 0.12336136438117598, 0.12331049242215107, 0.12300715737452007, 0.12316199521942717, 0.12283889990041316, 0.12324801535294715, 0.12268383544560198, 0.1228396653732838, 0.12276818804673993, 0.12245804156167116, 0.12282973851463819, 0.12308598100654836, 0.12240114455913335, 0.12266121043148209, 0.12254213806973602, 0.1220806604870313, 0.1226100166337881, 0.12220503865263839, 0.12216079644473651, 0.12204317872906364, 0.12228003312645142, 0.12245194099986571, 0.12212136894068303, 0.1225387104394869, 0.12216846694402188, 0.121998233855475, 0.12199453338210305, 0.1216168653225441, 0.12156172881406378, 0.1219370482569255, 0.12212969242778099, 0.12194711192231762, 0.12152105148336911, 0.1215723083523739, 0.12209446704017887, 0.12197669093638791, 0.12182451639340934, 0.12152257549577837, 0.12179670526895073, 0.1217167470686721, 0.12189879705317792, 0.12189544967349558, 0.12183306444342767, 0.12201402724845722, 0.1219683635204018, 0.12181422309165867, 0.12151969639113946, 0.12191959758849052, 0.12203444516289005, 0.12159700453985742, 0.1217755073546659, 0.12162352804551273, 0.1217713645347112, 0.1221139265920422, 0.12168752180860877, 0.12173623295619182],