{"loss": [0.28206210224524786, 0.219245616586312, 0.218549398339313, 0.21754842397959337, 0.2165763335901758, 0.2160915750135546, 0.222199468029582, 0.22684659859408504, 0.2302399367612341, 0.2343257337031157, 0.23769624910924744, 0.25311001469259675, 0.25386529490999554, 0.2580707476968351, 0.2616375682146653, 0.2658298085824303, 0.2691784889801689, 0.2733075794318448, 0.2769554275792578, 0.27951546684555384, 0.28254419306050177, 0.28646481270375457, 0.28912928034429963, 0.293313937653666, 0.29457689904648326, 0.2982071027548417, 0.3004434623407281, 0.3047373752490334, 0.30743502741274625, 0.3098528421184291, 0.3132689682037934, 0.3159358634378599, 0.31835392402566, 0.3213721867488778, 0.32468162829461306, 0.32659298956394195, 0.3315021030280901, 0.33357759219148886, 0.33600350968215775, 0.33981417775154116, 0.3425850811989411, 0.3441704170859378, 0.34744042269561604, 0.3492656555901403, 0.3544558256864548, 0.35648940609849017, 0.36022782546022664, 0.36244365396706957, 0.3665274615909742, 0.36919080767942514, 0.36671432461427605, 0.36765309393405915, 0.3679953826510388, 0.36620109889818275, 0.3627437735899635, 0.36470421798851177, 0.3631992566844691, 0.3609327278707338, 0.3619027677826259, 0.3608109742662181, 0.35927217115526616, 0.36145674977613534, 0.36029049653074013, 0.3575679102928742, 0.35969770921313243, 0.35719650208950043, 0.35773863103078757, 0.3561087520226188, 0.35455817251101784, 0.35475388617619225, 0.35551076702449635, 0.35580849880757537, 0.35552430287651393, 0.35221166846544844, 0.35311314199281774, 0.35349142533281575, 0.35232839180075604, 0.3534047948277515, 0.352385975640753, 0.35230045075001926, 0.35143992307393446, 0.35212893011777296, 0.3524247010116992, 0.35050532659758693, 0.34954043403915735, 0.3495443124356477, 0.34852542205997133, 0.3506980531112007, 0.34882919500703397, 0.3491574513912201, 0.34894744238127834, 0.3474601891507273, 0.34753985985465674, 0.3473505909287411, 0.3477665896519371, 0.34708946575289185, 0.34601006220216335, 0.3468395784885987, 0.3454838615655899, 0.3448283058923224], "dist": [0.05048271952358925, 0.014000680302877141, 0.0139784802686747, 0.013988731102613004, 0.0171601608298395, 0.022495193466463167, 0.012515192235131627, 0.010951575065517555, 0.010106822540983558, 0.009678826994546082, 0.009252084209786161, 0.009992150951014913, 0.010128338741462515, 0.009994863719557939, 0.009737927845638731, 0.00954994050785899, 0.009376905830577017, 0.009287399509111824, 0.009136543716911388, 0.008999551539916707, 0.008805847222633336, 0.008733764879162545, 0.008625220830106865, 0.008605117271856769, 0.008366755628148499, 0.008296638490308239, 0.008196206658511706, 0.008150089238972768, 0.00810935399333096, 0.008000511176398268, 0.007986416424746099, 0.007901521990399646, 0.007792705816176275, 0.007763182867075438, 0.007736963151508699, 0.007616680139756721, 0.007711193055400382, 0.007627923208005403, 0.007568672328539517, 0.0075817629257621975, 0.00753596215751832, 0.007425788294766908, 0.00742958258068108, 0.0073537170259362974, 0.007425033363878079, 0.007363590484323061, 0.00737212756972598, 0.007290816065328925, 0.00736406700645128, 0.007317331730104659, 0.007190889160594215, 0.007238366138190031, 0.00726529066045971, 0.007146098437192648, 0.007045007758247464, 0.007112111847685731, 0.007028887830674648, 0.006910307664505165, 0.006965583154283788, 0.006903704602028365, 0.006834798044241641, 0.006940662355931557, 0.006869216143437054, 0.00674684085721231, 0.006840167808063004, 0.006739244330269487, 0.006754032455222762, 0.006688727861999169, 0.006609614865611429, 0.006637842238516264, 0.006665454597171882, 0.006697097836953142, 0.006640500901266932, 0.006508928900179655, 0.006562173932223864, 0.006546586154271727, 0.006530050827271264, 0.006567473197760789, 0.006514949942331599, 0.006509368118789533, 0.006480184077973599, 0.00649053578507965, 0.006520414863024717, 0.0064208078392497875, 0.006363746343261522, 0.0063720851193141675, 0.006335999736076464, 0.00643040144249149, 0.006349002693415336, 0.00637051200615647, 0.006348859243013936, 0.006289007945148193, 0.006293190578808603, 0.006287121597839438, 0.006289751394449369, 0.006263182514711567, 0.006212981944579793, 0.006230906714968707, 0.006167734311893582, 0.0061539087027473295], "mse": [0.13738918768322986, 0.0939795437325602, 0.09385671325351881, 0.09368665719809739, 0.0930637944781262, 0.09243930218012436, 0.09273818665224573, 0.09295060423405274, 0.09279418443856031, 0.09292394075704657, 0.09298437872658605, 0.09790286666673163, 0.09716829511134521, 0.09746640104314555, 0.0976147270332212, 0.09786764784999516, 0.09798585132412288, 0.09844339717989382, 0.0985343441237574, 0.09842056099487388, 0.09866848363824512, 0.09887250972830731, 0.09873375411914742, 0.09875408887863159, 0.09848750118328177, 0.09865172752867574, 0.09856020061866097, 0.09879615847183311, 0.09858167741609657, 0.09872005568898243, 0.09874103281808937, 0.09862075774565987, 0.09866864498542703, 0.09867950807447019, 0.09868147926486057, 0.0986270045456679, 0.09866750800091287, 0.09873079349165377, 0.09855245791051699, 0.09855456966420878, 0.09857646633749423, 0.0987560714846072, 0.09862136846003325, 0.0985748736884283, 0.09863518156435179, 0.09856363047724184, 0.09869613236707189, 0.09884742946728416, 0.09858176551435305, 0.09879850799622743, 0.0985914374564005, 0.09856753100519595, 0.09868039392906687, 0.09867161778004273, 0.09833764106035232, 0.09863590196422908, 0.09860885674538819, 0.09868800459996514, 0.09841356216565422, 0.09858630710321924, 0.0985718591057736, 0.09852840395077415, 0.09855834655139757, 0.09862838443206705, 0.09856028907972833, 0.09856343334135802, 0.09844619508670724, 0.09843478311663088, 0.09833400515110596, 0.09821004754823187, 0.09823052940161332, 0.0982897173580916, 0.09823960556932118, 0.09826833065437234, 0.09818898515856785, 0.09814050873984462, 0.09793754208347072, 0.09814449021349783, 0.09823040833939677, 0.09814418861399526, 0.09794148710758789, 0.09808873829634293, 0.09806489906881166, 0.09797960789307304, 0.09809126777493435, 0.09803586379341457, 0.09784979559805082, 0.09803400016349295, 0.09778695797142775, 0.09795108254836953, 0.09801154862279478, 0.09772397529819737, 0.09774956652651662, 0.09773051471813865, 0.09778822946807612, 0.09780056883459506, 0.09771495116793591, 0.09773253228353418, 0.09781965932120447, 0.09777241697777872],