{"loss": [0.06864983774721622, 0.05592342260425076, 0.05370185488800695, 0.05169333254724193, 0.05086902411300346, 0.05011733208834394, 0.368021858478982, 0.44892297045219165, 0.5607585842075523, 0.6669095229883135, 0.7742179754687233, 0.8974062941191386, 0.9999152226316417, 1.1215242727036856, 1.2264418991431136, 1.3233571101917079, 1.421468466337473, 1.5137518435899466, 1.6212794656402494, 1.716693594777511, 1.8099974781457633, 1.9111436832170545, 2.024274355063409, 2.1145675339581778, 2.196539044745861, 2.3105870485305786, 2.3933884998772044, 2.517263460378705, 2.5697165760525897, 2.6991643554593887, 2.781733719117802, 2.8931838493405677, 2.9647036110696616, 3.098872458276573, 3.163199578326173, 3.2384408207758804, 3.3779090248002595, 3.5001306350977144, 3.5359851341306068, 3.673964387068719, 3.757795102757179, 3.8589274012969317, 3.9350390039338654, 4.034481064673582, 4.131026389408697, 4.228112771467197, 4.313942337328671, 4.406299716124505, 4.527679248821516, 4.566788298220723, 4.557483591185026, 4.5775689076792245, 4.5452552514573545, 4.566592333506953, 4.516891199386924, 4.545679891767677, 4.5514662514435, 4.5488076180768156, 4.500322638845152, 4.52232164693025, 4.49598113086326, 4.498588415742652, 4.503768501837561, 4.498747742249191, 4.47510428735815, 4.414897967701309, 4.45172454462461, 4.463635878328897, 4.443331583877282, 4.40732172149822, 4.411326567088168, 4.444780167626457, 4.39746733969706, 4.389909726710408, 4.3963372231992475, 4.403402775343211, 4.430200077273363, 4.351964700441419, 4.3937806958801175, 4.378265622934681, 4.350788183738849, 4.3667951039741375, 4.36097349564722, 4.330395232680385, 4.321045855071647, 4.294478201427343, 4.310112336661918, 4.340947274050098, 4.32099540248239, 4.286293807936592, 4.304440757979645, 4.303473670058455, 4.27993798475324, 4.2979906519497835, 4.303546328486109, 4.266932790264762, 4.2740294311675555, 4.25258411732188, 4.255323423929741, 4.294608592255715], "mmd": [2.3394111577718535, 2.157504376458244, 1.8843103376634283, 1.6514398854203018, 1.5694608348278911, 1.4933304369815288, 0.38594023138284683, 0.2524185492400011, 0.22279893963432018, 0.20563857467627963, 0.1955306607704221, 0.1913729937621421, 0.1844864741790514, 0.18299949553115236, 0.1793287796385449, 0.1752327823885745, 0.17210695277785232, 0.16884963502364655, 0.16762725922044802, 0.16557937117716287, 0.16357922085498008, 0.16253527882366092, 0.1626604944238999, 0.16079378975955255, 0.15861423679290373, 0.1590846715940654, 0.15722995477677124, 0.15822011417497886, 0.15464783144509134, 0.1560600133487052, 0.15462806868863985, 0.1549423254706377, 0.15304488055636548, 0.1545965855289822, 0.15249006073076302, 0.1510780844037518, 0.152788511380279, 0.1535865927080801, 0.1505461501334708, 0.15199129706237213, 0.15120513609216257, 0.15110646937888092, 0.15002360114930596, 0.14989544819194847, 0.14961066311853796, 0.149460296689367, 0.14883690992473092, 0.14849334628395508, 0.14914333571228514, 0.14711012579272129, 0.1467359209307498, 0.1473640600002251, 0.1462870000238799, 0.14702240345668208, 0.14542419431399714, 0.1463659780065706, 0.14655692765683484, 0.14639935551062683, 0.14479959189343306, 0.1455131067317322, 0.1446485249954133, 0.14470891757336862, 0.14484472970472523, 0.14472737341570707, 0.1439602953936059, 0.1419259394330481, 0.1430935477780784, 0.14352628730374611, 0.1428888320602888, 0.1416509405601244, 0.1417742990688678, 0.14290828136670078, 0.1413220020205331, 0.1411243228276083, 0.1413123031701047, 0.1414955175636005, 0.14234363870478114, 0.13985289953237662, 0.1411825771346414, 0.14073365709624408, 0.1397461549041827, 0.14025786187659744, 0.14006277466295686, 0.13904178025989444, 0.1387532759983481, 0.13786960969124834, 0.13840448006164807, 0.13939160622793473, 0.13872817044426328, 0.13759218764268547, 0.13816756912809938, 0.13813088706300303, 0.1373605062853705, 0.1379920601661951, 0.1380865174614213, 0.13677775144485607, 0.13716556108985212, 0.13647769944616622, 0.13653241438459765, 0.1377783289944833], "mse": [0.06863717573689171, 0.05592088785273897, 0.053699058166310834, 0.05169020571454537, 0.05086578264192569, 0.050114072333632805, 0.104648806326137, 0.10455547506275352, 0.10487349427368012, 0.10592623363517545, 0.10747074824900715, 0.10852265216273033, 0.10961435483825718, 0.11067011223340327, 0.11087447073470595, 0.11129931063374128, 0.11187729639418285, 0.11251987270050985, 0.11384162336496488, 0.11343724351444859, 0.1142349814984696, 0.11435322145834291, 0.11487817992827644, 0.11557221065269657, 0.11519493779704615, 0.1154067479988183, 0.11568485239257842, 0.1155025340570994, 0.11607405161656485, 0.11533961173124109, 0.11566531822725308, 0.11618799165439753, 0.11634502914145681, 0.11602318574862977, 0.11629331093624326, 0.11593762277825478, 0.11699578449404313, 0.11747618421820775, 0.11748819437129365, 0.11771444441533528, 0.11784138244811011, 0.11779493066065151, 0.11859718659904106, 0.11795788601132258, 0.11710560570922365, 0.11793461503700976, 0.11847446714899292, 0.11897603330985168, 0.1193888530226573, 0.11904287091427786, 0.11915972618603267, 0.11858035032094622, 0.11857495038695862, 0.11876591969212871, 0.11819288351693036, 0.1180444639290403, 0.1181608341360019, 0.1190633656559912, 0.11837421730160713, 0.11834803125335396, 0.11881454263819508, 0.11961617780152274, 0.11949202320052803, 0.11911893766259123, 0.11938930956498245, 0.11915952593453823, 0.11960659118974867, 0.11924580838874074, 0.11892468671948632, 0.11908764865226541, 0.11894712747971704, 0.11875889068640814, 0.1186188594009613, 0.11883001196329579, 0.11874183013669552, 0.11900940596874506, 0.1193386810871721, 0.1192941970300455, 0.11862269555864159, 0.11931051686406136, 0.11904533755925535, 0.11838500814203835, 0.11934754976922748, 0.11917808016567874, 0.1187202942791892, 0.11850410528435297, 0.11869709280553771, 0.11886904420662511, 0.11984819987434552, 0.11881980590202326, 0.11917470982926755, 0.11986228915079972, 0.12037016060546132, 0.12013480954009331, 0.11876866705944202, 0.11873599066416178, 0.1193885030967692, 0.1198365927382481, 0.11939648273715213, 0.11919295189022286],