{"loss": [0.05764327572446806, 0.0506939895263979, 0.04982451133242914], "dist": [0.012756280753379095, 0.009961043672974564, 0.009766835699055999], "mse": [0.057632985724304066, 0.0506834814069102, 0.0498133443042834], "kld": [16.776231754108977, 11.869812934402173, 9.360757854523651], "l1": [0.010290020104893861, 0.010508084918703867, 0.011166968401466418], "mcc": [0.0, 0.0, 0.0], "epoch": [0, 1, 2], "beta": [0.0, 0.0, 0.0], "alpha": [0.0, 0.0, 0.0]}