{"loss": [0.06134550663005654, 0.052047459510439785, 0.04986002296209335, 0.048465751392142285, 0.04734250813436473, 0.04652251735703808, 0.050918588340502544, 0.053216772613444395, 0.05521154356914046, 0.056871111456585424, 0.058706752642262806, 0.07422435802009997, 0.07555431014193742, 0.07769377541726942, 0.07983145934902407, 0.08131484806735724, 0.08330077626240306, 0.08552279727233565, 0.08738111464672638, 0.08872477354776208, 0.09095868973427368, 0.09248450991630203, 0.09449945101885887, 0.09594577265851079, 0.09732394180146418, 0.09955062555421579, 0.10131383913966718, 0.10270496436905122, 0.10455589180198695, 0.10624431983803012, 0.10734527303866129, 0.10967282380804177, 0.11110790586718076, 0.11172898783949664, 0.11377710856750409, 0.11573750978030341, 0.11688101191508365, 0.11832476819987839, 0.12040471546406936, 0.12204699670590537, 0.12256026639984137, 0.12464591372136351, 0.12584100803429127, 0.12751682770701245, 0.12957732607245973, 0.13098154433808967, 0.13229409066005507, 0.13377558269388037, 0.13465045984597818, 0.13641377808072191, 0.13561584967762189, 0.1355217987096468, 0.13450420696282844, 0.13475099918012956, 0.13419129634537408, 0.13446297377700114, 0.13305189626695837, 0.13329278228686162, 0.13301592513896865, 0.13272565025478558, 0.13250383785327394, 0.13227173033413894, 0.13184725815647638, 0.13153618398057834, 0.13201026296025717, 0.13126093878835837, 0.13069763234878395, 0.13103128348971047, 0.1303585312787328, 0.12977056518923408, 0.12960349882855196, 0.12993177088139857, 0.1299220496345658, 0.12950277591517617, 0.12816564461417176, 0.1293125582124317, 0.12797069861010224, 0.12904424735371084, 0.1279419522671967, 0.12768340822821, 0.12766887223350773, 0.12727912957814455, 0.12754693509600892, 0.1275139519039602, 0.12704862306442008, 0.12647588469605325, 0.12606678591653198, 0.12617661482606363, 0.12680954553263932, 0.12567566612534545, 0.12581939501151376, 0.12618944275590482, 0.12522658464695538, 0.1254988821385706, 0.1250145214897315, 0.1251638975968389, 0.12474639312071145, 0.12391231333399452, 0.12424052113796442, 0.12430484314480772], "dist": [0.014778247258200846, 0.009967491057862361, 0.009942431099495495, 0.010031735332286539, 0.010036587586524611, 0.01007217923495671, 0.008319436260217049, 0.006666534055475602, 0.005760842990652938, 0.005267681672266702, 0.005021245334712868, 0.004865553944015344, 0.004841077869876317, 0.004834395301276529, 0.004795687414665859, 0.004658658566101945, 0.004606975576265315, 0.004605861911701487, 0.004573292196611358, 0.004463975990130573, 0.004483330609487367, 0.004396266503255412, 0.00440024001870519, 0.004348096919405594, 0.004265006908292619, 0.004294019855869771, 0.004252354015336211, 0.004215055346513715, 0.004194418793445126, 0.004180852940754533, 0.004105291538596693, 0.004132502643698263, 0.004118455572884689, 0.004016425155008286, 0.004027534418799907, 0.004027687133863525, 0.003979826841277774, 0.0039592405810038745, 0.003978620528001366, 0.0039613298625386754, 0.0038933079446249116, 0.003904517495143537, 0.003862798276551321, 0.0038578071300644687, 0.0038691288526782126, 0.0038519848321744705, 0.0038354496113568036, 0.003807706812202677, 0.0037727921683908035, 0.0037608935607410143, 0.003735137751024695, 0.0037101528948128904, 0.003681169942150682, 0.0036913771794467856, 0.0036512542353665106, 0.003669238797364209, 0.003610036199867032, 0.003623434726253394, 0.0036144753556252847, 0.0036073491306414214, 0.003583713979570352, 0.0035755543871899653, 0.003563974519876524, 0.0035512328173337914, 0.003563839252838697, 0.0035424362823361618, 0.0035120789164558956, 0.0035360920097832972, 0.0035070315535775934, 0.0034798941450493418, 0.003478069799681204, 0.0034811865616427456, 0.0034838952430203403, 0.0034642354538801786, 0.0034032344618300458, 0.0034423082290723525, 0.0033952776530752045, 0.003439407189860885, 0.0033997406385511578, 0.0033860949032831294, 0.0033818272364076825, 0.0033659788174967404, 0.0033802834509334017, 0.0033752384390599442, 0.0033605488468074355, 0.0033358354136922798, 0.0033154035516033717, 0.0033256369269765262, 0.003343557753563037, 0.0032986347724173215, 0.003302126814558981, 0.003314653445555219, 0.0032739013554170682, 0.0032985448136380936, 0.00326040835172059, 0.0032726313449040695, 0.003252230083364911, 0.0032167244821916193, 0.0032337209547868484, 0.00323365449367512], "mse": [0.061333848028670736, 0.05204268229060546, 0.049853887755638385, 0.048459119412448244, 0.0473346127970268, 0.04651457580298934, 0.0471082160433691, 0.04711848601940992, 0.04730571782219181, 0.04723874864717354, 0.04724029470317649, 0.05521580443182407, 0.056530719521170704, 0.05751637784843959, 0.05818979112511195, 0.05842107898133368, 0.05870120022088245, 0.05891097843250813, 0.05893436965135035, 0.05904554046877554, 0.05911611195549127, 0.05924165120108969, 0.059219411129965566, 0.059221224113748555, 0.059316431726583525, 0.05939029950643043, 0.05950420279952765, 0.059428336530747757, 0.05944752933091568, 0.05945773575691564, 0.059533748440059285, 0.05956317043066729, 0.05947329532602689, 0.05951094452396277, 0.05956920700772298, 0.059608556940997544, 0.05959496549172451, 0.05962716811714884, 0.05956535712104604, 0.05961338422389115, 0.059610196833596446, 0.05965405293744459, 0.05968896475685224, 0.05968927144123849, 0.05980932680089329, 0.059714159076728, 0.05973953353667541, 0.05982345541281573, 0.05982614748807214, 0.059933959408780144, 0.05986840202524003, 0.060023055581081564, 0.05988562545646945, 0.05982884921496693, 0.059887754369081385, 0.059813440445827065, 0.059850978903043216, 0.059767451764605774, 0.059701619078260756, 0.05963033214871781, 0.05965757504259642, 0.059604685478451686, 0.05959535447366129, 0.05944600925289722, 0.05948798918609605, 0.05942740123526384, 0.0594099995348619, 0.05940525580412176, 0.05928785506322254, 0.05922349766337009, 0.05924260581085566, 0.05929923844984574, 0.05925574908624548, 0.05928228650808862, 0.05927373239965875, 0.059273816023346595, 0.059199978139367025, 0.059247045900171935, 0.05910596442429494, 0.05910639029045753, 0.05908711409771284, 0.05906992007261541, 0.05905273061471288, 0.05914296659378217, 0.058949725303463256, 0.059016072123890616, 0.05896368596917417, 0.058951177440330585, 0.05898648196146266, 0.05896970871258169, 0.058979026191872015, 0.059062367197858, 0.05894202083085101, 0.0588429852263614, 0.05891894733469983, 0.05893246827308677, 0.058929352631773166, 0.05894993977453367, 0.05888738369836061, 0.05889135741104579],