{"loss": [0.10939483833701714, 0.05909141723228537, 0.058269485099160155, 0.05758057617622873, 0.05749256765064986, 0.05699442665214124, 0.060203129014243253, 0.06289511565928874, 0.06508032780626546, 0.0670596365954565, 0.06893963014949923, 0.0734453101909679, 0.07670494525328926, 0.07913791249627652, 0.08125398986365484, 0.08332873756470888, 0.08532275825738907, 0.08682704825764118, 0.08836165415204089, 0.08985988022192665, 0.09148784982121509, 0.09395179345555928, 0.0953742769230967, 0.09716262301673059, 0.0983539735623028, 0.09995193008495414, 0.10125182482211487, 0.10340821250625279, 0.10553990757983664, 0.10588699785263642, 0.1080237277953521, 0.10902350620083187, 0.11006292621726575, 0.1120923566299936, 0.11374853180802387, 0.11539533293765525, 0.11786796488191771, 0.1188641612296519, 0.11912273213915203, 0.12119206072195716, 0.12344537626142087, 0.1244775336721669, 0.12568977473870568, 0.12695667921201043, 0.12815056102431338, 0.12878279338712278, 0.13184040633232696, 0.1322152832927911, 0.13422092166931732, 0.1359420197683832, 0.13507366536752038, 0.13522150311781012, 0.1339939418175946, 0.13390509828277256, 0.13398356628158817, 0.1339269307644471, 0.13254794335883596, 0.13229111409705618, 0.13140801215949266, 0.13274716696013575, 0.1310661702959434, 0.13260504561921824, 0.1307985109479531, 0.12975596535464992, 0.13072096042011094, 0.12980553978163262, 0.1299156640275665, 0.12947727020667946, 0.12888941807591398, 0.12850871118514434, 0.12927933183701143, 0.12883536179428515, 0.12867506773575493, 0.12784186565357705, 0.1278585347533226, 0.12707210444885753, 0.12721370111341063, 0.12738086042196856, 0.12773232386164043, 0.12659540642862735, 0.12736140109922575, 0.12666305508302605, 0.12643252434937852, 0.12548444610574971, 0.12559007384206938, 0.12571923691293468, 0.1252776014416114, 0.12641331399264544, 0.1253821680597637, 0.12528449020955873, 0.12540900950846465, 0.12460760432740917, 0.12470011569883513, 0.12422561281401179, 0.12413101318089859, 0.12481366226206655, 0.12450185092894928, 0.12432513700879139, 0.12361741952274156, 0.1239330658187037], "dist": [0.030414411152267586, 0.008562704760419286, 0.008522907738857294, 0.008484928944026646, 0.00851235118492142, 0.009460940966787545, 0.0070338830133171186, 0.006288906945644514, 0.005837390562924354, 0.005450149397163287, 0.005192886795848608, 0.005021705685750298, 0.005014091760487012, 0.004914955493548642, 0.004841228732839226, 0.004796833307279841, 0.004725314194498503, 0.004587488725538487, 0.004499916103668511, 0.0044040832419515305, 0.004349186970325916, 0.0043756653101223964, 0.004305251974045582, 0.004284440898741393, 0.0042020788474980255, 0.004165567144468103, 0.004109441503153547, 0.004119859677132057, 0.004136739417748607, 0.004012492082851088, 0.004039007991187922, 0.0039741669006078785, 0.003917152382757353, 0.003942296736792702, 0.003931702619175548, 0.003925374564107346, 0.003974198709120569, 0.003922469962347784, 0.003831218383882357, 0.0038499880118457517, 0.0038844521432791065, 0.0038276905835727634, 0.0038113139559636296, 0.0037791757892979227, 0.0037536769740931365, 0.0037019086598783085, 0.0037696608844334663, 0.0036947914160302153, 0.0037178511289960663, 0.0037129742065039667, 0.0036816541951797577, 0.003689054152118447, 0.003628657079382759, 0.003625644356133821, 0.0036372829919033077, 0.0036287463075764803, 0.003571353418469105, 0.003556324408349136, 0.0035214618534740545, 0.0035825773674751753, 0.0035041315300876033, 0.003575514371547362, 0.003491608564256002, 0.003447181517055825, 0.003487976453186053, 0.0034527791277302994, 0.0034571822024071996, 0.0034383836244840336, 0.003408232445464186, 0.003394869105971378, 0.003431793269701302, 0.003411692263275061, 0.0034025571742297514, 0.003360633836735202, 0.003362870218191782, 0.003326736770813232, 0.0033393815663926626, 0.0033483639035535896, 0.0033639193866806835, 0.0033060356440103573, 0.003344512599236939, 0.003308902108717872, 0.0033067149553528945, 0.0032592368048980185, 0.0032623148784446327, 0.0032677848758580893, 0.0032536496108640793, 0.0033023946092504523, 0.003259791534029595, 0.0032569007010644544, 0.0032607768955842955, 0.0032256521254211017, 0.00322960217949003, 0.003205211713464688, 0.003203693374424525, 0.0032368625449421613, 0.0032239603376744883, 0.0032166343048700818, 0.003178393365815282, 0.0032005068572723994], "mse": [0.08326136199676472, 0.057181625949299854, 0.05710833594202995, 0.05702379277218943, 0.05681406786908274, 0.05649931053104608, 0.056500310522058735, 0.056601634414299676, 0.05653233925285547, 0.05658804897380912, 0.05659381623501363, 0.05710348916442498, 0.057644989231358405, 0.05797562402875527, 0.05825361913960913, 0.05851599633693695, 0.0587045391227888, 0.05891702800989151, 0.05907077491931293, 0.05917627810784008, 0.059323369530232054, 0.05948496385760929, 0.0595790601035823, 0.05966312589852706, 0.05966665399463281, 0.05976610081351322, 0.05976149642597074, 0.059921854047671606, 0.05992165067921514, 0.05989413567211317, 0.0599231609378172, 0.059884253714395604, 0.05988452866025593, 0.059910304371429524, 0.059916269241467764, 0.05988369325580804, 0.059943766516187914, 0.059966744307590567, 0.05980998639179313, 0.05986244533372962, 0.059864201377267424, 0.05997565459945928, 0.05986269429326058, 0.059927583220212355, 0.05988746192144311, 0.05984394348833872, 0.05987433616233909, 0.05995480626821518, 0.05984854662547941, 0.05990339363398759, 0.059782753360012306, 0.05977823580736699, 0.05978715981478276, 0.0597865262174088, 0.05973745862426965, 0.05982818019130955, 0.0597492297447246, 0.05977506765852804, 0.05964114082896191, 0.059703855961561206, 0.05965585270005724, 0.0597340815157994, 0.059665874268697655, 0.05967766087340272, 0.05971353514038998, 0.05960547131040822, 0.05960009385062301, 0.05962803802412489, 0.059587153623933374, 0.059581862642713215, 0.05958958194307659, 0.059571914472009824, 0.059618492035762125, 0.05957863328249558, 0.05958354188048321, 0.059566272561964784, 0.0594832711180915, 0.059544741012479946, 0.05956365484906279, 0.0595745424926281, 0.059532598574524344, 0.05959760771497436, 0.059529621484486955, 0.05949801514977994, 0.05955031776557798, 0.05949162342626116, 0.05949495058992635, 0.059455783768840455, 0.05942912306474603, 0.05945456642171611, 0.059466170500154084, 0.05935519762661146, 0.0593693290002968, 0.05944080415627231, 0.059379951215308646, 0.05934631857535114, 0.05938534336893455, 0.05932906282336815, 0.05936122064357219, 0.059332024157047275],