{
  "loss": [
    1.0243410037916858,
    1.0048128236495082,
    1.0012285453922387,
    0.9996133846391221,
    0.9987984695582512,
    0.9983709549795875,
    0.9978907241770446,
    0.9949290660520295,
    0.9884703940880171,
    0.9856770706878242,
    0.9839375469256161,
    0.9828021085376505,
    0.9821016866515604,
    0.9812871056453218,
    0.9804957445677895,
    0.9798572903650052,
    0.979101975523131,
    0.9784663108186779,
    0.9775883390267263,
    0.9768817082298931,
    0.97619173766358,
    0.9758827550504787,
    0.974791936792295,
    0.9746879901647826,
    0.9740546596319292,
    0.9735794211884713,
    0.9733326600401389,
    0.9727168930634357,
    0.9717723386065107,
    0.9721353170020874,
    0.9731634267849134,
    0.9725000064191529,
    0.9712247411707874,
    0.9711707107107228,
    0.9710102050334135,
    0.9703434504081468,
    0.9699081816969355,
    0.9694416754020309,
    0.9696039237225659,
    0.9694415259376559,
    0.9695271686422527,
    0.9692493657404069,
    0.9688194133468241,
    0.9682200377883999,
    0.9680196087542061,
    0.9678771077556811,
    0.9675813832254158,
    0.9677468536229545,
    0.9670156705459287,
    0.9670785701852592,
    0.9673176840459597,
    0.9674836934226861,
    0.9668673320122796,
    0.9669887691326465,
    0.9668806467824849,
    0.9658774518678054,
    0.9656278693318086,
    0.9651877091715282,
    0.9653636312161714,
    0.9650386197894696,
    0.9649268321299613,
    0.9644876945046006,
    0.9642293370787394,
    0.9635787364447117,
    0.9637337394069755,
    0.9644629249435325,
    0.9647489958651994,
    0.9640201461068106,
    0.9646328439185743,
    0.9639617441154202,
    0.9632504281622282,
    0.9625861151842391,
    0.9629905223918113,
    0.9624413885338949,
    0.9627048533660556,
    0.962921906662985,
    0.9632956853499511,
    0.9625273039189304,
    0.9627437818555472,
    0.9624482926975659,
    0.9664554724847357,
    0.9666613097773261,
    0.9648591621861446,
    0.9639723559307442,
    0.9629356153394463,
    0.9625703161138472,
    0.9618475216110803,
    0.9616411258525713,
    0.9620514111265217,
    0.9621477822633947,
    0.9615540301512586,
    0.961181029679183,
    0.9612735573856578,
    0.9611896582393697,
    0.9612457046132434,
    0.9613546233031536,
    0.9614340953178557,
    0.9613122448283943,
    0.9610787766125128,
    0.9610932388396265
  ],
  "val_loss": [
    1.0278551138854122,
    1.0207190474462355,
    1.0181769232421263,
    1.0169985638074348,
    1.0164336037093746,
    1.016060139374886,
    1.0151876881853075,
    1.0064433614771446,
    1.0026261866286272,
    1.0008901293120287,
    1.0002735463000945,
    0.9997280786631986,
    0.9992231337957889,
    0.9985499357927667,
    0.9982148826186814,
    0.9978549278242758,
    0.9976671185574347,
    0.9973815326783597,
    0.9971673377624534,
    0.9967310497021684,
    0.9967031574386933,
    0.9964073652913105,
    0.9962449356865168,
    0.9962077869142019,
    0.9959970353442122,
    0.9958313783124568,
    0.9958728712330395,
    0.995606062215229,
    0.9953867649610444,
    0.9954010432311147,
    0.9954434831148449,
    0.9953054840579355,
    0.9950910567032736,
    0.9949458222748871,
    0.9948670954017681,
    0.9947136412971246,
    0.9946358110103656,
    0.9946766056682349,
    0.9944942323622055,
    0.9944653313153919,
    0.9943513480045012,
    0.9942555130280901,
    0.9942221979680194,
    0.9940565062188707,
    0.9938956887142962,
    0.9938848463046082,
    0.9937356818414947,
    0.9937253685816665,
    0.9935779135307221,
    0.9936634535739586,
    0.9936024065010817,
    0.9933582346863542,
    0.9931916768952682,
    0.9931161456570992,
    0.9928829143383752,
    0.9928018453533319,
    0.9925173251734706,
    0.9923603567393925,
    0.9921647915982976,
    0.9920760287742931,
    0.9918587497751105,
    0.9916239057108626,
    0.9916615407848048,
    0.991443066165061,
    0.991422594217392,
    0.9913819897953503,
    0.9915086034831911,
    0.9911113094655412,
    0.9913991787338119,
    0.9910612756360184,
    0.9909205557593624,
    0.9909248638566072,
    0.9910187248889396,
    0.9908809354269991,
    0.9907634945734878,
    0.9906872609426552,
    0.9907627310919788,
    0.9906391463783922,
    0.9906852851917235,
    0.9905268806965504,
    0.99096291988432,
    0.9904607303389484,
    0.9902500154652866,
    0.9902681822985012,
    0.9901653084243862,
    0.990201827895551,
    0.9900840468804185,
    0.9901192362925414,
    0.98998515096566,
    0.990202380104299,
    0.9900951923251969,
    0.9899846344637725,
    0.9898832271091347,
    0.9899115267749815,
    0.9898601257168658,
    0.9898023345503985,
    0.9896327772969935,
    0.9897631750946568,
    0.989614117364942,
    0.9895455679795407
  ]
}