{"loss": [0.0626417597263303, 0.05300208621354364, 0.050831012790981386, 0.050006970135905014, 0.04961140610090563, 0.049393251307165605, 0.38259588197379907, 0.5440497457805025, 0.7240536487613154, 0.8985295588896228, 1.0800136028399672, 1.279054951984738, 1.4524940491779164, 1.6246410842484174, 1.7885316992439935, 1.953464198499874, 2.113669489475966, 2.292887178798546, 2.461706073104543, 2.607411854728462, 2.7949562498878695, 2.9429192712071024, 3.116422644394011, 3.2838349821296364, 3.4458182062320906, 3.61843120505926, 3.783738233842385, 3.9560317464910195, 4.093857760619554, 4.284287831984031, 4.381109615548499, 4.590208419140544, 4.770943968123488, 4.906557488476684, 5.073116295799019, 5.2194458779767485, 5.367782509661495, 5.553188438077445, 5.703930445576701, 5.856748333709807, 6.014922960470135, 6.190580589908617, 6.338636191239914, 6.484039821512062, 6.642247252837594, 6.847328717810717, 6.967518151422723, 7.163033893224584, 7.287008119298577, 7.468543869001651, 7.422504682836716, 7.427310647077011, 7.42214053701967, 7.406398347772911, 7.403903603377687, 7.436286223339717, 7.37944603248044, 7.3742443377721605, 7.382848555791678, 7.383017246973215, 7.3621064641098855, 7.323726811824557, 7.3513879501308965, 7.353719190797566, 7.335421584733656, 7.313801731633647, 7.346116424487295, 7.329048221537422, 7.305447109340741, 7.318356325214335, 7.317766959417166, 7.315487049531021, 7.326379666828511, 7.285839482283486, 7.31775390027721, 7.274261828891635, 7.255862861475529, 7.2328493528211135, 7.259937753353372, 7.259003253243699, 7.239503242064438, 7.20529764406438, 7.188885934595872, 7.2077902247317605, 7.197626108256894, 7.1834311541637605, 7.195498123478854, 7.212187475432674, 7.2006429562364405, 7.186008592123823, 7.211467679529457, 7.1566534760783655, 7.178585456076189, 7.14751855661457, 7.1608257793781505, 7.169637849799287, 7.129940969729177, 7.153626887801831, 7.146856553093193, 7.192646913373488], "mmd": [2.3457401658090564, 1.8689987266785637, 1.6335677327574445, 1.5535041637927778, 1.5156109778532425, 1.4973950923105463, 0.41425992057629846, 0.3261753475648438, 0.30477269964521003, 0.29192456459981475, 0.28654020032026917, 0.2820746410236401, 0.27631878615129996, 0.27227694454274115, 0.2683781475665122, 0.2656357017850594, 0.2626933957308399, 0.26271950588884874, 0.2616264917165525, 0.2580811932925107, 0.25918337368190375, 0.2564682174512519, 0.25636830747655787, 0.25566768791510047, 0.2547140848249241, 0.25459275864603953, 0.25409837408291186, 0.2540169139028124, 0.2516608487379956, 0.2528499841602021, 0.2485008068723904, 0.2507116401917473, 0.25126542641810157, 0.2493776319166054, 0.24919260380187097, 0.24801485984416974, 0.24698551932413082, 0.24782121291540926, 0.24701667725599674, 0.24638543083185283, 0.24591562545898218, 0.24618408348042645, 0.2454340206335355, 0.2445977028883014, 0.2442392186100761, 0.24574593440292505, 0.24396752201824104, 0.24503594000811416, 0.24349552639478067, 0.2439429253515852, 0.2424506630908087, 0.2425146031811107, 0.2423355136303289, 0.24182496287005692, 0.24179165283193263, 0.24282953695585316, 0.24100570977174374, 0.24084068112834695, 0.2411001207997563, 0.24108492194549724, 0.24038230952431217, 0.23917223127941262, 0.24003669014269352, 0.24007431940454851, 0.23944133755639527, 0.23879488915249023, 0.23984570039692094, 0.2392841343557465, 0.2384843311026318, 0.2389089795079858, 0.23879995396253453, 0.23877380409744325, 0.23915934879635425, 0.23779613888950432, 0.2388814945692854, 0.23735622168027493, 0.2368610099816428, 0.23606895189869878, 0.23696714331515606, 0.23694895456601456, 0.2362756373214933, 0.23514504440161818, 0.23459561968131468, 0.23522590444130242, 0.234914689617812, 0.23447017433284129, 0.23486470190073575, 0.23541498622214602, 0.23503040833786637, 0.23453320593654317, 0.23526441093473702, 0.23350985821452064, 0.23432633782595264, 0.2332778564011857, 0.23371489691593447, 0.23400453043389002, 0.23267870487719555, 0.2334927729216777, 0.23326139442589647, 0.23478753092193885], "mse": [0.06263429577981, 0.052999056270414825, 0.05082761298210265, 0.05000333687183248, 0.04960753316365105, 0.049389402823663005, 0.0999635117048703, 0.09912171808004028, 0.10049563431713394, 0.10222120207777051, 0.1029750586458464, 0.10456274538968127, 0.10514949209316794, 0.10563914612089689, 0.10714308022792442, 0.10834195841230353, 0.10946356219018051, 0.11013276740754549, 0.10992530507738517, 0.1125729136290015, 0.11167143032152861, 0.11362267579426617, 0.11396074690133817, 0.11322359217982876, 0.11372565950213366, 0.11542991844818898, 0.11510204410447328, 0.11543799286358818, 0.11549809210805809, 0.1154195437293109, 0.1157404035109713, 0.11619555754270652, 0.11657033879392432, 0.11681518200757408, 0.11623174982197704, 0.11635418390329691, 0.11700545978819074, 0.11767492485143233, 0.1177823568310484, 0.11785179016729225, 0.11778428255851371, 0.1185434054104581, 0.11869079746206895, 0.11813512087924793, 0.11829327559717649, 0.11900417744409034, 0.1190873583121173, 0.1193022374036217, 0.11982522596724805, 0.11947858253249037, 0.1199355024178588, 0.11988856995607584, 0.1200809967944858, 0.1203293981060848, 0.12060232238191974, 0.12102754107034012, 0.12102791335725362, 0.12103652112196961, 0.12032449961897189, 0.12144133713828231, 0.12133557095221262, 0.12144631264040706, 0.12175346767884766, 0.12160846111165191, 0.12133988927350967, 0.12192161721308087, 0.12125697488754855, 0.12127556488952397, 0.1210018607459005, 0.12205210595530633, 0.1223349087985791, 0.1212438464472882, 0.12157018018261896, 0.121524244194721, 0.12182631188428561, 0.12168000915818236, 0.12197029056850177, 0.12182610995924455, 0.12172609377250714, 0.12175055961929361, 0.12148348302573538, 0.12224918165886596, 0.1222814637589842, 0.12215627378824015, 0.12162187743926506, 0.12256106750783752, 0.12212248851972986, 0.12148529219618576, 0.12162811213353183, 0.12210332452590568, 0.12250144985481062, 0.12236971028446271, 0.12205165657634397, 0.12233333208184123, 0.12220493245160034, 0.12280762159269705, 0.12201804032706087, 0.1229217754377044, 0.1226962211609239, 0.12282810665039756],