{
  "loss": [
    1.0661159722369984,
    1.0227743263933244,
    1.0028515170861443,
    0.9951119156210401,
    0.9912858610979675,
    0.9881573248885103,
    0.9862561414814808,
    0.9844974044593567,
    0.9831133987408068,
    0.9820629185921164,
    0.9808587363237042,
    0.9800427185722597,
    0.9790591266796034,
    0.9785828242066813,
    0.9775231833218424,
    0.9768655118098205,
    0.9761465387689708,
    0.975286350633296,
    0.9750773112181564,
    0.9745376867072808,
    0.9741122362097795,
    0.9733792778380401,
    0.9731939291563124,
    0.972946727069692,
    0.9724891144225621,
    0.9724758187990509,
    0.9737822446681095,
    0.9727929534906096,
    0.9723313407370097,
    0.972332082446112,
    0.9720161475587971,
    0.9717595578266435,
    0.9717760820242374,
    0.9721414799349525,
    0.9713168332484747,
    0.9712801541253115,
    0.9710802396479694,
    0.9706351685198416,
    0.9703959558395755,
    0.9703951625393272,
    0.9701909599509719,
    0.9701048877313305,
    0.9696788585415292,
    0.9696171188970938,
    0.9693140038211311,
    0.9694499655664958,
    0.9689603392543925,
    0.9688494152822565,
    0.9687322704264459,
    0.968947911299233,
    0.9685962692164424,
    0.9684790270247389,
    0.9692521225807867,
    0.9686678787128882,
    0.9684194689545406,
    0.9682639352725182,
    0.96802235782651,
    0.9678512230562827,
    0.9678496007976677,
    0.9675905633890446,
    0.9676207126700564,
    0.967952447861188,
    0.9674332869842527,
    0.9675834656872014,
    0.9680362453776781,
    0.9675066749237514,
    0.9674063677880768,
    0.9671376486097417,
    0.9676018455483119,
    0.9671521532740552,
    0.967119595541227,
    0.9671408518089492,
    0.9671206156395412,
    0.9672017846647827,
    0.9673475354404626,
    0.9673349046568944,
    0.967178039810255,
    0.9669493353136408,
    0.9670543988028176,
    0.966809753385215,
    0.9667941944607652,
    0.9668177079199103,
    0.9669435438858482,
    0.966963759315286,
    0.9669814603854765,
    0.9669825996121213,
    0.9669409202622616,
    0.9669192248308013,
    0.9666921632272365,
    0.9667262864548298,
    0.9681025697453502,
    0.9667473662549841,
    0.9668315792575856,
    0.9667813151994578,
    0.9665193817314168,
    0.9667154749538114,
    0.9665496520230569,
    0.9667272251329304,
    0.9669870280150245,
    0.9666133934562866
  ],
  "val_loss": [
    1.0404104973030923,
    1.0028387928113147,
    0.9919059115205789,
    0.9876938648098942,
    0.9849779790665906,
    0.9825988811696981,
    0.981368304756531,
    0.9800804488523558,
    0.9806993551129337,
    0.978396916129183,
    0.9778433176107282,
    0.9769610874517516,
    0.9765058598664129,
    0.97591226506962,
    0.9756473442352495,
    0.9753228119367074,
    0.9742292508287721,
    0.9741357700272939,
    0.9735465710860673,
    0.9730455513083779,
    0.972842511443592,
    0.9723637854688553,
    0.9723773877693576,
    0.9719798326492309,
    0.9721050726274215,
    0.9721956888661114,
    0.9719337404555108,
    0.971606296743368,
    0.971683027702648,
    0.9717431958065282,
    0.9710130832080758,
    0.9710294484051034,
    0.9712442695313666,
    0.9707009608048018,
    0.9707141689338018,
    0.9710857701613913,
    0.9704981837210176,
    0.9701303591374226,
    0.9699371728314062,
    0.9698361006366113,
    0.9694833202133012,
    0.9691975748174576,
    0.9692931755140879,
    0.968905757712485,
    0.9691389911039427,
    0.9686876116881724,
    0.9685584892352075,
    0.9681885426221456,
    0.9683371627174611,
    0.9683624129107946,
    0.9680150136156374,
    0.9678447076326895,
    0.968400474146464,
    0.9685572959450135,
    0.9682836959455732,
    0.9679503536120252,
    0.9678525932491086,
    0.9676776023410814,
    0.9678041022417326,
    0.9675498089415537,
    0.9674414987126813,
    0.9677211494424979,
    0.9674902993518713,
    0.9676257145977437,
    0.9673782435567098,
    0.9673333975425453,
    0.9673486275443864,
    0.9681389255815198,
    0.967243350176832,
    0.9674152887544257,
    0.9672583492041675,
    0.9674920821814558,
    0.9675790404128195,
    0.9670286258755812,
    0.9674289327521511,
    0.9670218029397023,
    0.9673054725842705,
    0.9680401402789953,
    0.9669370811579009,
    0.967281548216874,
    0.9673233693343584,
    0.9669822710570289,
    0.9671584161087936,
    0.9670576957636005,
    0.9671578920043712,
    0.9670137682335866,
    0.9674442318849689,
    0.9669706773549709,
    0.9670567880030803,
    0.9667618592233116,
    0.9670306626365694,
    0.9669620569095861,
    0.9669547340755379,
    0.9667112025631567,
    0.9670452865971227,
    0.9675122093946132,
    0.9668655709408256,
    0.9673233984859749,
    0.9669121194614594,
    0.9667231037627141
  ]
}