{"loss": [0.06139881559475662, 0.05208919182463798, 0.049893125049780884, 0.04847807808059709, 0.04733531391096784, 0.04648392429049821, 0.053484635259763526, 0.057136676259107747, 0.06011116498066016, 0.06320602713672765, 0.06525501350774547, 0.07016445090512757, 0.0744492379147862, 0.0782676739907071, 0.08192586790401615, 0.08390594185763307, 0.08751175372119845, 0.09018962447321045, 0.0924939926234975, 0.09494259637647048, 0.09775461147551699, 0.10023011504899451, 0.10269336020532704, 0.10468959120519052, 0.10659191361250166, 0.10961307564329362, 0.11111696188831963, 0.11307255023515383, 0.1157784374262945, 0.1175032938710872, 0.11874862389427168, 0.12111514275191981, 0.1237525346426175, 0.12480415614043944, 0.1262687863438133, 0.12954968693865632, 0.13006389642923938, 0.13280236343557408, 0.1342668946683847, 0.13633644012968157, 0.13844237892587216, 0.14099221688693878, 0.14208603253040566, 0.14454676342943745, 0.14731801910933928, 0.14927839140023932, 0.15098483214482247, 0.15283473080335022, 0.15501005865050207, 0.15669845094136683, 0.15640738392950337, 0.15524348886229616, 0.155530577231105, 0.1564643792092712, 0.15577937389670307, 0.15565302392448596, 0.15410303944058748, 0.15567989132340937, 0.1551061910707806, 0.15486235397164896, 0.15480210306329248, 0.1546782582359969, 0.1548446969320362, 0.15402563151792023, 0.15444687800138, 0.1542134987550789, 0.15325131437891168, 0.15422475133283803, 0.15300024447184019, 0.15194432798393367, 0.15274821535479194, 0.1527381248144843, 0.15303216562049252, 0.15168316552258665, 0.15088659654780012, 0.15190959938607856, 0.15101023826148344, 0.15169071721977814, 0.15079896476675525, 0.150335374190589, 0.15081278846614293, 0.15019667279553026, 0.15123740807065583, 0.15077288037212772, 0.14981287221480682, 0.14950796024133747, 0.14943926575617036, 0.1500312968582311, 0.15025830013537161, 0.1495299278325133, 0.1487122153205745, 0.1496919352379648, 0.1488457203593705, 0.14889906402924916, 0.14869087450261306, 0.14891196283315097, 0.1491054675185522, 0.14790461732946789, 0.1489441998776164, 0.1485246729155235], "dist": [0.014799115128685862, 0.009984446530597645, 0.00993659873658095, 0.010033591355690994, 0.010035142963862204, 0.01006986041714271, 0.008493211501081264, 0.006883182682914101, 0.005930020510008562, 0.005494510080181117, 0.005027546937697109, 0.0047492798074923095, 0.004631681633429489, 0.004534298769353808, 0.004446980401741525, 0.004234947527633592, 0.004220409442098368, 0.004141388175028213, 0.0040396690381377205, 0.003968550679184485, 0.003923222016091933, 0.0038669671663158797, 0.0038294050374110965, 0.003743244201272308, 0.0036649804779340786, 0.0036697054300402214, 0.0035888394658994396, 0.003528642832532668, 0.0035159791401206367, 0.003467592388216786, 0.003386599583650335, 0.003369960452958204, 0.0033741154994449663, 0.0033002574895432926, 0.003252090655812, 0.0032927862267412983, 0.0032083436862553197, 0.003222081978582506, 0.0031851101410472035, 0.0031787803270365697, 0.0031657076789481644, 0.0031748819985169714, 0.003127549793172292, 0.0031317331913467963, 0.003149579757682847, 0.0031401700810687492, 0.003117861932431082, 0.0031107284921046727, 0.0031059942716537277, 0.0030859595742778224, 0.003075213276435851, 0.0030347448756486354, 0.0030444995247369613, 0.0030724798924835783, 0.0030475291899822246, 0.0030431418311321337, 0.0029947434325373707, 0.0030478980798725494, 0.0030341136961916744, 0.003023449625569551, 0.0030154613937915715, 0.0030097466110399038, 0.003017563195046219, 0.002988863614645059, 0.003003516200581838, 0.0029965162915528438, 0.002967649361805129, 0.0029941125218502, 0.0029632264025649677, 0.0029226297373708718, 0.0029497535595260395, 0.0029511452223307715, 0.002958520889754078, 0.0029174279697731886, 0.0028896281613309373, 0.0029247344128974606, 0.002899142376668586, 0.0029194112052037717, 0.00289844089852126, 0.0028803758618959736, 0.0028994660387764875, 0.002876109436898598, 0.002914938650457147, 0.0028984998959836108, 0.002874107317080064, 0.0028646531644823414, 0.002865262474882605, 0.002882717114163389, 0.0028912676303981745, 0.0028699887923324036, 0.0028461587068141937, 0.0028757895795254247, 0.002854628059043215, 0.0028584211577415094, 0.0028488902941530506, 0.002863212725033425, 0.0028637350470507228, 0.002826784547738885, 0.002865810603958498, 0.002851972745406817], "mse": [0.06133390725913569, 0.052038392307927374, 0.04984077116807419, 0.04842499466929337, 0.04728252205728076, 0.046431664036286985, 0.04760981939369854, 0.04764440805930507, 0.04785871517292858, 0.04807574048286174, 0.04798567454651152, 0.04868669546535307, 0.04949912922443104, 0.050295765788199456, 0.051243178843571484, 0.05154774332504329, 0.05223480154219547, 0.0526315723291352, 0.05291717028468187, 0.053149771754199326, 0.053643284643418325, 0.05397882069319355, 0.05412969765207968, 0.05438400648721388, 0.05468257391712514, 0.05495617755494759, 0.05494328306511903, 0.05523889385813096, 0.05556560967508236, 0.055667165936448194, 0.05570971106276731, 0.05599568939961746, 0.05612784263676519, 0.05627577073398862, 0.0563967699127236, 0.05650912725436811, 0.05658893765911922, 0.05658726146557483, 0.05673252268965347, 0.05681153123804879, 0.05686182435189251, 0.057117787964278875, 0.057167699640311376, 0.05727134720371428, 0.05727283215835317, 0.05731496001914298, 0.05737328323559007, 0.057543106459664456, 0.057498677447988505, 0.05763701593263991, 0.05765106610986824, 0.05764955477555182, 0.05770529550740955, 0.05786051115287988, 0.057914889507006684, 0.057844003995376994, 0.05788535844298022, 0.057931294485904616, 0.057941383380921585, 0.057920624764754465, 0.05805349103457114, 0.05802517730957296, 0.058126198537812805, 0.058081493695078076, 0.05806755450068583, 0.058201051241494, 0.05816461374787848, 0.05817220291257609, 0.05817393003309495, 0.05819397481870968, 0.05813561361750789, 0.05820342181374263, 0.058233220718988114, 0.058163430266621546, 0.05825344896276909, 0.058392170937718105, 0.058341640401273924, 0.05828642782423662, 0.05825785522732988, 0.058291785782161806, 0.0583015845502497, 0.05831134885527535, 0.05831115245488933, 0.058295835706472746, 0.05828358505906171, 0.058323354783579376, 0.0583399022204397, 0.05833978899252468, 0.05829140983048711, 0.058318808625288515, 0.05839927370716409, 0.05844721846293487, 0.05828912854965011, 0.05824641682526738, 0.05832422566510726, 0.05830958365645683, 0.058361770109200586, 0.058357241295245055, 0.05840646304971534, 0.05839331675337372],