{
  "loss": [
    1.010933501660567,
    0.9995259276779962,
    0.9971792011160612,
    0.9946389150837186,
    0.9818139765095112,
    0.9768353692021371,
    0.9727475535225633,
    0.9704617444343625,
    0.9688204807767159,
    0.9673249496894835,
    0.9659330309298992,
    0.9646805738574383,
    0.9635970410041751,
    0.9623717366817667,
    0.9616121019078728,
    0.9606130427283863,
    0.9596498852721815,
    0.9588575087886397,
    0.9579281483602318,
    0.9571965971393329,
    0.95633482039655,
    0.9553098153287978,
    0.9546556734899685,
    0.9542444772657452,
    0.953728273378663,
    0.9531245396550222,
    0.9525201480128032,
    0.9520553818004192,
    0.9515926790455106,
    0.9510791576848912,
    0.9507347206279707,
    0.9504671866688787,
    0.9501625644565083,
    0.9500092398597297,
    0.949894746169807,
    0.949336476716601,
    0.9491981657180815,
    0.9489146472837549,
    0.9484141275963142,
    0.9479549081380555,
    0.9479229683776873,
    0.9479907415797799,
    0.9476743497251103,
    0.947449140929039,
    0.9474744873696282,
    0.9470674769998715,
    0.9469564375827798,
    0.947046542421622,
    0.9469865068184855,
    0.9466632357443041,
    0.9465649578887558,
    0.9464113738008963,
    0.9461600216941244,
    0.9462158684345964,
    0.9462430459002447,
    0.946166229375026,
    0.9456255511828797,
    0.9455662258016618,
    0.9457781913012622,
    0.945596218139364,
    0.9451654908501675,
    0.9452132671096438,
    0.9448977389101023,
    0.9450220618639807,
    0.9449689813504326,
    0.9449661773471943,
    0.9446291755880162,
    0.9448679841746844,
    0.9450138119643877,
    0.9445620939842251,
    0.9444748313028498,
    0.9440992655350174,
    0.9438666155155074,
    0.9438397561025413,
    0.9440342193928098,
    0.9437559878587299,
    0.9438527759004903,
    0.9439490831445505,
    0.9440532949652249,
    0.9439234303212728,
    0.9437591589981609,
    0.9436366159450938,
    0.9436565823371175,
    0.9436894219568046,
    0.9434490621981813,
    0.9435169621829662,
    0.9436046943094958,
    0.9439581429145072,
    0.9438592893140678,
    0.9433662424134688,
    0.9435912397891593,
    0.9436672849610407,
    0.9438255155960256,
    0.9437342135397698,
    0.9434344654242883,
    0.9431530162522008,
    0.9432750235134776,
    0.9432917886689748,
    0.9434961635934016,
    0.9434135034850428
  ],
  "val_loss": [
    1.038254600137336,
    1.0341592542657025,
    1.0326203499754814,
    1.0246055158850265,
    1.0151097110417335,
    1.0110555860005557,
    1.0089060677785306,
    1.0071124682143398,
    1.0055966295608103,
    1.004650915050071,
    1.003890916092755,
    1.00327549296427,
    1.0025390990792888,
    1.0020225053508531,
    1.0014323115893151,
    1.000739537961951,
    1.0004755666811171,
    0.9995733504970324,
    0.9991056358433206,
    0.9981762769559747,
    0.9974632725868051,
    0.9966722111723739,
    0.9966439770781286,
    0.9960855310910368,
    0.9957602328905776,
    0.9953560508005151,
    0.9946658213933309,
    0.9947444908150799,
    0.9944851953689366,
    0.9938689345094167,
    0.9939922954393848,
    0.9933804779836576,
    0.9929938251025057,
    0.9929278413999026,
    0.9928440808161209,
    0.9925372818289282,
    0.9923799174017014,
    0.9924342953451147,
    0.9918878002253841,
    0.9915591168077025,
    0.9915849356890813,
    0.9916224087754341,
    0.9909346217978491,
    0.9912186066309611,
    0.9909484631394687,
    0.9907020471956087,
    0.9908485004346664,
    0.990842535071177,
    0.9906834380267417,
    0.9905019443329066,
    0.9903829631195765,
    0.9902294776211046,
    0.9901899855975147,
    0.9900967916941534,
    0.99020618009785,
    0.9902926160864634,
    0.9899084562580335,
    0.989727159069009,
    0.9898690828993985,
    0.9896311536771522,
    0.9897241565190493,
    0.9894200062642903,
    0.9891991811255886,
    0.9894205887023717,
    0.9889218992294242,
    0.9891685590352097,
    0.9889430705815145,
    0.9890363766178148,
    0.9890235651573634,
    0.9886357550207339,
    0.9887514353887131,
    0.988729816593536,
    0.9886520464126378,
    0.988532905164919,
    0.988703285178093,
    0.9887029759960088,
    0.9887549300172013,
    0.9883469675229565,
    0.988564651850696,
    0.9884939890473945,
    0.988299811811752,
    0.9881147652456205,
    0.9884744719283222,
    0.9883310332145865,
    0.9881732077359064,
    0.9883758891118716,
    0.9885501300907571,
    0.9882139789459368,
    0.9881712780695527,
    0.9884341378190201,
    0.9882704161073519,
    0.9883262278282479,
    0.9882806550422215,
    0.9885745875911626,
    0.9880380075271815,
    0.9886408652344795,
    0.9880711449880034,
    0.9881906248118779,
    0.9882510328946048,
    0.9881840165891603
  ]
}