{"loss": [0.10009569532762073, 0.05885825399722095, 0.058173056945006636, 0.05747657850868945, 0.057093743069793486, 0.05667597708599078, 0.060314832566143665, 0.0628682050848465, 0.06508519134568147, 0.06733134664055868, 0.0695215076417215, 0.08095874810698642, 0.08054526182141931, 0.08291891255750261, 0.08508017277303792, 0.08698592737779308, 0.08893985600600038, 0.09152078243354927, 0.09320735704687533, 0.09529142356869741, 0.09685943945912173, 0.09848928152194228, 0.1002653415591361, 0.10188730621223435, 0.10384107351391143, 0.1057028241532592, 0.10758541048981766, 0.10872082119502204, 0.1107702936916619, 0.11261404067982247, 0.11411685332589874, 0.11627360464154882, 0.11801534279234477, 0.11913749996016966, 0.12084461499880476, 0.12374630923681457, 0.12427670497617835, 0.12587974609000996, 0.12798190346892863, 0.12949924869806764, 0.13098238017877764, 0.13310301750678255, 0.13498823223649312, 0.13667387512004886, 0.13877939690383181, 0.14051906107491546, 0.1418837875986205, 0.1452678710860551, 0.14626559521590238, 0.1477202725661382, 0.14610311483614907, 0.14614464908265998, 0.14531650914751446, 0.14523570028242366, 0.1460837491373896, 0.14498609183369923, 0.1444243903064129, 0.14439560359610765, 0.14471042400536896, 0.14572505539550035, 0.1440383768152099, 0.14420815321728256, 0.14372483076337875, 0.14320587472470156, 0.14351840831196291, 0.14366413628685246, 0.14304850738016858, 0.14360175703265643, 0.14285292622785978, 0.14302103628612164, 0.1423798811070324, 0.14290848590070424, 0.1427175499267733, 0.1423484034605181, 0.1425129212163928, 0.14243926433640006, 0.14128355478298366, 0.1420961791316551, 0.14101310772064693, 0.1411605301468552, 0.14159438612718173, 0.1414414202158877, 0.1408390357231988, 0.14065007797196133, 0.14123304232272652, 0.14135464268737916, 0.1404200710873484, 0.14003369240764324, 0.1407665090313514, 0.14006741996441846, 0.13966802823490723, 0.14031247158522445, 0.1398445313777142, 0.13963165289366086, 0.1394497165607737, 0.1399705622735897, 0.13875733457912898, 0.13894443868754358, 0.13916368281779648, 0.13912815117501437], "dist": [0.027605456624048015, 0.009614460427861557, 0.00952280249805678, 0.009538654748355885, 0.01085353468577797, 0.01483529095917643, 0.00756786283871855, 0.00653440716842869, 0.005989009399583324, 0.005735927538951774, 0.005521270111849754, 0.006276500507799889, 0.006200860534413571, 0.00604756198482288, 0.005905177339325429, 0.005730283240604722, 0.005586587867604643, 0.005534235433093444, 0.005411898176649384, 0.005324372686748359, 0.00520020672752958, 0.0050752845701474035, 0.005013474497801048, 0.004921663572469746, 0.004867963095132311, 0.004839802556533636, 0.004795825958356504, 0.004714642415625185, 0.004711112722842521, 0.004688926303189693, 0.0046294257381829145, 0.004648372078172731, 0.004607690072637684, 0.004547330353098153, 0.0045288686695243155, 0.00458602882863918, 0.004484970032469957, 0.004459732092615696, 0.0044649333111526366, 0.0044392990921672155, 0.004410881724860657, 0.004402312648034155, 0.004413829786060557, 0.004388597226932788, 0.0043907672939945885, 0.0043835507602977015, 0.004347831144429567, 0.0044255217283130505, 0.004375206387740735, 0.004343269415202508, 0.004273436249246163, 0.004266923208524263, 0.004240910099795916, 0.004235920191747983, 0.004279106440286715, 0.0042235072634418105, 0.0041989098694051675, 0.00420792238371367, 0.0042208446152962225, 0.004275401060103523, 0.00417817547966202, 0.004202624903634147, 0.004179828769824518, 0.004151681577889978, 0.004164424079175945, 0.004176222067360699, 0.004144240085942123, 0.00417454119605264, 0.0041463959419087365, 0.004144069919585522, 0.004125167259071545, 0.0041452091404937065, 0.004132667472317782, 0.004120120364949767, 0.004125206491894789, 0.004105189683787976, 0.004068604967435835, 0.0041067851717656745, 0.004058467183830258, 0.004064680662651325, 0.004089782951486351, 0.004079061845438541, 0.004049317508370532, 0.0040353737981987225, 0.004066750628184499, 0.004076994578092685, 0.004030538600954768, 0.004011808493569427, 0.0040413156424152444, 0.0040151612556978316, 0.003994008763163644, 0.004028475668317084, 0.0040028134618502005, 0.003995671562411639, 0.003981418615830251, 0.004005491194635784, 0.003950141879119133, 0.003960367887311146, 0.003973277776290221, 0.003968595569242106], "mse": [0.07925611645247418, 0.057177729524969176, 0.05709162092543423, 0.05694077898537743, 0.05659225402589739, 0.05624444332617601, 0.05634156774118697, 0.05640926419522069, 0.056434970723253236, 0.05642647413946853, 0.05647634853508483, 0.060302015245401, 0.059748984185464274, 0.059889959702419567, 0.05993216126012661, 0.06001895362376462, 0.06007903063755092, 0.06034864174364413, 0.0603162176697962, 0.06052020260379092, 0.060564621347532314, 0.06072833530461771, 0.06073773144971321, 0.0608285630735372, 0.060992274884591254, 0.060911998136224915, 0.06099048016408522, 0.06082591460123548, 0.060821349706440236, 0.06075776266030406, 0.06078224150983939, 0.06064373554670124, 0.060740887761072004, 0.060611313349255076, 0.06057373366622664, 0.06052081863034071, 0.06047569055170745, 0.060458193253863333, 0.06041430702303678, 0.0603388340227537, 0.06024901362540451, 0.06047877543874118, 0.06021829221282083, 0.06025376568714836, 0.060404580389115094, 0.060190602779344404, 0.06032742671063238, 0.06025117550986204, 0.06018196826627371, 0.06031224172854001, 0.06010831875432189, 0.06015850298733972, 0.060018750493644434, 0.06001206709724057, 0.05998207090568331, 0.06001527099546865, 0.05993005094645294, 0.05980202062069225, 0.059805959215500505, 0.05975853147169512, 0.059840866220094255, 0.05975972197432638, 0.0597188854851434, 0.05969693539787959, 0.059697437145509256, 0.05972489370707219, 0.059727814180592136, 0.05967855811713365, 0.059530011473149284, 0.0595685288618199, 0.059519335671577, 0.059625205081754104, 0.05958025812816585, 0.05957710842548304, 0.05959038578381038, 0.05963980460448667, 0.059549578029436764, 0.05957477785745963, 0.059439100611245084, 0.059500741036374954, 0.05944913473844176, 0.059479112116457615, 0.05944644871059161, 0.059540780093328284, 0.05948910004895406, 0.05944671743223375, 0.059462821014786754, 0.05940887891031262, 0.05946449434695603, 0.059438162988142564, 0.059452321919635974, 0.05939115583346372, 0.059426304244572514, 0.059398783015931905, 0.059395703444452726, 0.059399990554750405, 0.05941726052734665, 0.05940512680562771, 0.059342945866737974, 0.059421399176296845],