{"loss": [0.10010972136474783, 0.05886151910686598, 0.05816671786007184, 0.057474991859678325, 0.057090596184464645, 0.05665816053021782, 0.35216068035126435, 0.4420783551880317, 0.5902774661031044, 0.7222985752047957, 0.8551898198078443, 0.9745682886467374, 1.0988735140162345, 1.2255782517583895, 1.3508869949260525, 1.4625368854319856, 1.5725337890261561, 1.7046524821567395, 1.8280131473499, 1.943140878987277, 2.06335222421756, 2.1598619430420847, 2.2909776386165195, 2.4081837035704576, 2.5180185290171795, 2.631908814875379, 2.761862877728844, 2.869981795329287, 2.982751808631367, 3.1012190046831636, 3.1945361418421196, 3.3032652652069947, 3.413785665743108, 3.501442578201632, 3.636487293806879, 3.705653977358887, 3.8098843625940635, 3.9287653705394074, 4.034234495599653, 4.145882590306562, 4.228469926462216, 4.347688522789644, 4.449281650596743, 4.5485772970332, 4.653527780684974, 4.8027538820066695, 4.877822380474434, 5.037642077822101, 5.1095722119600415, 5.23551545079737, 5.197918752799886, 5.204380369961174, 5.183363953580533, 5.229187082152599, 5.199945354743405, 5.198213025069131, 5.187402641403446, 5.142494155173816, 5.197810753409584, 5.184226521008828, 5.138420253243721, 5.177905624691105, 5.155161842461703, 5.140945259190028, 5.166484446786179, 5.161524105987661, 5.138608691611354, 5.154846492510955, 5.127489403748618, 5.116665325629659, 5.160961343407455, 5.13588260266066, 5.140999245326664, 5.129561461233142, 5.112532302583162, 5.126540582324413, 5.1083803729785595, 5.121265377920875, 5.106299429207468, 5.115067004100963, 5.094152462887447, 5.12140180476483, 5.081765433710118, 5.095602734226244, 5.11133847067592, 5.081710018118516, 5.080260322928605, 5.068322914213691, 5.107731996646132, 5.059329505861245, 5.076013632679972, 5.061576841500872, 5.047166150641054, 5.086749617423053, 5.047100643287557, 5.069613978288727, 5.036993760301937, 5.062296670860166, 5.083359741213755, 5.063820158185071], "mmd": [2.372434093821876, 2.435103061456272, 2.440823612748432, 2.4324854033032057, 2.4214840653727996, 2.454810547511722, 0.5146816872071304, 0.35374738062502187, 0.34258398966123643, 0.3286583855462039, 0.32072825936746385, 0.3101412357660657, 0.3041795885281161, 0.3009409181652604, 0.29777819120725463, 0.29240180347307393, 0.2878200621337271, 0.2878354001168486, 0.2865868600819981, 0.2841093302257304, 0.28275722247635066, 0.27835813725980735, 0.2789479732249301, 0.277737447879163, 0.2758090427610335, 0.2745355581823445, 0.27503487874961496, 0.27330207421913455, 0.27226437689898814, 0.2716888498124203, 0.269014333274375, 0.2678261035654358, 0.2669616375927383, 0.26424820809191757, 0.2654109234691899, 0.26158258334308465, 0.26053851142943873, 0.260571285862162, 0.2596575854183828, 0.2592796164522143, 0.2570554745030016, 0.25719876012914816, 0.2562602634928251, 0.2552475487948168, 0.2546552917541746, 0.256440307466283, 0.2542031964884199, 0.25648759076567135, 0.2542062477928145, 0.2546664037943943, 0.2527954421464238, 0.25311842996577566, 0.2520859986983867, 0.25436601016334803, 0.25285843934759256, 0.252821159173502, 0.2522264227072985, 0.24998844871668907, 0.25273447385830927, 0.2520363632165875, 0.2497419236857923, 0.2517964608384024, 0.2506125261195477, 0.24985291147425748, 0.2511148428767259, 0.2508877254967499, 0.24978027650137244, 0.25054669849013295, 0.24920835047740175, 0.2486157469242327, 0.2508361645296018, 0.24958322812394518, 0.24982072203867192, 0.2492510752980783, 0.2484190335478001, 0.24910190747706892, 0.24812392775998335, 0.24877218596164022, 0.24802109101674405, 0.24846193951553222, 0.24734587419332393, 0.24874440753389496, 0.24673638348653362, 0.24738977831875028, 0.24811581259199927, 0.24666203868794123, 0.2465694151389546, 0.2460019463230271, 0.24795162805426244, 0.2455344630441074, 0.24640477898818175, 0.24567844748408968, 0.2449120523262235, 0.24687778307028677, 0.24488747877067443, 0.2459590798862928, 0.2443264410934209, 0.24561087815765087, 0.246619065103714, 0.24558750448674183], "mse": [0.07927221572645658, 0.05717724424125173, 0.057091067309877896, 0.056939546095875905, 0.05659111037278105, 0.05624303393385083, 0.11286667134596291, 0.11869250009031733, 0.1214452704395466, 0.12310919911769856, 0.12457600512171778, 0.12591321082948054, 0.12709638060371845, 0.1265747567069231, 0.12748758125076265, 0.12775945263960162, 0.12746353123881793, 0.12820672044637813, 0.1277612807611595, 0.1283803872400936, 0.12834683131079908, 0.12822184423356148, 0.12823258363469842, 0.12810680334025684, 0.12846053845112926, 0.12832842746328568, 0.12827969526258495, 0.12838199788613722, 0.1276222347574889, 0.12821962270594064, 0.1281636972943296, 0.12851214577255432, 0.12778960214583876, 0.12780729708766655, 0.12771415895338073, 0.12792722639824475, 0.12826419062637331, 0.12799288934451614, 0.12820059996499972, 0.1279993911591555, 0.1281998078813405, 0.12825387476378036, 0.1283171236999278, 0.12850874746039487, 0.12785802211507913, 0.12815172328686608, 0.128282558145428, 0.12825119482185499, 0.1279644058739417, 0.12866231238956466, 0.12837597724473987, 0.12823724991021515, 0.1278867764478244, 0.12777206462366367, 0.12803124179692177, 0.1272502339044737, 0.1278616754087775, 0.12728254696246968, 0.12715349658949512, 0.1273666994984604, 0.12760467709563508, 0.1270508296028374, 0.12730968709446303, 0.12749844509970668, 0.1275049298891641, 0.12764148328293726, 0.1270295547835936, 0.12722984830156917, 0.1270837403250586, 0.12715107712074783, 0.12753135004415117, 0.12709873828877374, 0.12709961462892494, 0.12739501048314167, 0.12691788924541572, 0.1272256099226908, 0.1271796327530017, 0.1271929280004262, 0.12737090133977957, 0.12683172511869553, 0.1265964185821781, 0.12686041826203442, 0.1268341164249085, 0.1271770314988921, 0.1271908616473791, 0.12700841580263092, 0.12697496221151802, 0.1269102536659121, 0.1268762473671792, 0.12692045882630384, 0.12669766360847073, 0.12668875395767445, 0.12697069567010533, 0.12675648946397589, 0.12700397558675383, 0.12688182712569723, 0.12696710197004646, 0.12682072500226416, 0.1269190316054106, 0.12703944918764218],