{"loss": [0.13365988640194656, 0.059679729578319504, 0.05811542102301413, 0.05754611856001286, 0.057395328053393244, 0.05731199629193435, 0.4212407882045383, 0.48858148993158634, 0.6430661354693898, 0.7907928285057559, 0.9484900618257698, 1.090252359403423, 1.2361488457472047, 1.3572686680255492, 1.5069411466458091, 1.6508658466163588, 1.7455197623902303, 1.8670028945419685, 2.002412862938606, 2.0950487164631943, 2.223971825435849, 2.324509026082747, 2.445106847520255, 2.5428020025323503, 2.654365330020343, 2.7524988058885915, 2.902694819895036, 3.0171413875064967, 3.1035646675554522, 3.2554990894224014, 3.3808182083024567, 3.47122154206586, 3.5630849248792495, 3.7462948041459536, 3.8034244709951013, 3.9556992317269914, 4.026519028687038, 4.191617125382453, 4.233042756472629, 4.318148213661521, 4.502168110543233, 4.6157207291550435, 4.705859471683853, 4.7808371124092055, 4.9056965851344945, 5.047434313165629, 5.091845906585272, 5.217732317608558, 5.352333604923786, 5.424123942486347, 5.396484303328157, 5.420650485834461, 5.366266204535595, 5.399327218166889, 5.325442052326319, 5.282755881730764, 5.322261482660024, 5.376330412969999, 5.27483117068472, 5.344298786912228, 5.338626636317903, 5.234792605499549, 5.272405609762742, 5.221115220543797, 5.254470410522508, 5.1994087966673215, 5.228441326896106, 5.247379675233291, 5.186796526967382, 5.1455353988460235, 5.101561602639275, 5.195827327622958, 5.114518262857309, 5.04816980742238, 5.063685882310926, 5.067183242985076, 5.053414306757641, 5.073846041059202, 5.031811388723689, 5.022560028210739, 4.968374330573287, 4.966026972407944, 4.980478255295314, 4.994394193397709, 4.990780676069435, 4.9811799065467035, 4.949511352492256, 4.996123506247631, 4.944157966075499, 4.933870472791004, 4.922740272217733, 4.9266965754924374, 4.921819430918782, 4.953235294189922, 4.9049194678207115, 4.908816935825933, 4.906021469941169, 4.906782722180607, 4.889735428102178, 4.920843984451762], "mmd": [2.20817792159648, 2.239686530426236, 2.362753879804553, 2.3751475825631547, 2.376881517515592, 2.372635161949813, 0.4300486100780452, 0.2652200669324471, 0.2516285611168007, 0.24276488219484962, 0.24026190462105113, 0.23451866438052404, 0.2310185879011827, 0.22409448343003455, 0.22334469018355468, 0.22184525955856943, 0.214270492638547, 0.21112030762836245, 0.21001834632611713, 0.204725848156616, 0.20356705949350368, 0.20006815910887865, 0.19867412951643482, 0.19560356945530769, 0.19387129392543453, 0.19142331637762075, 0.1927947550326403, 0.19168084677011687, 0.18877836600220277, 0.1902183946564885, 0.18995637352938302, 0.18775778202100035, 0.1857366200102253, 0.18874201434521587, 0.18511660326203686, 0.18636950023152346, 0.18372712766557384, 0.18555949461514964, 0.18176118300462063, 0.18008478884042406, 0.18260109755981918, 0.1821609255086425, 0.18083293473153758, 0.17899051829715448, 0.17906225490972308, 0.17975634389037004, 0.17699360063562364, 0.17715154869333366, 0.17762593769588353, 0.17596862757681336, 0.17503545828666423, 0.17582335208822614, 0.17400347313449427, 0.17512255891060535, 0.17265885535833295, 0.1712375046011129, 0.17253771218602643, 0.1743392769727239, 0.17095031577842368, 0.17326991191488103, 0.17308140968892471, 0.16962290488960552, 0.17088318680144526, 0.16921569548684395, 0.17029434076847474, 0.1684895667013215, 0.16942553018773993, 0.17009087400568043, 0.16804397736956006, 0.16667802369027782, 0.16521379027081415, 0.16832505801886868, 0.16565264267789806, 0.16340175588712372, 0.16397419695291052, 0.16407088839386139, 0.16363975225142174, 0.16432314080420446, 0.1629200223261959, 0.16258422139049308, 0.16080315534505377, 0.16069235099605256, 0.16118016807031046, 0.16165666629566006, 0.1615289709776457, 0.16123995100336572, 0.16017191687975924, 0.16172776915178708, 0.15996263811559033, 0.15963427909861314, 0.15928455860428284, 0.1593807581926416, 0.15925260443537514, 0.16029493714128534, 0.15867423051339716, 0.15879475567604134, 0.1586974290616673, 0.1587017447304872, 0.15818450519917931, 0.1592083666130809], "mse": [0.10264911570020614, 0.05770355874409705, 0.05711564345091033, 0.05707389820207116, 0.05705174190089381, 0.056946205638029095, 0.12263216250833192, 0.12528938626401995, 0.1268924551735992, 0.12750210530735964, 0.12822153727792523, 0.1283322795311366, 0.12939429367703895, 0.12959643903594076, 0.13014029658919463, 0.13083155162952428, 0.1304515267670886, 0.13080793948261285, 0.13169929616016113, 0.1313808906160615, 0.1323823845185385, 0.1319852588366877, 0.13245424230588726, 0.13237931981591358, 0.13244444449529327, 0.13268324851624072, 0.1325710847105351, 0.13216738549112542, 0.13298933582803224, 0.13302537193236175, 0.1328851781739779, 0.13275987017282678, 0.1334850060427847, 0.13234278312855702, 0.1329617830324758, 0.1329965249983811, 0.13308277570762517, 0.13277168528525377, 0.13278122397105388, 0.13325189165999554, 0.1328746501379218, 0.13382987131827448, 0.13335604924548622, 0.13283881385085042, 0.13340689749256965, 0.13387004516881668, 0.133723992442975, 0.13403792027955405, 0.13331702394993758, 0.13394355634513078, 0.13415742213009324, 0.1340108122333793, 0.13445564619968273, 0.13418759816994696, 0.13400646102574706, 0.13398682556909286, 0.13433643055656935, 0.13421148779384928, 0.13429621065412561, 0.13394622996083796, 0.133995775499044, 0.13468560964966114, 0.13420401019918407, 0.1333974971453105, 0.13429584100476802, 0.13346906790246993, 0.13373071741472725, 0.13321403585420064, 0.1337160970901419, 0.13351050926589528, 0.13350905759111503, 0.13413581160679916, 0.13301786997475507, 0.13381427272788585, 0.13289324011356551, 0.13308709475891722, 0.133048431890691, 0.13269016679170673, 0.1331025631469817, 0.13266741642099947, 0.13257515892112182, 0.1332322433590889, 0.1325218502226417, 0.13273911406657446, 0.13251004464055863, 0.13188867974866386, 0.13257800527145527, 0.1321157479624441, 0.13229955643689706, 0.13222323783153406, 0.1317531654576948, 0.13268704310150967, 0.13162056379523013, 0.1315396291438056, 0.13269984598722925, 0.13218685186988005, 0.13194428014060472, 0.13277350624371892, 0.131654585225999, 0.1314855856946641],