{"loss": [0.13365988640194656, 0.059679729578319504, 0.05811542102301413], "mmd": [2.20817792159648, 2.239686530426236, 2.362753879804553], "mse": [0.10264911570020614, 0.05770355874409705, 0.05711564345091033], "kld": [0.25666434919330194, 0.10611248996817262, 0.2410487776702167], "l1": [0.017620035138643957, 0.0034215173982598025, 0.0030871093183173085], "mcc": [0.030993150787119485, 0.0019727491893651297, 0.0009966905863007154], "epoch": [0, 1, 2], "beta": [0.0, 0.0, 0.0], "alpha": [0.0, 0.0, 0.0]}