{
  "loss": [
    1.026093267004109,
    1.0051881213586835,
    1.0008298286382535,
    0.998737962912139,
    0.9969119302383438,
    0.9906089794024197,
    0.9807481356593751,
    0.9783046099723827,
    0.976512105077215,
    0.9735018500495556,
    0.9713120675220742,
    0.9691256912428406,
    0.9678045872111354,
    0.9668459448613945,
    0.9661347053882678,
    0.9653275211821017,
    0.9645942245879753,
    0.9638433002780074,
    0.9630592642134662,
    0.9619934819003781,
    0.9609929881849032,
    0.9601618399904615,
    0.9594404866729149,
    0.9587564118437363,
    0.9586852833463346,
    0.9575489875933547,
    0.9566973089518181,
    0.9559423284706563,
    0.9552512977563778,
    0.9547621392816623,
    0.9541551642778267,
    0.9539822663483397,
    0.9537193202134344,
    0.9533083055941253,
    0.9528888905732911,
    0.9524679169139237,
    0.9524056031674865,
    0.9518942147671972,
    0.9515778149046302,
    0.9510980263271956,
    0.9507953098664734,
    0.9507985958971158,
    0.9505052886681292,
    0.9497527109328648,
    0.9495256532670973,
    0.9493759939337869,
    0.9494404037866103,
    0.9494467586166176,
    0.948960555520927,
    0.9487448876119021,
    0.9483834541588293,
    0.947860965107252,
    0.9478317560850447,
    0.9477602885452155,
    0.9474312011042458,
    0.9472743456305003,
    0.9470640069624537,
    0.947159368455671,
    0.9471507096035215,
    0.947139482846874,
    0.9468268200868492,
    0.9465868744259559,
    0.946608151883139,
    0.9465896419339374,
    0.9463921531704891,
    0.946360918259192,
    0.9462633129134385,
    0.946347214868371,
    0.9463679010040037,
    0.9463532739704665,
    0.9458586118338531,
    0.9457302003264119,
    0.945773179250289,
    0.9458737338060994,
    0.9457641126230215,
    0.9454391011091441,
    0.9454588283870073,
    0.9455850180677882,
    0.9454763154275774,
    0.9454321487759513,
    0.9452078697881773,
    0.9451837923998291,
    0.9452674808121976,
    0.9452044603249723,
    0.9452042935018904,
    0.9455483078870467,
    0.9454656671301185,
    0.9452324331822648,
    0.9451088276530425,
    0.9450543196753517,
    0.9450162578952568,
    0.9451596856943155,
    0.9450988529182177,
    0.9452631768714345,
    0.9453882637788827,
    0.9451354664425046,
    0.9452085944734419,
    0.9451291251031562,
    0.9448093772086517,
    0.9448515904787298
  ],
  "val_loss": [
    1.0216109696105864,
    1.013064246371035,
    1.0106449703633922,
    1.0091265684425512,
    1.0067189610816178,
    0.995074047600849,
    0.9908363823682731,
    0.9890566745056117,
    0.9864755401925085,
    0.9831344259542277,
    0.9809568809386693,
    0.9793728946636173,
    0.9784148735405382,
    0.9779908964446052,
    0.9771368977853881,
    0.9765664780057836,
    0.9762353781260146,
    0.9754094468242993,
    0.9748233833108682,
    0.9743723182524993,
    0.9734117454395279,
    0.972634447286762,
    0.9719758797166178,
    0.972145620246105,
    0.9710452490940109,
    0.9709279477915512,
    0.9705028157701179,
    0.9699719465681863,
    0.9695444604597113,
    0.9690737560585244,
    0.9688489054484319,
    0.968451574228151,
    0.968318085088562,
    0.9680198906210423,
    0.9677933294442927,
    0.9671737160405405,
    0.9670385198002109,
    0.9668861775336233,
    0.9672377478465289,
    0.9663440287341211,
    0.9668999699207327,
    0.9664682112035627,
    0.9661077458437107,
    0.9659320231877672,
    0.9660215176693245,
    0.9660209206195852,
    0.965351400844177,
    0.9656294089925134,
    0.9652634433142174,
    0.9647556266532933,
    0.9643517972498151,
    0.9642465352647251,
    0.9635370316720684,
    0.9639830056181735,
    0.9635124212015469,
    0.9633098693412045,
    0.9631991076305246,
    0.9630807867101248,
    0.9634312157787799,
    0.9629804446392599,
    0.9626828365045006,
    0.9631126158640598,
    0.9631743839704635,
    0.9636815291100453,
    0.9626052113735868,
    0.9626432653137447,
    0.9622135503472676,
    0.9627889926504706,
    0.9619405958245707,
    0.9625286842541743,
    0.961573382735526,
    0.9627146921088519,
    0.9619571992524635,
    0.9613646224608564,
    0.9620209366379572,
    0.961745350116432,
    0.96165339291871,
    0.9614109539675548,
    0.9612443577996993,
    0.9615954173915515,
    0.9614018050878214,
    0.960684917542254,
    0.962286942590715,
    0.9615042521101697,
    0.961266954800694,
    0.9615870607929916,
    0.9619262467018046,
    0.9613046802084412,
    0.9616853738889133,
    0.9604143767112434,
    0.9606347074924577,
    0.9603770226126148,
    0.962672468944643,
    0.9614667820401472,
    0.9610753414187617,
    0.9612734928419322,
    0.9611998541535726,
    0.9607614230908961,
    0.9611300932786441,
    0.9607084828565025
  ]
}