{"loss": [0.10939483833701714, 0.05909141723228537, 0.058269485099160155, 0.05758057617622873, 0.05749256765064986, 0.05699442665214124, 0.060203129014243253, 0.06289511565928874, 0.06508032780626546, 0.0670596365954565, 0.06893963014949923, 0.08116075149048929, 0.07969547061816505, 0.0819200030617092, 0.0841289603451024, 0.08593917408715124, 0.08797459363937378, 0.08958039441834326, 0.09083320872939152, 0.09220971084159353, 0.09345759621132975, 0.09568724579137304, 0.0968702617805937, 0.09845594373734101, 0.09932882060175356, 0.10093834095675012, 0.10208778781735378, 0.10370635271072387, 0.10585251363723175, 0.10649260507977527, 0.10886446509672248, 0.10955088101003481, 0.1104179840632107, 0.11228211038786431, 0.11419226979431898, 0.11552569743083871, 0.11824997406938802, 0.11879370440607485, 0.11908100330311319, 0.1215111396494119, 0.12390429597833882, 0.1248070610994878, 0.12639998762503915, 0.12682426457819732, 0.12850356939046279, 0.1287476056166317, 0.13187205616546713, 0.13278488382049228, 0.13494776806105738, 0.13701029587051142, 0.13527050083098205, 0.13534118638090464, 0.13483937810296598, 0.1345341245117395, 0.13477910880161367, 0.13391801573660062, 0.13331181585788726, 0.1329376874021862, 0.13191529389308845, 0.13339333264724068, 0.13206928586182387, 0.13296673941871395, 0.1317292609292528, 0.13071840449519778, 0.13113538349452225, 0.13069831364828607, 0.13052349759184795, 0.13004318517187366, 0.12968969119631726, 0.12944055441928948, 0.13014742016792297, 0.1294667969579282, 0.12940139856027522, 0.1280678476328435, 0.12859320613353148, 0.1279812440276146, 0.12776937977127406, 0.1280355019154756, 0.1287623624957126, 0.12781133913475534, 0.12785132143808448, 0.12760633651329123, 0.1274400024180827, 0.12634380507728327, 0.1264133353077847, 0.1262391913196315, 0.12561132267765376, 0.1269243740905886, 0.1262199891002282, 0.12573981071295945, 0.12631536774013352, 0.1249850233482278, 0.12498123693725337, 0.12482704914134482, 0.12465290068284325, 0.12519651297641837, 0.12504513323307037, 0.12487232826326204, 0.12407153910916785, 0.12433064840410067], "dist": [0.030414411152267586, 0.008562704760419286, 0.008522907738857294, 0.008484928944026646, 0.00851235118492142, 0.009460940966787545, 0.0070338830133171186, 0.006288906945644514, 0.005837390562924354, 0.005450149397163287, 0.005192886795848608, 0.006125434656506, 0.006121829818610264, 0.005894508398259463, 0.005704570121091345, 0.005517849065363407, 0.005342952613111423, 0.005161951359604364, 0.004968288529502309, 0.004827048801209616, 0.004670454577097426, 0.0046524623159886055, 0.004541770553459292, 0.004499900426270197, 0.004397336657806907, 0.004341538991252689, 0.0042742482878510716, 0.004239005497859224, 0.004258156969900365, 0.004155672353530384, 0.004178247777745127, 0.0040945252761973635, 0.00402471957768759, 0.004027673008487277, 0.004038454077975906, 0.004006062183812584, 0.004076947068350147, 0.003986105376490108, 0.0039029166517455293, 0.00393304130791322, 0.0039723283469515, 0.0039165107185102025, 0.003913727598062352, 0.003836345898554377, 0.003838259404444176, 0.00375957358284327, 0.0038269447701294785, 0.0037737466739085706, 0.0038122766823305383, 0.003819276683599405, 0.0037494556081440786, 0.0037505197142372313, 0.0037281485059824974, 0.003713463578859101, 0.003721197489041673, 0.0036857330124906223, 0.003660983145844353, 0.0036416067905805033, 0.0035966620705616863, 0.0036677268447111483, 0.0035969828004422397, 0.0036402304183043863, 0.0035775563398214136, 0.003533524964004755, 0.003556020347118054, 0.0035325819205330768, 0.003532890404129158, 0.0034955229571737023, 0.003488439322732713, 0.0034741852240151036, 0.00350584988279835, 0.003479078687808436, 0.0034684367504213814, 0.0034096640336286764, 0.0034297374722993246, 0.0034013882684318917, 0.003393459310957595, 0.003407588094148947, 0.003434782939274674, 0.003389990475312199, 0.003397897622629028, 0.0033741161575459914, 0.0033742365243075337, 0.0033196993593288503, 0.0033250207569369156, 0.0033171984725429314, 0.0032909376230900703, 0.003343149733770153, 0.0033196205267196762, 0.003294915159880791, 0.0033094737071381964, 0.0032618198930488332, 0.0032604351670116835, 0.003248093222551372, 0.0032380525528898705, 0.00326894520599719, 0.0032620098567365304, 0.0032529290220902666, 0.0032102616740714595, 0.0032285258728686882], "mse": [0.08326136199676472, 0.057181625949299854, 0.05710833594202995, 0.05702379277218943, 0.05681406786908274, 0.05649931053104608, 0.056500310522058735, 0.056601634414299676, 0.05653233925285547, 0.05658804897380912, 0.05659381623501363, 0.06032310987944188, 0.05932915568351746, 0.05957789383504702, 0.05981740012117054, 0.059963476133087404, 0.06025583622248276, 0.06045121186453363, 0.06056987301810928, 0.06061306972218596, 0.06073864754775296, 0.06089804462116698, 0.06082758350216824, 0.06083563855808714, 0.06066769717828087, 0.0606858071943988, 0.06056775425439295, 0.06063030439226524, 0.06054190248898838, 0.06053388092828833, 0.06053094055989514, 0.0604624370712301, 0.06039253766769948, 0.06036443986970445, 0.06030419095054917, 0.06020189206237379, 0.06023994610361431, 0.06019482943674792, 0.05999225961773292, 0.06005479972647584, 0.060060329204020296, 0.06011554600104042, 0.05997461877439333, 0.05997351730647294, 0.05996608202872069, 0.05986582818886508, 0.0599185922353164, 0.05999806605603384, 0.059870552640894185, 0.06001663242993147, 0.05976701413807662, 0.059698798015065814, 0.05980765228038249, 0.059792082517043404, 0.05967308060630508, 0.0597229848931665, 0.05958844777682553, 0.059630396301331726, 0.05951566533549972, 0.059554788910824316, 0.059623215898223544, 0.05960916385702465, 0.0595561055968637, 0.05959165267322374, 0.05960350863311602, 0.05951445674118788, 0.05948736247809037, 0.05951525058435357, 0.05950630467870961, 0.05949198128088661, 0.05956129156377005, 0.059511633314516234, 0.059507719990999804, 0.05948848270203756, 0.05953563858633456, 0.059534539696962936, 0.05946994247643844, 0.05950484784400981, 0.05958672106266022, 0.059605447351932524, 0.05952416315026905, 0.05960759096171545, 0.0595108762577824, 0.05950724671716275, 0.0595499484953673, 0.05950192750148151, 0.05945228300664736, 0.05949916607659796, 0.05947769321177317, 0.059468921746896664, 0.05951236822682878, 0.05939736495199411, 0.05941359067092771, 0.05950430478738702, 0.05944641275250393, 0.05944806950247806, 0.05943120152406071, 0.0594005792490814, 0.059461783306754154, 0.05944220217025798],