{"loss": [0.06642948356257583, 0.0567883095391744, 0.05462769664372792, 0.053220497799192606, 0.05200988671672221, 0.05123273574883336, 0.2802433515713169, 0.38114903081467094, 0.4840862371544718, 0.5963340802682203, 0.7076097115808259, 0.8164120907269341, 0.9294240843598213, 1.0352850321300624, 1.1455615655005946, 1.2512401462129512, 1.3637338973570785, 1.4712250530279545, 1.576616299909538, 1.6815206830223344, 1.801730866270192, 1.9127700290088288, 2.015858003624785, 2.1079123449818598, 2.2223043718225317, 2.332533686516732, 2.4299694533890426, 2.528067206702521, 2.6442746334273144, 2.7410497218150334, 2.834449126061872, 2.9360498269164226, 3.0356481416891032, 3.117500956688885, 3.2067587210121324, 3.3187414997613587, 3.3949127471957636, 3.515451691175317, 3.5988699104444315, 3.6810224616192997, 3.771177957469991, 3.890869476946629, 3.968798979698643, 4.057584406530135, 4.187983626981254, 4.273145752432075, 4.351083107501752, 4.471881188529281, 4.571001767760014, 4.677343986939468, 4.628679158592506, 4.639960293931834, 4.623005397210621, 4.625954693494203, 4.606190254628395, 4.631238881735189, 4.61804158648853, 4.609908862515425, 4.61283576189151, 4.5835789267738605, 4.585419648859315, 4.57557896743673, 4.6047467107786915, 4.605339645106824, 4.581667576441912, 4.591294006195519, 4.558583524765961, 4.601502042753482, 4.5586576401923224, 4.573860091331967, 4.5566245185395635, 4.5633186135369534, 4.574813856155869, 4.52697100104046, 4.545553738116514, 4.516941904141245, 4.515389852721018, 4.511549100918115, 4.526037122157335, 4.501993349419035, 4.541697957843234, 4.4771952963650135, 4.507116457560214, 4.517997892075487, 4.5044603372430165, 4.507215843947282, 4.502764817002605, 4.478095595206256, 4.503566527472289, 4.495241693062831, 4.491332094637647, 4.500143577640483, 4.496311956881772, 4.487939253867641, 4.482425213564446, 4.506329536085819, 4.484841501695191, 4.491326880067631, 4.486748325947997, 4.474405664108705], "mmd": [2.2630885621117347, 1.7492408231230923, 1.5416079594078234, 1.4254726989406603, 1.3313988433982984, 1.2708397865999748, 0.3859867997236407, 0.3044188656518167, 0.2788297590115926, 0.27060337754260844, 0.26545178551265375, 0.2596616953655395, 0.2572982986093096, 0.2536068778358499, 0.25173064421427654, 0.24955313279674535, 0.24896892363775075, 0.2476979303923456, 0.24629801610812127, 0.24493994529701582, 0.24596760744446314, 0.24564948882715038, 0.2443755055547993, 0.2419744254787352, 0.24237170923319665, 0.24219753693354534, 0.2407501292809778, 0.23952941598709085, 0.24005402001707735, 0.2388472428966308, 0.2373957343872752, 0.23673661973222848, 0.23601570087134222, 0.23388709372220398, 0.23250971294312217, 0.232818388032068, 0.23070169140088154, 0.2316553184385666, 0.23018789084482405, 0.22867277335028882, 0.22778789751902992, 0.22867608717484522, 0.2270555686167107, 0.2262002150892683, 0.22766631841659546, 0.22654425492578983, 0.22509524639987524, 0.22604114728452887, 0.22581808986568733, 0.22585665314641273, 0.22338796234201294, 0.22398778732365307, 0.22312107772471457, 0.22325945635665995, 0.22225176748796263, 0.2234868321408197, 0.22282601897350265, 0.2224071670758319, 0.22258308943652685, 0.2210505912011624, 0.22111985228262412, 0.22065680252836586, 0.22210583603628628, 0.22206873011994044, 0.2208919604824776, 0.221396400313962, 0.21974229810421012, 0.2219129148182876, 0.21984870025291048, 0.22052938170852127, 0.21962667620868767, 0.2200019163034163, 0.2205637219957622, 0.2181603016009887, 0.219067265795464, 0.21766388392078648, 0.2176177370495423, 0.21738448078734485, 0.21812602807183032, 0.2170029827992004, 0.21898250633980007, 0.21574864955825326, 0.21717286054897872, 0.2178065529646162, 0.217070591238436, 0.21720684628983192, 0.21698963659728823, 0.215758495858184, 0.21697147203777178, 0.21652425587881616, 0.2164090421034279, 0.21687066165435967, 0.21665615686373663, 0.2162693185811557, 0.21592128631195254, 0.21718405424844214, 0.21616382126529954, 0.21639990936442, 0.21627316286063794, 0.21564524414972505], "mse": [0.061389340657295115, 0.0520127190708938, 0.049836678532236965, 0.04838536081607268, 0.04721395868912581, 0.04644991180679295, 0.09962115750993372, 0.09905145126924557, 0.09841806535090442, 0.09874609981056859, 0.09858603267056903, 0.09922210666374406, 0.09927355309885044, 0.0998103179840957, 0.10108971055404474, 0.1009694862907183, 0.10193319581283952, 0.10214672171602926, 0.10248193753390757, 0.10308432759527265, 0.10435760304045642, 0.10504582132511336, 0.10588775281319766, 0.10580170379079427, 0.10632905260586845, 0.10654307365901713, 0.10692697264903406, 0.10693474189877686, 0.10782282916138408, 0.10775162105722301, 0.10795339804412343, 0.10834698917198392, 0.10871277222385083, 0.10924050571779381, 0.10943384080068752, 0.1092539498007456, 0.10955705998831344, 0.10963093548837054, 0.10988246930138575, 0.11007016913709472, 0.1098247976035452, 0.11044322372451315, 0.1106217517964597, 0.11044954594384268, 0.11154591351571429, 0.11178702441769126, 0.1112158918640462, 0.1111192175213308, 0.11096764788405758, 0.11153688742896127, 0.11169664108330601, 0.11167991211970764, 0.11140242871584885, 0.11156157757454116, 0.11166832942730215, 0.11185694999849778, 0.11210168451290892, 0.11184386431378487, 0.11250344058567523, 0.11239601606764504, 0.11253804811434696, 0.1123508935356774, 0.11241105519114077, 0.1126321262213645, 0.11246411951377086, 0.11265835004199731, 0.11290751583599093, 0.11353101757419691, 0.11251297726280757, 0.11306975045663743, 0.11317224262428073, 0.11269382235526687, 0.11281022493296923, 0.11311982230914748, 0.11311932473802497, 0.11315568138128546, 0.11345793774552324, 0.11358018261291075, 0.1138795755990675, 0.11361794337696304, 0.1132332381945065, 0.11348679762999452, 0.11367856087149335, 0.11327135668547503, 0.1133683391872854, 0.11373135665406857, 0.11390108113318814, 0.11354400455247352, 0.11357026642939541, 0.11398365548873758, 0.1139181142499563, 0.11397993084775115, 0.11398371225401781, 0.1135101477165694, 0.11390720926324233, 0.1135182827050788, 0.11361847650617406, 0.11424420908247526, 0.11388006283622372, 0.11420051708399281],