{
  "loss": [
    1.035764535580557,
    1.0069042004639202,
    1.0013581507102565,
    0.9978373288322214,
    0.9873946957439449,
    0.9761850569503971,
    0.97173572957682,
    0.967287306219619,
    0.9646135252531246,
    0.9633381370508879,
    0.9623483305892877,
    0.9613612128065953,
    0.9604334085386114,
    0.9593922489341854,
    0.958209430025581,
    0.9570403373879344,
    0.9559022043672214,
    0.9548684893421131,
    0.9538796366757618,
    0.9529209103857598,
    0.9520654096507857,
    0.9515176184008698,
    0.9505962168780372,
    0.9500955627286854,
    0.9494532144919223,
    0.9487898615208973,
    0.9483494430274005,
    0.9480346896731245,
    0.9477559031794406,
    0.9472756719879472,
    0.9469531588435869,
    0.9468398070293061,
    0.9470186921475715,
    0.9465039583320337,
    0.946247349331411,
    0.946314739101646,
    0.9460741578550046,
    0.9462459411319971,
    0.9461759778106693,
    0.9457447269589896,
    0.9456354329466911,
    0.9456481178520961,
    0.9455916761233364,
    0.9459684901723637,
    0.9456708210390774,
    0.9455502835167806,
    0.945523367809699,
    0.9452671823905502,
    0.9452267524980211,
    0.9453956995583597,
    0.9453392969664057,
    0.9457130044539991,
    0.9451294821015537,
    0.9450900091485206,
    0.9449844738265871,
    0.944869565337919,
    0.9448385582247151,
    0.9447328743219919,
    0.9447717608276007,
    0.9449063854383207,
    0.9448547022402544,
    0.9448573499834843,
    0.9449296291939293,
    0.9447674917110537,
    0.9446571236058234,
    0.9446159194726917,
    0.94451047415483,
    0.9445035584892623,
    0.9444925623166207,
    0.9445660965804851,
    0.9444376562653294,
    0.9445182479882102,
    0.9443785413521485,
    0.944321489185964,
    0.9442521699969006,
    0.9443104869969267,
    0.9443918770108766,
    0.9441763691088284,
    0.9441516212089214,
    0.9442535790277259,
    0.9440912757009351,
    0.944035746952679,
    0.9441591647866714,
    0.944323094445015,
    0.9441550450672088,
    0.9439488819732057,
    0.9439437402374031,
    0.9439777380435139,
    0.943766523958492,
    0.943846639252362,
    0.9441054052215768,
    0.9439355094602742,
    0.9439054494154444,
    0.9437942438974557,
    0.943759587235539,
    0.9440327646192367,
    0.9438622142801181,
    0.9437330023999931,
    0.9436829963100462,
    0.9437065247258286
  ],
  "val_loss": [
    1.0410881042480469,
    1.0322920606560904,
    1.0286752257717255,
    1.024458526476333,
    1.0077602874198461,
    1.0038266519433288,
    0.9992134407775043,
    0.9960257528035064,
    0.9942487157098779,
    0.9932904722483735,
    0.9924976637918655,
    0.9918088080131844,
    0.9912398356825249,
    0.9902415082334928,
    0.9896122355983682,
    0.988927291952856,
    0.9881778465558405,
    0.9875303321777413,
    0.986939904080134,
    0.9862607192231095,
    0.9857528988084837,
    0.9852378085323664,
    0.9846779159759278,
    0.9842694140460393,
    0.9836148355649487,
    0.9833096178699302,
    0.9829664946146751,
    0.9826109055514749,
    0.9824268202803451,
    0.9824343525111403,
    0.9821543832347818,
    0.9819355966293648,
    0.9819241234156639,
    0.9816417304892519,
    0.981519048344599,
    0.9817400022184468,
    0.9815131142803523,
    0.9816964818462389,
    0.9814888598167733,
    0.9813299236232287,
    0.9815537551222326,
    0.9814535564483573,
    0.9814020044183078,
    0.9814545348899005,
    0.9814786334016007,
    0.9814712258234416,
    0.9813249848748995,
    0.9813230413280122,
    0.9813354331064442,
    0.9813706145438974,
    0.9814784499608218,
    0.981413481986686,
    0.9812449184182572,
    0.9812830316421648,
    0.9814413364075091,
    0.9814301508746736,
    0.9813361823830975,
    0.9811216399549894,
    0.9812997778256735,
    0.9811548440968065,
    0.9812768082640487,
    0.981091220901437,
    0.9812412221137792,
    0.9810670088959611,
    0.9811572225670836,
    0.9809409235710422,
    0.9811009721124553,
    0.9810276905151263,
    0.9809321404592087,
    0.9808785733022646,
    0.9808602967218721,
    0.9808623363438262,
    0.9807100568187835,
    0.9809542399018867,
    0.9808170569541792,
    0.9807010048056302,
    0.9809005734038679,
    0.9807403297184809,
    0.9806588229523402,
    0.9805764564096111,
    0.9806322000886751,
    0.9805942969779445,
    0.9806830052915774,
    0.9807848666356579,
    0.9805537679968359,
    0.9805873978083537,
    0.9803324782685058,
    0.9802628739239418,
    0.980336082580427,
    0.9803393638297303,
    0.9805430086780357,
    0.9803720473154495,
    0.9803838871385409,
    0.9802576496720858,
    0.980246495438493,
    0.9803275542172123,
    0.9802783654160696,
    0.9803883645632495,
    0.9800996138080614,
    0.9801615011202146
  ]
}